2026-01-09 20:32:35:3235 [33mwarn[39m: [33mEmailService: SENDGRID_API_KEY missing. Using MOCK mode (logging emails).[39m
2026-01-10 06:19:20:1920 [33mwarn[39m: [33mEmailService: SENDGRID_API_KEY missing. Using MOCK mode (logging emails).[39m
2026-01-10 06:22:13:2213 [33mwarn[39m: [33mEmailService: SENDGRID_API_KEY missing. Using MOCK mode (logging emails).[39m
2026-01-10 17:52:57:5257 [33mwarn[39m: [33mEmailService: SENDGRID_API_KEY missing. Using MOCK mode (logging emails).[39m
2026-01-12 01:08:09:89 [33mwarn[39m: [33mEmailService: SENDGRID_API_KEY missing. Using MOCK mode (logging emails).[39m
2026-01-12 01:30:57:3057 [33mwarn[39m: [33mEmailService: SENDGRID_API_KEY missing. Using MOCK mode (logging emails).[39m
2026-01-12 01:37:38:3738 [33mwarn[39m: [33mEmailService: SENDGRID_API_KEY missing. Using MOCK mode (logging emails).[39m
2026-01-12 09:56:46:5646 [33mwarn[39m: [33mEmailService: SENDGRID_API_KEY missing. Using MOCK mode (logging emails).[39m
2026-01-12 10:58:46:5846 [33mwarn[39m: [33mEmailService: SENDGRID_API_KEY missing. Using MOCK mode (logging emails).[39m
2026-01-12 11:10:18:1018 [33mwarn[39m: [33mEmailService: SENDGRID_API_KEY missing. Using MOCK mode (logging emails).[39m
2026-01-12 11:17:37:1737 [32minfo[39m: [32m---------------- MOCK EMAIL ----------------[39m
2026-01-12 11:17:37:1737 [32minfo[39m: [32mTo: success@kangqore.com[39m
2026-01-12 11:17:37:1737 [32minfo[39m: [32mSubject: We received your message - Kangqore[39m
2026-01-12 11:17:37:1737 [32minfo[39m: [32mBody: [39m
2026-01-12 11:17:37:1737 [32minfo[39m: [32m--------------------------------------------[39m
2026-01-12 11:17:37:1737 [32minfo[39m: [32m---------------- MOCK EMAIL ----------------[39m
2026-01-12 11:17:37:1737 [32minfo[39m: [32mTo: admin@kangqore.com[39m
2026-01-12 11:17:37:1737 [32minfo[39m: [32mSubject: New Contact Form: Partners[39m
2026-01-12 11:17:37:1737 [32minfo[39m: [32mBody: [39m
2026-01-12 11:17:37:1737 [32minfo[39m: [32m--------------------------------------------[39m
2026-01-12 11:33:35:3335 [32minfo[39m: [32m---------------- MOCK EMAIL ----------------[39m
2026-01-12 11:33:36:3336 [32minfo[39m: [32mTo: success@kangqore.com[39m
2026-01-12 11:33:36:3336 [32minfo[39m: [32mSubject: We received your message - Kangqore[39m
2026-01-12 11:33:36:3336 [32minfo[39m: [32mBody: [39m
2026-01-12 11:33:36:3336 [32minfo[39m: [32m--------------------------------------------[39m
2026-01-12 11:33:36:3336 [32minfo[39m: [32m---------------- MOCK EMAIL ----------------[39m
2026-01-12 11:33:36:3336 [32minfo[39m: [32mTo: admin@kangqore.com[39m
2026-01-12 11:33:36:3336 [32minfo[39m: [32mSubject: New Contact Form: Partners[39m
2026-01-12 11:33:36:3336 [32minfo[39m: [32mBody: [39m
2026-01-12 11:33:36:3336 [32minfo[39m: [32m--------------------------------------------[39m
2026-01-12 11:45:02:452 [32minfo[39m: [32m---------------- MOCK EMAIL ----------------[39m
2026-01-12 11:45:02:452 [32minfo[39m: [32mTo: success@kangqore.com[39m
2026-01-12 11:45:02:452 [32minfo[39m: [32mSubject: We received your message - Kangqore[39m
2026-01-12 11:45:02:452 [32minfo[39m: [32mBody: [39m
2026-01-12 11:45:02:452 [32minfo[39m: [32m--------------------------------------------[39m
2026-01-12 11:45:02:452 [32minfo[39m: [32m---------------- MOCK EMAIL ----------------[39m
2026-01-12 11:45:02:452 [32minfo[39m: [32mTo: admin@kangqore.com[39m
2026-01-12 11:45:02:452 [32minfo[39m: [32mSubject: New Contact Form: Partners[39m
2026-01-12 11:45:02:452 [32minfo[39m: [32mBody: [39m
2026-01-12 11:45:02:452 [32minfo[39m: [32m--------------------------------------------[39m
2026-01-12 13:17:11:1711 [32minfo[39m: [32m---------------- MOCK EMAIL ----------------[39m
2026-01-12 13:17:11:1711 [32minfo[39m: [32mTo: careers@kangqore.com[39m
2026-01-12 13:17:11:1711 [32minfo[39m: [32mSubject: Application Received: Senior Software Engineer - Kangqore[39m
2026-01-12 13:17:11:1711 [32minfo[39m: [32mBody: [39m
2026-01-12 13:17:11:1711 [32minfo[39m: [32m--------------------------------------------[39m
2026-01-12 13:17:11:1711 [32minfo[39m: [32m---------------- MOCK EMAIL ----------------[39m
2026-01-12 13:17:11:1711 [32minfo[39m: [32mTo: hr@kangqore.com[39m
2026-01-12 13:17:11:1711 [32minfo[39m: [32mSubject: New Job Application: Senior Software Engineer - Careers Test[39m
2026-01-12 13:17:11:1711 [32minfo[39m: [32mBody: [39m
2026-01-12 13:17:11:1711 [32minfo[39m: [32m--------------------------------------------[39m
2026-01-12 13:20:10:2010 [32minfo[39m: [32m---------------- MOCK EMAIL ----------------[39m
2026-01-12 13:20:10:2010 [32minfo[39m: [32mTo: consult-api@kangqore.com[39m
2026-01-12 13:20:10:2010 [32minfo[39m: [32mSubject: Consultation Request Received - Kangqore[39m
2026-01-12 13:20:10:2010 [32minfo[39m: [32mBody: [39m
2026-01-12 13:20:10:2010 [32minfo[39m: [32m--------------------------------------------[39m
2026-01-12 13:20:10:2010 [32minfo[39m: [32m---------------- MOCK EMAIL ----------------[39m
2026-01-12 13:20:10:2010 [32minfo[39m: [32mTo: admin@kangqore.com[39m
2026-01-12 13:20:10:2010 [32minfo[39m: [32mSubject: New Consultation Request from Consultation API Test[39m
2026-01-12 13:20:10:2010 [32minfo[39m: [32mBody: [39m
2026-01-12 13:20:10:2010 [32minfo[39m: [32m--------------------------------------------[39m
2026-01-12 13:49:43:4943 [33mwarn[39m: [33mEmailService: SENDGRID_API_KEY missing. Using MOCK mode (logging emails).[39m
2026-01-12 13:50:03:503 [33mwarn[39m: [33mEmailService: SENDGRID_API_KEY missing. Using MOCK mode (logging emails).[39m
2026-01-12 15:08:46:846 [32minfo[39m: [32m---------------- MOCK EMAIL ----------------[39m
2026-01-12 15:08:46:846 [32minfo[39m: [32mTo: mahesh.jsr97@gmail.com[39m
2026-01-12 15:08:46:846 [32minfo[39m: [32mSubject: We received your message - Kangqore[39m
2026-01-12 15:08:46:846 [32minfo[39m: [32mBody: [39m
2026-01-12 15:08:46:846 [32minfo[39m: [32m--------------------------------------------[39m
2026-01-12 15:08:46:846 [32minfo[39m: [32m---------------- MOCK EMAIL ----------------[39m
2026-01-12 15:08:46:846 [32minfo[39m: [32mTo: admin@kangqore.com[39m
2026-01-12 15:08:46:846 [32minfo[39m: [32mSubject: New Contact Form: Investor Relations[39m
2026-01-12 15:08:46:846 [32minfo[39m: [32mBody: [39m
2026-01-12 15:08:46:846 [32minfo[39m: [32m--------------------------------------------[39m
2026-01-12 15:10:19:1019 [33mwarn[39m: [33mEmailService: SENDGRID_API_KEY missing. Using MOCK mode (logging emails).[39m
2026-01-12 15:11:01:111 [33mwarn[39m: [33mEmailService: SENDGRID_API_KEY missing. Using MOCK mode (logging emails).[39m
2026-01-12 15:12:18:1218 [33mwarn[39m: [33mEmailService: SENDGRID_API_KEY missing. Using MOCK mode (logging emails).[39m
2026-01-12 15:13:06:136 [33mwarn[39m: [33mEmailService: SENDGRID_API_KEY missing. Using MOCK mode (logging emails).[39m
2026-01-12 15:13:40:1340 [33mwarn[39m: [33mEmailService: SENDGRID_API_KEY missing. Using MOCK mode (logging emails).[39m
2026-01-12 15:25:21:2521 [33mwarn[39m: [33mEmailService: SENDGRID_API_KEY missing. Using MOCK mode (logging emails).[39m
2026-01-12 15:48:39:4839 [32minfo[39m: [32m---------------- MOCK EMAIL ----------------[39m
2026-01-12 15:48:39:4839 [32minfo[39m: [32mTo: priyankadas427@gmail.com[39m
2026-01-12 15:48:39:4839 [32minfo[39m: [32mSubject: Application Received: Data Scientist - Kangqore[39m
2026-01-12 15:48:39:4839 [32minfo[39m: [32mBody: [39m
2026-01-12 15:48:39:4839 [32minfo[39m: [32m--------------------------------------------[39m
2026-01-12 15:48:39:4839 [32minfo[39m: [32m---------------- MOCK EMAIL ----------------[39m
2026-01-12 15:48:39:4839 [32minfo[39m: [32mTo: hr@kangqore.com[39m
2026-01-12 15:48:39:4839 [32minfo[39m: [32mSubject: New Job Application: Data Scientist - Priyanka Das[39m
2026-01-12 15:48:39:4839 [32minfo[39m: [32mBody: [39m
2026-01-12 15:48:39:4839 [32minfo[39m: [32m--------------------------------------------[39m
2026-01-12 16:17:47:1747 [32minfo[39m: [32m---------------- MOCK EMAIL ----------------[39m
2026-01-12 16:17:47:1747 [32minfo[39m: [32mTo: mahesh.jsr97@gmail.com[39m
2026-01-12 16:17:47:1747 [32minfo[39m: [32mSubject: Consultation Request Received - Kangqore[39m
2026-01-12 16:17:47:1747 [32minfo[39m: [32mBody: [39m
2026-01-12 16:17:47:1747 [32minfo[39m: [32m--------------------------------------------[39m
2026-01-12 16:17:47:1747 [32minfo[39m: [32m---------------- MOCK EMAIL ----------------[39m
2026-01-12 16:17:47:1747 [32minfo[39m: [32mTo: admin@kangqore.com[39m
2026-01-12 16:17:47:1747 [32minfo[39m: [32mSubject: New Consultation Request from mangesh[39m
2026-01-12 16:17:47:1747 [32minfo[39m: [32mBody: [39m
2026-01-12 16:17:47:1747 [32minfo[39m: [32m--------------------------------------------[39m
2026-01-12 16:27:52:2752 [33mwarn[39m: [33mEmailService: SENDGRID_API_KEY missing. Using MOCK mode (logging emails).[39m
2026-01-12 16:33:16:3316 [33mwarn[39m: [33mEmailService: SENDGRID_API_KEY missing. Using MOCK mode (logging emails).[39m
2026-01-12 16:48:07:487 [33mwarn[39m: [33mEmailService: SENDGRID_API_KEY missing. Using MOCK mode (logging emails).[39m
2026-01-12 16:48:22:4822 [33mwarn[39m: [33mEmailService: SENDGRID_API_KEY missing. Using MOCK mode (logging emails).[39m
2026-01-12 16:48:58:4858 [33mwarn[39m: [33mEmailService: SENDGRID_API_KEY missing. Using MOCK mode (logging emails).[39m
2026-01-12 16:53:36:5336 [33mwarn[39m: [33mEmailService: SENDGRID_API_KEY missing. Using MOCK mode (logging emails).[39m
2026-01-12 17:11:11:1111 [33mwarn[39m: [33mEmailService: SENDGRID_API_KEY missing. Using MOCK mode (logging emails).[39m
2026-01-12 17:11:42:1142 [33mwarn[39m: [33mEmailService: SENDGRID_API_KEY missing. Using MOCK mode (logging emails).[39m
2026-01-12 17:11:58:1158 [33mwarn[39m: [33mEmailService: SENDGRID_API_KEY missing. Using MOCK mode (logging emails).[39m
2026-01-12 18:25:39:2539 [33mwarn[39m: [33mEmailService: SENDGRID_API_KEY missing. Using MOCK mode (logging emails).[39m
2026-01-12 18:26:20:2620 [33mwarn[39m: [33mEmailService: SENDGRID_API_KEY missing. Using MOCK mode (logging emails).[39m
2026-01-12 18:27:06:276 [33mwarn[39m: [33mEmailService: SENDGRID_API_KEY missing. Using MOCK mode (logging emails).[39m
2026-01-12 18:34:32:3432 [33mwarn[39m: [33mEmailService: SENDGRID_API_KEY missing. Using MOCK mode (logging emails).[39m
2026-01-12 19:08:12:812 [33mwarn[39m: [33mEmailService: SENDGRID_API_KEY missing. Using MOCK mode (logging emails).[39m
2026-01-12 19:10:10:1010 [33mwarn[39m: [33mEmailService: SENDGRID_API_KEY missing. Using MOCK mode (logging emails).[39m
2026-01-12 19:23:30:2330 [33mwarn[39m: [33mEmailService: SENDGRID_API_KEY missing. Using MOCK mode (logging emails).[39m
2026-01-12 19:23:39:2339 [33mwarn[39m: [33mEmailService: SENDGRID_API_KEY missing. Using MOCK mode (logging emails).[39m
2026-01-12 19:23:47:2347 [33mwarn[39m: [33mEmailService: SENDGRID_API_KEY missing. Using MOCK mode (logging emails).[39m
2026-01-12 19:26:25:2625 [33mwarn[39m: [33mEmailService: SENDGRID_API_KEY missing. Using MOCK mode (logging emails).[39m
2026-01-12 19:26:33:2633 [33mwarn[39m: [33mEmailService: SENDGRID_API_KEY missing. Using MOCK mode (logging emails).[39m
2026-01-12 19:27:58:2758 [33mwarn[39m: [33mEmailService: SENDGRID_API_KEY missing. Using MOCK mode (logging emails).[39m
2026-01-12 19:33:45:3345 [33mwarn[39m: [33mEmailService: SENDGRID_API_KEY missing. Using MOCK mode (logging emails).[39m
2026-01-12 19:33:57:3357 [33mwarn[39m: [33mEmailService: SENDGRID_API_KEY missing. Using MOCK mode (logging emails).[39m
2026-01-12 19:36:00:360 [33mwarn[39m: [33mEmailService: SENDGRID_API_KEY missing. Using MOCK mode (logging emails).[39m
2026-01-12 19:36:06:366 [33mwarn[39m: [33mEmailService: SENDGRID_API_KEY missing. Using MOCK mode (logging emails).[39m
2026-01-12 19:36:10:3610 [33mwarn[39m: [33mEmailService: SENDGRID_API_KEY missing. Using MOCK mode (logging emails).[39m
2026-01-12 19:37:05:375 [33mwarn[39m: [33mEmailService: SENDGRID_API_KEY missing. Using MOCK mode (logging emails).[39m
2026-01-12 19:37:22:3722 [33mwarn[39m: [33mEmailService: SENDGRID_API_KEY missing. Using MOCK mode (logging emails).[39m
2026-01-12 19:37:29:3729 [33mwarn[39m: [33mEmailService: SENDGRID_API_KEY missing. Using MOCK mode (logging emails).[39m
2026-01-12 19:47:41:4741 [33mwarn[39m: [33mEmailService: SENDGRID_API_KEY missing. Using MOCK mode (logging emails).[39m
2026-01-12 19:50:27:5027 [33mwarn[39m: [33mEmailService: SENDGRID_API_KEY missing. Using MOCK mode (logging emails).[39m
2026-01-12 20:27:10:2710 [33mwarn[39m: [33mEmailService: SENDGRID_API_KEY missing. Using MOCK mode (logging emails).[39m
2026-01-12 22:13:28:1328 [33mwarn[39m: [33mEmailService: SENDGRID_API_KEY missing. Using MOCK mode (logging emails).[39m
2026-01-12 22:56:03:563 [33mwarn[39m: [33mEmailService: SENDGRID_API_KEY missing. Using MOCK mode (logging emails).[39m
2026-01-12 23:01:24:124 [33mwarn[39m: [33mEmailService: SENDGRID_API_KEY missing. Using MOCK mode (logging emails).[39m
2026-01-12 23:24:49:2449 [33mwarn[39m: [33mEmailService: SENDGRID_API_KEY missing. Using MOCK mode (logging emails).[39m
2026-01-13 00:00:32:032 [33mwarn[39m: [33mEmailService: SENDGRID_API_KEY missing. Using MOCK mode (logging emails).[39m
2026-01-13 13:14:15:1415 [33mwarn[39m: [33mEmailService: SENDGRID_API_KEY missing. Using MOCK mode (logging emails).[39m
2026-01-13 13:19:23:1923 [33mwarn[39m: [33mEmailService: SENDGRID_API_KEY missing. Using MOCK mode (logging emails).[39m
2026-01-13 13:51:28:5128 [33mwarn[39m: [33mEmailService: SENDGRID_API_KEY missing. Using MOCK mode (logging emails).[39m
2026-01-13 13:59:27:5927 [33mwarn[39m: [33mEmailService: SENDGRID_API_KEY missing. Using MOCK mode (logging emails).[39m
2026-01-13 13:59:56:5956 [33mwarn[39m: [33mEmailService: SENDGRID_API_KEY missing. Using MOCK mode (logging emails).[39m
2026-01-13 15:41:27:4127 [33mwarn[39m: [33mEmailService: SENDGRID_API_KEY missing. Using MOCK mode (logging emails).[39m
2026-01-13 15:42:29:4229 [33mwarn[39m: [33mEmailService: SENDGRID_API_KEY missing. Using MOCK mode (logging emails).[39m
2026-01-14 03:03:47:347 [33mwarn[39m: [33mEmailService: SENDGRID_API_KEY missing. Using MOCK mode (logging emails).[39m
2026-01-14 09:12:17:1217 [33mwarn[39m: [33mEmailService: SENDGRID_API_KEY missing. Using MOCK mode (logging emails).[39m
2026-01-14 10:04:24:424 [33mwarn[39m: [33mEmailService: SENDGRID_API_KEY missing. Using MOCK mode (logging emails).[39m
2026-01-14 22:58:22:5822 [33mwarn[39m: [33mEmailService: SENDGRID_API_KEY missing. Using MOCK mode (logging emails).[39m
2026-01-14 23:24:17:2417 [33mwarn[39m: [33mEmailService: SENDGRID_API_KEY missing. Using MOCK mode (logging emails).[39m
2026-01-14 23:25:03:253 [33mwarn[39m: [33mEmailService: SENDGRID_API_KEY missing. Using MOCK mode (logging emails).[39m
2026-01-14 23:49:37:4937 [33mwarn[39m: [33mEmailService: SENDGRID_API_KEY missing. Using MOCK mode (logging emails).[39m
2026-01-15 00:05:00:50 [33mwarn[39m: [33mEmailService: SENDGRID_API_KEY missing. Using MOCK mode (logging emails).[39m
2026-01-15 00:20:39:2039 [33mwarn[39m: [33mEmailService: SENDGRID_API_KEY missing. Using MOCK mode (logging emails).[39m
2026-01-15 00:50:43:5043 [33mwarn[39m: [33mEmailService: SENDGRID_API_KEY missing. Using MOCK mode (logging emails).[39m
2026-01-15 03:31:42:3142 [33mwarn[39m: [33mEmailService: SENDGRID_API_KEY missing. Using MOCK mode (logging emails).[39m
2026-01-15 03:45:27:4527 [33mwarn[39m: [33mEmailService: SENDGRID_API_KEY missing. Using MOCK mode (logging emails).[39m
2026-01-15 03:56:18:5618 [33mwarn[39m: [33mEmailService: SENDGRID_API_KEY missing. Using MOCK mode (logging emails).[39m
2026-01-15 04:16:39:1639 [32minfo[39m: [32m---------------- MOCK EMAIL ----------------[39m
2026-01-15 04:16:39:1639 [32minfo[39m: [32mTo: client@kangqore.com[39m
2026-01-15 04:16:39:1639 [32minfo[39m: [32mSubject: Consultation Request Received - Kangqore[39m
2026-01-15 04:16:39:1639 [32minfo[39m: [32mBody: [39m
2026-01-15 04:16:39:1639 [32minfo[39m: [32m--------------------------------------------[39m
2026-01-15 04:16:39:1639 [32minfo[39m: [32m---------------- MOCK EMAIL ----------------[39m
2026-01-15 04:16:39:1639 [32minfo[39m: [32mTo: admin@kangqore.com[39m
2026-01-15 04:16:39:1639 [32minfo[39m: [32mSubject: New Consultation Request from Test User[39m
2026-01-15 04:16:39:1639 [32minfo[39m: [32mBody: [39m
2026-01-15 04:16:39:1639 [32minfo[39m: [32m--------------------------------------------[39m
2026-01-15 04:32:25:3225 [33mwarn[39m: [33mEmailService: SENDGRID_API_KEY missing. Using MOCK mode (logging emails).[39m
2026-01-15 04:40:07:407 [33mwarn[39m: [33mEmailService: SENDGRID_API_KEY missing. Using MOCK mode (logging emails).[39m
2026-01-15 04:41:33:4133 [32minfo[39m: [32m---------------- MOCK EMAIL ----------------[39m
2026-01-15 04:41:33:4133 [32minfo[39m: [32mTo: pikachu.jsr@gmail.com[39m
2026-01-15 04:41:33:4133 [32minfo[39m: [32mSubject: Consultation Request Received - Kangqore[39m
2026-01-15 04:41:33:4133 [32minfo[39m: [32mBody: [39m
2026-01-15 04:41:33:4133 [32minfo[39m: [32m--------------------------------------------[39m
2026-01-15 04:41:33:4133 [32minfo[39m: [32m---------------- MOCK EMAIL ----------------[39m
2026-01-15 04:41:33:4133 [32minfo[39m: [32mTo: admin@kangqore.com[39m
2026-01-15 04:41:33:4133 [32minfo[39m: [32mSubject: New Consultation Request from pikachu[39m
2026-01-15 04:41:33:4133 [32minfo[39m: [32mBody: [39m
2026-01-15 04:41:33:4133 [32minfo[39m: [32m--------------------------------------------[39m
2026-01-15 04:47:31:4731 [33mwarn[39m: [33mEmailService: SENDGRID_API_KEY missing. Using MOCK mode (logging emails).[39m
2026-01-15 04:54:19:5419 [33mwarn[39m: [33mEmailService: SENDGRID_API_KEY missing. Using MOCK mode (logging emails).[39m
2026-01-15 05:00:40:040 [33mwarn[39m: [33mEmailService: SENDGRID_API_KEY missing. Using MOCK mode (logging emails).[39m
2026-01-15 05:02:13:213 [32minfo[39m: [32m---------------- MOCK EMAIL ----------------[39m
2026-01-15 05:02:13:213 [32minfo[39m: [32mTo: pikachu.jsr@gmail.com[39m
2026-01-15 05:02:13:213 [32minfo[39m: [32mSubject: We received your message - Kangqore[39m
2026-01-15 05:02:13:213 [32minfo[39m: [32mBody: [39m
2026-01-15 05:02:13:213 [32minfo[39m: [32m--------------------------------------------[39m
2026-01-15 05:02:13:213 [32minfo[39m: [32m---------------- MOCK EMAIL ----------------[39m
2026-01-15 05:02:13:213 [32minfo[39m: [32mTo: admin@kangqore.com[39m
2026-01-15 05:02:13:213 [32minfo[39m: [32mSubject: New Contact Form: Career Seekers[39m
2026-01-15 05:02:13:213 [32minfo[39m: [32mBody: [39m
2026-01-15 05:02:13:213 [32minfo[39m: [32m--------------------------------------------[39m
2026-01-15 05:12:41:1241 [32minfo[39m: [32m---------------- MOCK EMAIL ----------------[39m
2026-01-15 05:12:41:1241 [32minfo[39m: [32mTo: pikachu.jsr@gmail.com[39m
2026-01-15 05:12:41:1241 [32minfo[39m: [32mSubject: We received your message - Kangqore[39m
2026-01-15 05:12:41:1241 [32minfo[39m: [32mBody: [39m
2026-01-15 05:12:41:1241 [32minfo[39m: [32m--------------------------------------------[39m
2026-01-15 05:12:41:1241 [32minfo[39m: [32m---------------- MOCK EMAIL ----------------[39m
2026-01-15 05:12:41:1241 [32minfo[39m: [32mTo: admin@kangqore.com[39m
2026-01-15 05:12:41:1241 [32minfo[39m: [32mSubject: New Contact Form: Career Seekers[39m
2026-01-15 05:12:41:1241 [32minfo[39m: [32mBody: [39m
2026-01-15 05:12:41:1241 [32minfo[39m: [32m--------------------------------------------[39m
2026-01-15 05:21:43:2143 [32minfo[39m: [32m---------------- MOCK EMAIL ----------------[39m
2026-01-15 05:21:43:2143 [32minfo[39m: [32mTo: toast@verify.com[39m
2026-01-15 05:21:43:2143 [32minfo[39m: [32mSubject: We received your message - Kangqore[39m
2026-01-15 05:21:43:2143 [32minfo[39m: [32mBody: [39m
2026-01-15 05:21:43:2143 [32minfo[39m: [32m--------------------------------------------[39m
2026-01-15 05:21:43:2143 [32minfo[39m: [32m---------------- MOCK EMAIL ----------------[39m
2026-01-15 05:21:43:2143 [32minfo[39m: [32mTo: admin@kangqore.com[39m
2026-01-15 05:21:43:2143 [32minfo[39m: [32mSubject: New Contact Form: Career Seekers[39m
2026-01-15 05:21:43:2143 [32minfo[39m: [32mBody: [39m
2026-01-15 05:21:43:2143 [32minfo[39m: [32m--------------------------------------------[39m
2026-01-15 05:22:33:2233 [32minfo[39m: [32m---------------- MOCK EMAIL ----------------[39m
2026-01-15 05:22:33:2233 [32minfo[39m: [32mTo: toast@verify.com[39m
2026-01-15 05:22:33:2233 [32minfo[39m: [32mSubject: Consultation Request Received - Kangqore[39m
2026-01-15 05:22:33:2233 [32minfo[39m: [32mBody: [39m
2026-01-15 05:22:33:2233 [32minfo[39m: [32m--------------------------------------------[39m
2026-01-15 05:22:33:2233 [32minfo[39m: [32m---------------- MOCK EMAIL ----------------[39m
2026-01-15 05:22:33:2233 [32minfo[39m: [32mTo: admin@kangqore.com[39m
2026-01-15 05:22:33:2233 [32minfo[39m: [32mSubject: New Consultation Request from Test User[39m
2026-01-15 05:22:33:2233 [32minfo[39m: [32mBody: [39m
2026-01-15 05:22:33:2233 [32minfo[39m: [32m--------------------------------------------[39m
2026-01-15 05:25:52:2552 [33mwarn[39m: [33mEmailService: SENDGRID_API_KEY missing. Using MOCK mode (logging emails).[39m
2026-01-15 05:29:06:296 [33mwarn[39m: [33mEmailService: SENDGRID_API_KEY missing. Using MOCK mode (logging emails).[39m
2026-01-15 05:31:35:3135 [32minfo[39m: [32m---------------- MOCK EMAIL ----------------[39m
2026-01-15 05:31:35:3135 [32minfo[39m: [32mTo: toast@verify.com[39m
2026-01-15 05:31:35:3135 [32minfo[39m: [32mSubject: Consultation Request Received - Kangqore[39m
2026-01-15 05:31:35:3135 [32minfo[39m: [32mBody: [39m
2026-01-15 05:31:35:3135 [32minfo[39m: [32m--------------------------------------------[39m
2026-01-15 05:31:35:3135 [32minfo[39m: [32m---------------- MOCK EMAIL ----------------[39m
2026-01-15 05:31:35:3135 [32minfo[39m: [32mTo: admin@kangqore.com[39m
2026-01-15 05:31:35:3135 [32minfo[39m: [32mSubject: New Consultation Request from Final Success[39m
2026-01-15 05:31:35:3135 [32minfo[39m: [32mBody: [39m
2026-01-15 05:31:35:3135 [32minfo[39m: [32m--------------------------------------------[39m
2026-01-15 05:32:36:3236 [33mwarn[39m: [33mEmailService: SENDGRID_API_KEY missing. Using MOCK mode (logging emails).[39m
2026-01-15 12:15:30:1530 [33mwarn[39m: [33mEmailService: SENDGRID_API_KEY missing. Using MOCK mode (logging emails).[39m
2026-01-15 19:30:23:3023 [33mwarn[39m: [33mEmailService: SENDGRID_API_KEY missing. Using MOCK mode (logging emails).[39m
2026-01-15 20:54:42:5442 [33mwarn[39m: [33mEmailService: SENDGRID_API_KEY missing. Using MOCK mode (logging emails).[39m
2026-01-15 21:35:19:3519 [33mwarn[39m: [33mEmailService: SENDGRID_API_KEY missing. Using MOCK mode (logging emails).[39m
2026-01-15 23:32:12:3212 [33mwarn[39m: [33mEmailService: SENDGRID_API_KEY missing. Using MOCK mode (logging emails).[39m
2026-01-16 01:00:56:056 [33mwarn[39m: [33mEmailService: SENDGRID_API_KEY missing. Using MOCK mode (logging emails).[39m
2026-01-16 10:08:04:84 [33mwarn[39m: [33mEmailService: SENDGRID_API_KEY missing. Using MOCK mode (logging emails).[39m
2026-01-16 10:12:12:1212 [33mwarn[39m: [33mEmailService: SENDGRID_API_KEY missing. Using MOCK mode (logging emails).[39m
2026-01-16 10:15:57:1557 [33mwarn[39m: [33mEmailService: SENDGRID_API_KEY missing. Using MOCK mode (logging emails).[39m
2026-01-16 10:52:36:5236 [33mwarn[39m: [33mEmailService: SENDGRID_API_KEY missing. Using MOCK mode (logging emails).[39m
2026-01-16 14:15:22:1522 [33mwarn[39m: [33mEmailService: SENDGRID_API_KEY missing. Using MOCK mode (logging emails).[39m
2026-01-16 14:16:14:1614 [33mwarn[39m: [33mEmailService: SENDGRID_API_KEY missing. Using MOCK mode (logging emails).[39m
2026-01-16 14:35:24:3524 [33mwarn[39m: [33mEmailService: SENDGRID_API_KEY missing. Using MOCK mode (logging emails).[39m
2026-01-16 15:03:41:341 [32minfo[39m: [32m---------------- MOCK EMAIL ----------------[39m
2026-01-16 15:03:41:341 [32minfo[39m: [32mTo: test@example.com[39m
2026-01-16 15:03:41:341 [32minfo[39m: [32mSubject: We received your message - Kangqore[39m
2026-01-16 15:03:41:341 [32minfo[39m: [32mBody: [39m
2026-01-16 15:03:41:341 [32minfo[39m: [32m--------------------------------------------[39m
2026-01-16 15:03:41:341 [32minfo[39m: [32m---------------- MOCK EMAIL ----------------[39m
2026-01-16 15:03:41:341 [32minfo[39m: [32mTo: admin@kangqore.com[39m
2026-01-16 15:03:41:341 [32minfo[39m: [32mSubject: New Contact Form: No Subject[39m
2026-01-16 15:03:41:341 [32minfo[39m: [32mBody: [39m
2026-01-16 15:03:41:341 [32minfo[39m: [32m--------------------------------------------[39m
2026-01-16 15:15:15:1515 [33mwarn[39m: [33mEmailService: SENDGRID_API_KEY missing. Using MOCK mode (logging emails).[39m
2026-01-16 15:16:14:1614 [32minfo[39m: [32m---------------- MOCK EMAIL ----------------[39m
2026-01-16 15:16:14:1614 [32minfo[39m: [32mTo: valid@test.com[39m
2026-01-16 15:16:14:1614 [32minfo[39m: [32mSubject: We received your message - Kangqore[39m
2026-01-16 15:16:14:1614 [32minfo[39m: [32mBody: [39m
2026-01-16 15:16:14:1614 [32minfo[39m: [32m--------------------------------------------[39m
2026-01-16 15:16:14:1614 [32minfo[39m: [32m---------------- MOCK EMAIL ----------------[39m
2026-01-16 15:16:14:1614 [32minfo[39m: [32mTo: admin@kangqore.com[39m
2026-01-16 15:16:14:1614 [32minfo[39m: [32mSubject: New Contact Form: No Subject[39m
2026-01-16 15:16:14:1614 [32minfo[39m: [32mBody: [39m
2026-01-16 15:16:14:1614 [32minfo[39m: [32m--------------------------------------------[39m
2026-01-16 15:22:07:227 [32minfo[39m: [32m---------------- MOCK EMAIL ----------------[39m
2026-01-16 15:22:07:227 [32minfo[39m: [32mTo: test@example.com[39m
2026-01-16 15:22:07:227 [32minfo[39m: [32mSubject: We received your message - Kangqore[39m
2026-01-16 15:22:07:227 [32minfo[39m: [32mBody: [39m
2026-01-16 15:22:07:227 [32minfo[39m: [32m--------------------------------------------[39m
2026-01-16 15:22:07:227 [32minfo[39m: [32m---------------- MOCK EMAIL ----------------[39m
2026-01-16 15:22:07:227 [32minfo[39m: [32mTo: admin@kangqore.com[39m
2026-01-16 15:22:07:227 [32minfo[39m: [32mSubject: New Contact Form: General Inquiry[39m
2026-01-16 15:22:07:227 [32minfo[39m: [32mBody: [39m
2026-01-16 15:22:07:227 [32minfo[39m: [32m--------------------------------------------[39m
2026-01-16 15:22:44:2244 [32minfo[39m: [32m---------------- MOCK EMAIL ----------------[39m
2026-01-16 15:22:44:2244 [32minfo[39m: [32mTo: test@example.com[39m
2026-01-16 15:22:44:2244 [32minfo[39m: [32mSubject: We received your message - Kangqore[39m
2026-01-16 15:22:44:2244 [32minfo[39m: [32mBody: [39m
2026-01-16 15:22:44:2244 [32minfo[39m: [32m--------------------------------------------[39m
2026-01-16 15:22:44:2244 [32minfo[39m: [32m---------------- MOCK EMAIL ----------------[39m
2026-01-16 15:22:44:2244 [32minfo[39m: [32mTo: admin@kangqore.com[39m
2026-01-16 15:22:44:2244 [32minfo[39m: [32mSubject: New Contact Form: General Inquiry[39m
2026-01-16 15:22:44:2244 [32minfo[39m: [32mBody: [39m
2026-01-16 15:22:44:2244 [32minfo[39m: [32m--------------------------------------------[39m
2026-01-16 15:24:11:2411 [32minfo[39m: [32m---------------- MOCK EMAIL ----------------[39m
2026-01-16 15:24:11:2411 [32minfo[39m: [32mTo: cors@test.com[39m
2026-01-16 15:24:11:2411 [32minfo[39m: [32mSubject: We received your message - Kangqore[39m
2026-01-16 15:24:11:2411 [32minfo[39m: [32mBody: [39m
2026-01-16 15:24:11:2411 [32minfo[39m: [32m--------------------------------------------[39m
2026-01-16 15:24:11:2411 [32minfo[39m: [32m---------------- MOCK EMAIL ----------------[39m
2026-01-16 15:24:11:2411 [32minfo[39m: [32mTo: admin@kangqore.com[39m
2026-01-16 15:24:11:2411 [32minfo[39m: [32mSubject: New Contact Form: No Subject[39m
2026-01-16 15:24:11:2411 [32minfo[39m: [32mBody: [39m
2026-01-16 15:24:11:2411 [32minfo[39m: [32m--------------------------------------------[39m
2026-01-16 15:29:44:2944 [32minfo[39m: [32m---------------- MOCK EMAIL ----------------[39m
2026-01-16 15:29:44:2944 [32minfo[39m: [32mTo: rinadevi74.jsr@gmail.com[39m
2026-01-16 15:29:44:2944 [32minfo[39m: [32mSubject: Consultation Request Received - Kangqore[39m
2026-01-16 15:29:44:2944 [32minfo[39m: [32mBody: [39m
2026-01-16 15:29:44:2944 [32minfo[39m: [32m--------------------------------------------[39m
2026-01-16 15:29:44:2944 [32minfo[39m: [32m---------------- MOCK EMAIL ----------------[39m
2026-01-16 15:29:44:2944 [32minfo[39m: [32mTo: admin@kangqore.com[39m
2026-01-16 15:29:44:2944 [32minfo[39m: [32mSubject: New Consultation Request from Rina Devi[39m
2026-01-16 15:29:44:2944 [32minfo[39m: [32mBody: [39m
2026-01-16 15:29:44:2944 [32minfo[39m: [32m--------------------------------------------[39m
2026-01-16 15:30:23:3023 [32minfo[39m: [32m---------------- MOCK EMAIL ----------------[39m
2026-01-16 15:30:23:3023 [32minfo[39m: [32mTo: rinadevi74.jsr@gmail.com[39m
2026-01-16 15:30:23:3023 [32minfo[39m: [32mSubject: We received your message - Kangqore[39m
2026-01-16 15:30:23:3023 [32minfo[39m: [32mBody: [39m
2026-01-16 15:30:23:3023 [32minfo[39m: [32m--------------------------------------------[39m
2026-01-16 15:30:23:3023 [32minfo[39m: [32m---------------- MOCK EMAIL ----------------[39m
2026-01-16 15:30:23:3023 [32minfo[39m: [32mTo: admin@kangqore.com[39m
2026-01-16 15:30:23:3023 [32minfo[39m: [32mSubject: New Contact Form: Investor Relations[39m
2026-01-16 15:30:23:3023 [32minfo[39m: [32mBody: [39m
2026-01-16 15:30:23:3023 [32minfo[39m: [32m--------------------------------------------[39m
2026-01-16 15:31:50:3150 [33mwarn[39m: [33mEmailService: SENDGRID_API_KEY missing. Using MOCK mode (logging emails).[39m
2026-01-16 15:42:06:426 [33mwarn[39m: [33mEmailService: SENDGRID_API_KEY missing. Using MOCK mode (logging emails).[39m
2026-01-16 16:11:32:1132 [33mwarn[39m: [33mEmailService: SENDGRID_API_KEY missing. Using MOCK mode (logging emails).[39m
2026-01-16 17:19:49:1949 [33mwarn[39m: [33mEmailService: SENDGRID_API_KEY missing. Using MOCK mode (logging emails).[39m
2026-01-16 17:39:11:3911 [32minfo[39m: [32m---------------- MOCK EMAIL ----------------[39m
2026-01-16 17:39:11:3911 [32minfo[39m: [32mTo: pikachu.jsr@gmail.com[39m
2026-01-16 17:39:11:3911 [32minfo[39m: [32mSubject: We received your message - Kangqore[39m
2026-01-16 17:39:11:3911 [32minfo[39m: [32mBody: [39m
2026-01-16 17:39:11:3911 [32minfo[39m: [32m--------------------------------------------[39m
2026-01-16 17:39:11:3911 [32minfo[39m: [32m---------------- MOCK EMAIL ----------------[39m
2026-01-16 17:39:11:3911 [32minfo[39m: [32mTo: admin@kangqore.com[39m
2026-01-16 17:39:11:3911 [32minfo[39m: [32mSubject: New Contact Form: Request for Services[39m
2026-01-16 17:39:11:3911 [32minfo[39m: [32mBody: [39m
2026-01-16 17:39:11:3911 [32minfo[39m: [32m--------------------------------------------[39m
2026-01-16 17:44:40:4440 [33mwarn[39m: [33mEmailService: SENDGRID_API_KEY missing. Using MOCK mode (logging emails).[39m
2026-01-16 18:12:23:1223 [33mwarn[39m: [33mEmailService: SENDGRID_API_KEY missing. Using MOCK mode (logging emails).[39m
2026-01-16 18:13:56:1356 [33mwarn[39m: [33mEmailService: SENDGRID_API_KEY missing. Using MOCK mode (logging emails).[39m
2026-01-16 18:14:07:147 [33mwarn[39m: [33mEmailService: SENDGRID_API_KEY missing. Using MOCK mode (logging emails).[39m
2026-01-16 18:18:13:1813 [33mwarn[39m: [33mEmailService: SENDGRID_API_KEY missing. Using MOCK mode (logging emails).[39m
2026-01-16 18:18:30:1830 [33mwarn[39m: [33mEmailService: SENDGRID_API_KEY missing. Using MOCK mode (logging emails).[39m
2026-01-16 18:32:52:3252 [33mwarn[39m: [33mEmailService: SENDGRID_API_KEY missing. Using MOCK mode (logging emails).[39m
2026-01-16 18:33:09:339 [33mwarn[39m: [33mEmailService: SENDGRID_API_KEY missing. Using MOCK mode (logging emails).[39m
2026-01-16 18:35:14:3514 [33mwarn[39m: [33mEmailService: SENDGRID_API_KEY missing. Using MOCK mode (logging emails).[39m
2026-01-16 18:36:17:3617 [33mwarn[39m: [33mEmailService: SENDGRID_API_KEY missing. Using MOCK mode (logging emails).[39m
2026-01-16 18:38:03:383 [32minfo[39m: [32m---------------- MOCK EMAIL ----------------[39m
2026-01-16 18:38:03:383 [32minfo[39m: [32mTo: pikachu.jsr@gmail.com[39m
2026-01-16 18:38:03:383 [32minfo[39m: [32mSubject: We received your message - Kangqore[39m
2026-01-16 18:38:03:383 [32minfo[39m: [32mBody: [39m
2026-01-16 18:38:03:383 [32minfo[39m: [32m--------------------------------------------[39m
2026-01-16 18:38:03:383 [32minfo[39m: [32m---------------- MOCK EMAIL ----------------[39m
2026-01-16 18:38:03:383 [32minfo[39m: [32mTo: admin@kangqore.com[39m
2026-01-16 18:38:03:383 [32minfo[39m: [32mSubject: New Contact Form: Request for Services[39m
2026-01-16 18:38:03:383 [32minfo[39m: [32mBody: [39m
2026-01-16 18:38:03:383 [32minfo[39m: [32m--------------------------------------------[39m
2026-01-16 18:45:13:4513 [33mwarn[39m: [33mEmailService: SENDGRID_API_KEY missing. Using MOCK mode (logging emails).[39m
2026-01-16 19:27:28:2728 [33mwarn[39m: [33mEmailService: SENDGRID_API_KEY missing. Using MOCK mode (logging emails).[39m
2026-01-16 19:27:38:2738 [33mwarn[39m: [33mEmailService: SENDGRID_API_KEY missing. Using MOCK mode (logging emails).[39m
2026-01-16 19:49:11:4911 [32minfo[39m: [32m---------------- MOCK EMAIL ----------------[39m
2026-01-16 19:49:11:4911 [32minfo[39m: [32mTo: pikachu.jsr@gmail.com[39m
2026-01-16 19:49:11:4911 [32minfo[39m: [32mSubject: Consultation Request Received - Kangqore[39m
2026-01-16 19:49:11:4911 [32minfo[39m: [32mBody: [39m
2026-01-16 19:49:11:4911 [32minfo[39m: [32m--------------------------------------------[39m
2026-01-16 19:49:11:4911 [32minfo[39m: [32m---------------- MOCK EMAIL ----------------[39m
2026-01-16 19:49:11:4911 [32minfo[39m: [32mTo: admin@kangqore.com[39m
2026-01-16 19:49:11:4911 [32minfo[39m: [32mSubject: New Consultation Request from Pikachu Doremon[39m
2026-01-16 19:49:11:4911 [32minfo[39m: [32mBody: [39m
2026-01-16 19:49:11:4911 [32minfo[39m: [32m--------------------------------------------[39m
2026-01-16 19:49:31:4931 [32minfo[39m: [32m---------------- MOCK EMAIL ----------------[39m
2026-01-16 19:49:31:4931 [32minfo[39m: [32mTo: pikachu.jsr@gmail.com[39m
2026-01-16 19:49:31:4931 [32minfo[39m: [32mSubject: Consultation Request Received - Kangqore[39m
2026-01-16 19:49:31:4931 [32minfo[39m: [32mBody: [39m
2026-01-16 19:49:31:4931 [32minfo[39m: [32m--------------------------------------------[39m
2026-01-16 19:49:31:4931 [32minfo[39m: [32m---------------- MOCK EMAIL ----------------[39m
2026-01-16 19:49:31:4931 [32minfo[39m: [32mTo: admin@kangqore.com[39m
2026-01-16 19:49:31:4931 [32minfo[39m: [32mSubject: New Consultation Request from Pikachu Doremon[39m
2026-01-16 19:49:31:4931 [32minfo[39m: [32mBody: [39m
2026-01-16 19:49:31:4931 [32minfo[39m: [32m--------------------------------------------[39m
2026-01-16 20:17:54:1754 [33mwarn[39m: [33mEmailService: SENDGRID_API_KEY missing. Using MOCK mode (logging emails).[39m
2026-01-16 21:03:07:37 [33mwarn[39m: [33mEmailService: SENDGRID_API_KEY missing. Using MOCK mode (logging emails).[39m
2026-01-16 21:08:38:838 [33mwarn[39m: [33mEmailService: SENDGRID_API_KEY missing. Using MOCK mode (logging emails).[39m
2026-01-16 21:10:25:1025 [33mwarn[39m: [33mEmailService: SENDGRID_API_KEY missing. Using MOCK mode (logging emails).[39m
2026-01-16 21:33:27:3327 [32minfo[39m: [32m---------------- MOCK EMAIL ----------------[39m
2026-01-16 21:33:27:3327 [32minfo[39m: [32mTo: rinadevi74.jsr@gmail.com[39m
2026-01-16 21:33:27:3327 [32minfo[39m: [32mSubject: Consultation Request Received - Kangqore[39m
2026-01-16 21:33:27:3327 [32minfo[39m: [32mBody: [39m
2026-01-16 21:33:27:3327 [32minfo[39m: [32m--------------------------------------------[39m
2026-01-16 21:33:27:3327 [32minfo[39m: [32m---------------- MOCK EMAIL ----------------[39m
2026-01-16 21:33:27:3327 [32minfo[39m: [32mTo: admin@kangqore.com[39m
2026-01-16 21:33:27:3327 [32minfo[39m: [32mSubject: New Consultation Request from Rina Devi[39m
2026-01-16 21:33:27:3327 [32minfo[39m: [32mBody: [39m
2026-01-16 21:33:27:3327 [32minfo[39m: [32m--------------------------------------------[39m
2026-01-16 21:48:09:489 [33mwarn[39m: [33mEmailService: SENDGRID_API_KEY missing. Using MOCK mode (logging emails).[39m
2026-01-16 21:50:14:5014 [33mwarn[39m: [33mEmailService: SENDGRID_API_KEY missing. Using MOCK mode (logging emails).[39m
2026-01-16 22:05:15:515 [33mwarn[39m: [33mEmailService: SENDGRID_API_KEY missing. Using MOCK mode (logging emails).[39m
2026-01-16 22:10:47:1047 [33mwarn[39m: [33mEmailService: SENDGRID_API_KEY missing. Using MOCK mode (logging emails).[39m
2026-01-16 22:13:27:1327 [32minfo[39m: [32m---------------- MOCK EMAIL ----------------[39m
2026-01-16 22:13:27:1327 [32minfo[39m: [32mTo: themahi1997@gmail.com[39m
2026-01-16 22:13:27:1327 [32minfo[39m: [32mSubject: We received your message - Kangqore[39m
2026-01-16 22:13:27:1327 [32minfo[39m: [32mBody: [39m
2026-01-16 22:13:27:1327 [32minfo[39m: [32m--------------------------------------------[39m
2026-01-16 22:13:27:1327 [32minfo[39m: [32m---------------- MOCK EMAIL ----------------[39m
2026-01-16 22:13:27:1327 [32minfo[39m: [32mTo: admin@kangqore.com[39m
2026-01-16 22:13:27:1327 [32minfo[39m: [32mSubject: New Contact Form: Partners[39m
2026-01-16 22:13:27:1327 [32minfo[39m: [32mBody: [39m
2026-01-16 22:13:27:1327 [32minfo[39m: [32m--------------------------------------------[39m
2026-01-16 22:13:44:1344 [32minfo[39m: [32m---------------- MOCK EMAIL ----------------[39m
2026-01-16 22:13:44:1344 [32minfo[39m: [32mTo: themahi1997@gmail.com[39m
2026-01-16 22:13:44:1344 [32minfo[39m: [32mSubject: Consultation Request Received - Kangqore[39m
2026-01-16 22:13:44:1344 [32minfo[39m: [32mBody: [39m
2026-01-16 22:13:44:1344 [32minfo[39m: [32m--------------------------------------------[39m
2026-01-16 22:13:44:1344 [32minfo[39m: [32m---------------- MOCK EMAIL ----------------[39m
2026-01-16 22:13:44:1344 [32minfo[39m: [32mTo: admin@kangqore.com[39m
2026-01-16 22:13:44:1344 [32minfo[39m: [32mSubject: New Consultation Request from mks[39m
2026-01-16 22:13:44:1344 [32minfo[39m: [32mBody: [39m
2026-01-16 22:13:44:1344 [32minfo[39m: [32m--------------------------------------------[39m
2026-01-16 22:15:01:151 [33mwarn[39m: [33mEmailService: SENDGRID_API_KEY missing. Using MOCK mode (logging emails).[39m
2026-01-16 22:24:28:2428 [33mwarn[39m: [33mEmailService: SENDGRID_API_KEY missing. Using MOCK mode (logging emails).[39m
2026-01-16 22:46:08:468 [33mwarn[39m: [33mEmailService: SENDGRID_API_KEY missing. Using MOCK mode (logging emails).[39m
2026-01-16 23:42:02:422 [33mwarn[39m: [33mEmailService: SENDGRID_API_KEY missing. Using MOCK mode (logging emails).[39m
2026-01-16 23:47:03:473 [33mwarn[39m: [33mEmailService: SENDGRID_API_KEY missing. Using MOCK mode (logging emails).[39m
2026-01-16 23:49:55:4955 [33mwarn[39m: [33mEmailService: SENDGRID_API_KEY missing. Using MOCK mode (logging emails).[39m
2026-01-16 23:59:43:5943 [33mwarn[39m: [33mEmailService: SENDGRID_API_KEY missing. Using MOCK mode (logging emails).[39m
2026-01-17 00:26:14:2614 [33mwarn[39m: [33mEmailService: SENDGRID_API_KEY missing. Using MOCK mode (logging emails).[39m
2026-01-17 00:27:34:2734 [33mwarn[39m: [33mEmailService: SENDGRID_API_KEY missing. Using MOCK mode (logging emails).[39m
2026-01-17 00:29:17:2917 [33mwarn[39m: [33mEmailService: SENDGRID_API_KEY missing. Using MOCK mode (logging emails).[39m
2026-01-17 00:44:25:4425 [33mwarn[39m: [33mEmailService: SENDGRID_API_KEY missing. Using MOCK mode (logging emails).[39m
2026-01-17 00:45:10:4510 [33mwarn[39m: [33mEmailService: SENDGRID_API_KEY missing. Using MOCK mode (logging emails).[39m
2026-01-17 00:57:25:5725 [33mwarn[39m: [33mEmailService: SENDGRID_API_KEY missing. Using MOCK mode (logging emails).[39m
2026-01-17 01:25:23:2523 [33mwarn[39m: [33mEmailService: SENDGRID_API_KEY missing. Using MOCK mode (logging emails).[39m
2026-01-17 14:10:19:1019 [33mwarn[39m: [33mEmailService: SENDGRID_API_KEY missing. Using MOCK mode (logging emails).[39m
2026-01-17 18:13:01:131 [33mwarn[39m: [33mEmailService: SENDGRID_API_KEY missing. Using MOCK mode (logging emails).[39m
2026-01-17 18:13:58:1358 [33mwarn[39m: [33mEmailService: SENDGRID_API_KEY missing. Using MOCK mode (logging emails).[39m
2026-01-17 20:10:23:1023 [33mwarn[39m: [33mEmailService: SENDGRID_API_KEY missing. Using MOCK mode (logging emails).[39m
2026-01-17 20:10:38:1038 [33mwarn[39m: [33mEmailService: SENDGRID_API_KEY missing. Using MOCK mode (logging emails).[39m
2026-01-17 20:10:55:1055 [33mwarn[39m: [33mEmailService: SENDGRID_API_KEY missing. Using MOCK mode (logging emails).[39m
2026-01-17 20:12:10:1210 [33mwarn[39m: [33mEmailService: SENDGRID_API_KEY missing. Using MOCK mode (logging emails).[39m
2026-01-17 20:18:41:1841 [33mwarn[39m: [33mEmailService: SENDGRID_API_KEY missing. Using MOCK mode (logging emails).[39m
2026-01-17 20:19:01:191 [33mwarn[39m: [33mEmailService: SENDGRID_API_KEY missing. Using MOCK mode (logging emails).[39m
2026-01-17 20:19:59:1959 [33mwarn[39m: [33mEmailService: SENDGRID_API_KEY missing. Using MOCK mode (logging emails).[39m
2026-01-17 20:33:59:3359 [33mwarn[39m: [33mEmailService: SENDGRID_API_KEY missing. Using MOCK mode (logging emails).[39m
2026-01-17 20:34:46:3446 [33mwarn[39m: [33mEmailService: SENDGRID_API_KEY missing. Using MOCK mode (logging emails).[39m
2026-01-17 22:24:46:2446 [33mwarn[39m: [33mEmailService: SENDGRID_API_KEY missing. Using MOCK mode (logging emails).[39m
2026-01-17 22:25:28:2528 [33mwarn[39m: [33mEmailService: SENDGRID_API_KEY missing. Using MOCK mode (logging emails).[39m
2026-01-17 22:33:44:3344 [33mwarn[39m: [33mEmailService: SENDGRID_API_KEY missing. Using MOCK mode (logging emails).[39m
2026-01-17 22:34:10:3410 [33mwarn[39m: [33mEmailService: SENDGRID_API_KEY missing. Using MOCK mode (logging emails).[39m
2026-01-18 00:41:29:4129 [33mwarn[39m: [33mEmailService: SENDGRID_API_KEY missing. Using MOCK mode (logging emails).[39m
2026-01-18 00:44:14:4414 [33mwarn[39m: [33mEmailService: SENDGRID_API_KEY missing. Using MOCK mode (logging emails).[39m
2026-01-18 00:58:01:581 [33mwarn[39m: [33mEmailService: SENDGRID_API_KEY missing. Using MOCK mode (logging emails).[39m
2026-01-18 00:59:08:598 [33mwarn[39m: [33mEmailService: SENDGRID_API_KEY missing. Using MOCK mode (logging emails).[39m
2026-01-18 00:59:42:5942 [33mwarn[39m: [33mEmailService: SENDGRID_API_KEY missing. Using MOCK mode (logging emails).[39m
2026-01-18 00:59:57:5957 [33mwarn[39m: [33mEmailService: SENDGRID_API_KEY missing. Using MOCK mode (logging emails).[39m
2026-01-18 01:02:46:246 [33mwarn[39m: [33mEmailService: SENDGRID_API_KEY missing. Using MOCK mode (logging emails).[39m
2026-01-18 01:35:04:354 [33mwarn[39m: [33mEmailService: SENDGRID_API_KEY missing. Using MOCK mode (logging emails).[39m
2026-01-18 01:35:46:3546 [33mwarn[39m: [33mEmailService: SENDGRID_API_KEY missing. Using MOCK mode (logging emails).[39m
2026-01-18 01:36:17:3617 [33mwarn[39m: [33mEmailService: SENDGRID_API_KEY missing. Using MOCK mode (logging emails).[39m
2026-01-18 01:40:19:4019 [33mwarn[39m: [33mEmailService: SENDGRID_API_KEY missing. Using MOCK mode (logging emails).[39m
2026-01-18 02:29:44:2944 [33mwarn[39m: [33mEmailService: SENDGRID_API_KEY missing. Using MOCK mode (logging emails).[39m
2026-01-18 02:53:39:5339 [33mwarn[39m: [33mEmailService: SENDGRID_API_KEY missing. Using MOCK mode (logging emails).[39m
2026-01-18 12:20:23:2023 [33mwarn[39m: [33mEmailService: SENDGRID_API_KEY missing. Using MOCK mode (logging emails).[39m
2026-01-18 12:21:07:217 [33mwarn[39m: [33mEmailService: SENDGRID_API_KEY missing. Using MOCK mode (logging emails).[39m
2026-01-18 12:21:59:2159 [33mwarn[39m: [33mEmailService: SENDGRID_API_KEY missing. Using MOCK mode (logging emails).[39m
2026-01-18 12:25:56:2556 [33mwarn[39m: [33mEmailService: SENDGRID_API_KEY missing. Using MOCK mode (logging emails).[39m
2026-01-18 20:21:36:2136 [33mwarn[39m: [33mEmailService: SENDGRID_API_KEY missing. Using MOCK mode (logging emails).[39m
2026-01-18 22:12:21:1221 [33mwarn[39m: [33mEmailService: SENDGRID_API_KEY missing. Using MOCK mode (logging emails).[39m
2026-01-18 22:15:35:1535 [33mwarn[39m: [33mEmailService: SENDGRID_API_KEY missing. Using MOCK mode (logging emails).[39m
2026-01-18 22:23:07:237 [33mwarn[39m: [33mEmailService: SENDGRID_API_KEY missing. Using MOCK mode (logging emails).[39m
2026-01-18 22:23:33:2333 [33mwarn[39m: [33mEmailService: SENDGRID_API_KEY missing. Using MOCK mode (logging emails).[39m
2026-01-18 22:41:55:4155 [33mwarn[39m: [33mEmailService: SENDGRID_API_KEY missing. Using MOCK mode (logging emails).[39m
2026-01-18 23:05:04:54 [33mwarn[39m: [33mEmailService: SENDGRID_API_KEY missing. Using MOCK mode (logging emails).[39m
2026-01-18 23:21:27:2127 [33mwarn[39m: [33mEmailService: SENDGRID_API_KEY missing. Using MOCK mode (logging emails).[39m
2026-01-19 14:48:35:4835 [32minfo[39m: [32m---------------- MOCK EMAIL ----------------[39m
2026-01-19 14:48:35:4835 [32minfo[39m: [32mTo: pikachu.jsr@gmail.com[39m
2026-01-19 14:48:35:4835 [32minfo[39m: [32mSubject: Consultation Request Received - Kangqore[39m
2026-01-19 14:48:35:4835 [32minfo[39m: [32mBody: [39m
2026-01-19 14:48:35:4835 [32minfo[39m: [32m--------------------------------------------[39m
2026-01-19 14:48:35:4835 [32minfo[39m: [32m---------------- MOCK EMAIL ----------------[39m
2026-01-19 14:48:35:4835 [32minfo[39m: [32mTo: admin@kangqore.com[39m
2026-01-19 14:48:35:4835 [32minfo[39m: [32mSubject: New Consultation Request from Pikachu Doremon[39m
2026-01-19 14:48:35:4835 [32minfo[39m: [32mBody: [39m
2026-01-19 14:48:35:4835 [32minfo[39m: [32m--------------------------------------------[39m
2026-01-19 22:43:43:4343 [33mwarn[39m: [33mEmailService: SENDGRID_API_KEY missing. Using MOCK mode (logging emails).[39m
2026-01-20 00:03:37:337 [33mwarn[39m: [33mEmailService: SENDGRID_API_KEY missing. Using MOCK mode (logging emails).[39m
2026-01-20 01:35:33:3533 [33mwarn[39m: [33mEmailService: SENDGRID_API_KEY missing. Using MOCK mode (logging emails).[39m
2026-01-20 01:54:03:543 [33mwarn[39m: [33mEmailService: SENDGRID_API_KEY missing. Using MOCK mode (logging emails).[39m
2026-01-20 01:54:49:5449 [33mwarn[39m: [33mEmailService: SENDGRID_API_KEY missing. Using MOCK mode (logging emails).[39m
2026-01-20 01:55:25:5525 [33mwarn[39m: [33mEmailService: SENDGRID_API_KEY missing. Using MOCK mode (logging emails).[39m
2026-01-20 03:23:28:2328 [33mwarn[39m: [33mEmailService: SENDGRID_API_KEY missing. Using MOCK mode (logging emails).[39m
2026-01-20 03:53:03:533 [33mwarn[39m: [33mEmailService: SENDGRID_API_KEY missing. Using MOCK mode (logging emails).[39m
2026-01-20 04:11:16:1116 [33mwarn[39m: [33mEmailService: SENDGRID_API_KEY missing. Using MOCK mode (logging emails).[39m
2026-01-20 04:11:49:1149 [33mwarn[39m: [33mEmailService: SENDGRID_API_KEY missing. Using MOCK mode (logging emails).[39m
2026-01-20 04:12:31:1231 [33mwarn[39m: [33mEmailService: SENDGRID_API_KEY missing. Using MOCK mode (logging emails).[39m
2026-01-20 04:26:39:2639 [33mwarn[39m: [33mEmailService: SENDGRID_API_KEY missing. Using MOCK mode (logging emails).[39m
2026-01-20 04:27:19:2719 [33mwarn[39m: [33mEmailService: SENDGRID_API_KEY missing. Using MOCK mode (logging emails).[39m
2026-01-20 04:31:39:3139 [33mwarn[39m: [33mEmailService: SENDGRID_API_KEY missing. Using MOCK mode (logging emails).[39m
2026-01-20 04:36:08:368 [33mwarn[39m: [33mEmailService: SENDGRID_API_KEY missing. Using MOCK mode (logging emails).[39m
2026-01-20 05:01:08:18 [33mwarn[39m: [33mEmailService: SENDGRID_API_KEY missing. Using MOCK mode (logging emails).[39m
2026-01-20 05:01:56:156 [33mwarn[39m: [33mEmailService: SENDGRID_API_KEY missing. Using MOCK mode (logging emails).[39m
2026-01-20 06:14:07:147 [33mwarn[39m: [33mEmailService: SENDGRID_API_KEY missing. Using MOCK mode (logging emails).[39m
2026-01-20 06:19:35:1935 [33mwarn[39m: [33mEmailService: SENDGRID_API_KEY missing. Using MOCK mode (logging emails).[39m
2026-01-20 06:19:53:1953 [33mwarn[39m: [33mEmailService: SENDGRID_API_KEY missing. Using MOCK mode (logging emails).[39m
2026-01-20 06:20:26:2026 [33mwarn[39m: [33mEmailService: SENDGRID_API_KEY missing. Using MOCK mode (logging emails).[39m
2026-01-20 06:30:43:3043 [33mwarn[39m: [33mEmailService: SENDGRID_API_KEY missing. Using MOCK mode (logging emails).[39m
2026-01-20 16:53:35:5335 [33mwarn[39m: [33mEmailService: SENDGRID_API_KEY missing. Using MOCK mode (logging emails).[39m
2026-01-20 16:56:59:5659 [33mwarn[39m: [33mEmailService: SENDGRID_API_KEY missing. Using MOCK mode (logging emails).[39m
2026-01-20 20:24:43:2443 [32minfo[39m: [32m---------------- MOCK EMAIL ----------------[39m
2026-01-20 20:24:43:2443 [32minfo[39m: [32mTo: themahi1997@gmail.com[39m
2026-01-20 20:24:43:2443 [32minfo[39m: [32mSubject: Consultation Request Received - Kangqore[39m
2026-01-20 20:24:43:2443 [32minfo[39m: [32mBody: [39m
2026-01-20 20:24:43:2443 [32minfo[39m: [32m--------------------------------------------[39m
2026-01-20 20:24:43:2443 [32minfo[39m: [32m---------------- MOCK EMAIL ----------------[39m
2026-01-20 20:24:43:2443 [32minfo[39m: [32mTo: admin@kangqore.com[39m
2026-01-20 20:24:43:2443 [32minfo[39m: [32mSubject: New Consultation Request from mks[39m
2026-01-20 20:24:43:2443 [32minfo[39m: [32mBody: [39m
2026-01-20 20:24:43:2443 [32minfo[39m: [32m--------------------------------------------[39m
2026-01-20 20:39:17:3917 [32minfo[39m: [32m---------------- MOCK EMAIL ----------------[39m
2026-01-20 20:39:17:3917 [32minfo[39m: [32mTo: rinadevi74.jsr@gmail.com[39m
2026-01-20 20:39:17:3917 [32minfo[39m: [32mSubject: Consultation Request Received - Kangqore[39m
2026-01-20 20:39:17:3917 [32minfo[39m: [32mBody: [39m
2026-01-20 20:39:17:3917 [32minfo[39m: [32m--------------------------------------------[39m
2026-01-20 20:39:17:3917 [32minfo[39m: [32m---------------- MOCK EMAIL ----------------[39m
2026-01-20 20:39:17:3917 [32minfo[39m: [32mTo: admin@kangqore.com[39m
2026-01-20 20:39:17:3917 [32minfo[39m: [32mSubject: New Consultation Request from Rina Devi[39m
2026-01-20 20:39:17:3917 [32minfo[39m: [32mBody: [39m
2026-01-20 20:39:17:3917 [32minfo[39m: [32m--------------------------------------------[39m
2026-01-20 20:51:20:5120 [33mwarn[39m: [33mEmailService: SENDGRID_API_KEY missing. Using MOCK mode (logging emails).[39m
2026-01-20 21:02:53:253 [32minfo[39m: [32m---------------- MOCK EMAIL ----------------[39m
2026-01-20 21:02:53:253 [32minfo[39m: [32mTo: rinadevi74.jsr@gmail.com[39m
2026-01-20 21:02:53:253 [32minfo[39m: [32mSubject: Update: Your Consultation has been Rescheduled - Kangqore[39m
2026-01-20 21:02:53:253 [32minfo[39m: [32mBody: [39m
2026-01-20 21:02:53:253 [32minfo[39m: [32m--------------------------------------------[39m
2026-01-20 21:05:36:536 [32minfo[39m: [32m---------------- MOCK EMAIL ----------------[39m
2026-01-20 21:05:36:536 [32minfo[39m: [32mTo: themahi1997@gmail.com[39m
2026-01-20 21:05:36:536 [32minfo[39m: [32mSubject: Update: Your Consultation has been Rescheduled - Kangqore[39m
2026-01-20 21:05:36:536 [32minfo[39m: [32mBody: [39m
2026-01-20 21:05:36:536 [32minfo[39m: [32m--------------------------------------------[39m
2026-01-20 21:17:31:1731 [33mwarn[39m: [33mEmailService: SENDGRID_API_KEY missing. Using MOCK mode (logging emails).[39m
2026-01-20 21:44:45:4445 [32minfo[39m: [32m---------------- MOCK EMAIL ----------------[39m
2026-01-20 21:44:45:4445 [32minfo[39m: [32mTo: rinadevi74.jsr@gmail.com[39m
2026-01-20 21:44:45:4445 [32minfo[39m: [32mSubject: Consultation Request Received - Kangqore[39m
2026-01-20 21:44:45:4445 [32minfo[39m: [32mBody: [39m
2026-01-20 21:44:45:4445 [32minfo[39m: [32m--------------------------------------------[39m
2026-01-20 21:44:45:4445 [32minfo[39m: [32m---------------- MOCK EMAIL ----------------[39m
2026-01-20 21:44:45:4445 [32minfo[39m: [32mTo: admin@kangqore.com[39m
2026-01-20 21:44:45:4445 [32minfo[39m: [32mSubject: New Consultation Request from Rina Devi[39m
2026-01-20 21:44:45:4445 [32minfo[39m: [32mBody: [39m
2026-01-20 21:44:45:4445 [32minfo[39m: [32m--------------------------------------------[39m
2026-01-20 21:45:52:4552 [32minfo[39m: [32mConsultation cmkmsoiab0000o2nz3502ssfx rescheduled to 2026-02-10T10:10. Sending notifications...[39m
2026-01-20 21:45:52:4552 [32minfo[39m: [32m---------------- MOCK EMAIL ----------------[39m
2026-01-20 21:45:52:4552 [32minfo[39m: [32mTo: rinadevi74.jsr@gmail.com[39m
2026-01-20 21:45:52:4552 [32minfo[39m: [32mSubject: Update: Your Consultation has been Rescheduled - Kangqore[39m
2026-01-20 21:45:52:4552 [32minfo[39m: [32mBody: [39m
2026-01-20 21:45:52:4552 [32minfo[39m: [32m--------------------------------------------[39m
2026-01-20 21:45:52:4552 [32minfo[39m: [32mReschedule email sent to rinadevi74.jsr@gmail.com[39m
2026-01-20 21:45:53:4553 [32minfo[39m: [32mIn-app notification created for user cmkgo600z000410t2wzhgaj9j[39m
2026-01-20 21:51:00:510 [33mwarn[39m: [33mEmailService: SENDGRID_API_KEY missing. Using MOCK mode (logging emails).[39m
2026-01-20 22:20:13:2013 [33mwarn[39m: [33mEmailService: SENDGRID_API_KEY missing. Using MOCK mode (logging emails).[39m
2026-01-20 22:20:26:2026 [33mwarn[39m: [33mEmailService: SENDGRID_API_KEY missing. Using MOCK mode (logging emails).[39m
2026-01-20 22:20:42:2042 [33mwarn[39m: [33mEmailService: SENDGRID_API_KEY missing. Using MOCK mode (logging emails).[39m
2026-01-20 23:36:40:3640 [33mwarn[39m: [33mEmailService: SENDGRID_API_KEY missing. Using MOCK mode (logging emails).[39m
2026-01-20 23:41:37:4137 [33mwarn[39m: [33mEmailService: SENDGRID_API_KEY missing. Using MOCK mode (logging emails).[39m
2026-01-21 00:02:26:226 [33mwarn[39m: [33mEmailService: SENDGRID_API_KEY missing. Using MOCK mode (logging emails).[39m
2026-01-21 00:05:24:524 [33mwarn[39m: [33mEmailService: SENDGRID_API_KEY missing. Using MOCK mode (logging emails).[39m
2026-01-21 00:20:52:2052 [32minfo[39m: [32m---------------- MOCK EMAIL ----------------[39m
2026-01-21 00:20:52:2052 [32minfo[39m: [32mTo: themahi1997@gmail.com[39m
2026-01-21 00:20:52:2052 [32minfo[39m: [32mSubject: Consultation Request Received - Kangqore[39m
2026-01-21 00:20:52:2052 [32minfo[39m: [32mBody: [39m
2026-01-21 00:20:52:2052 [32minfo[39m: [32m--------------------------------------------[39m
2026-01-21 00:20:52:2052 [32minfo[39m: [32m---------------- MOCK EMAIL ----------------[39m
2026-01-21 00:20:52:2052 [32minfo[39m: [32mTo: admin@kangqore.com[39m
2026-01-21 00:20:52:2052 [32minfo[39m: [32mSubject: New Consultation Request from mks[39m
2026-01-21 00:20:52:2052 [32minfo[39m: [32mBody: [39m
2026-01-21 00:20:52:2052 [32minfo[39m: [32m--------------------------------------------[39m
2026-01-21 00:26:33:2633 [33mwarn[39m: [33mEmailService: SENDGRID_API_KEY missing. Using MOCK mode (logging emails).[39m
2026-01-21 00:37:39:3739 [32minfo[39m: [32m---------------- MOCK EMAIL ----------------[39m
2026-01-21 00:37:39:3739 [32minfo[39m: [32mTo: themahi1997@gmail.com[39m
2026-01-21 00:37:39:3739 [32minfo[39m: [32mSubject: Consultation Request Received - Kangqore[39m
2026-01-21 00:37:39:3739 [32minfo[39m: [32mBody: [39m
2026-01-21 00:37:39:3739 [32minfo[39m: [32m--------------------------------------------[39m
2026-01-21 00:37:39:3739 [32minfo[39m: [32m---------------- MOCK EMAIL ----------------[39m
2026-01-21 00:37:39:3739 [32minfo[39m: [32mTo: admin@kangqore.com[39m
2026-01-21 00:37:39:3739 [32minfo[39m: [32mSubject: New Consultation Request from mks[39m
2026-01-21 00:37:39:3739 [32minfo[39m: [32mBody: [39m
2026-01-21 00:37:39:3739 [32minfo[39m: [32m--------------------------------------------[39m
2026-01-21 00:38:46:3846 [32minfo[39m: [32mConsultation cmkmyuulf000asvw0eylua7aq rescheduled to 2026-01-30T15:30. Sending notifications...[39m
2026-01-21 00:38:46:3846 [32minfo[39m: [32m---------------- MOCK EMAIL ----------------[39m
2026-01-21 00:38:46:3846 [32minfo[39m: [32mTo: themahi1997@gmail.com[39m
2026-01-21 00:38:46:3846 [32minfo[39m: [32mSubject: Update: Your Consultation has been Rescheduled - Kangqore[39m
2026-01-21 00:38:46:3846 [32minfo[39m: [32mBody: [39m
2026-01-21 00:38:46:3846 [32minfo[39m: [32m--------------------------------------------[39m
2026-01-21 00:38:46:3846 [32minfo[39m: [32mReschedule email sent to themahi1997@gmail.com[39m
2026-01-21 00:38:47:3847 [32minfo[39m: [32mIn-app notification created for user cmkh2m4br000fok22cagmuxyo (PARTNER)[39m
2026-01-21 00:56:43:5643 [33mwarn[39m: [33mEmailService: SENDGRID_API_KEY missing. Using MOCK mode (logging emails).[39m
2026-01-21 01:03:31:331 [33mwarn[39m: [33mEmailService: SENDGRID_API_KEY missing. Using MOCK mode (logging emails).[39m
2026-01-21 04:22:45:2245 [33mwarn[39m: [33mEmailService: SENDGRID_API_KEY missing. Using MOCK mode (logging emails).[39m
2026-01-21 13:09:39:939 [33mwarn[39m: [33mEmailService: SENDGRID_API_KEY missing. Using MOCK mode (logging emails).[39m
2026-01-21 22:01:59:159 [33mwarn[39m: [33mEmailService: SENDGRID_API_KEY missing. Using MOCK mode (logging emails).[39m
2026-01-21 22:04:22:422 [33mwarn[39m: [33mEmailService: SENDGRID_API_KEY missing. Using MOCK mode (logging emails).[39m
2026-01-21 22:07:55:755 [33mwarn[39m: [33mEmailService: SENDGRID_API_KEY missing. Using MOCK mode (logging emails).[39m
2026-01-21 22:09:03:93 [33mwarn[39m: [33mEmailService: SENDGRID_API_KEY missing. Using MOCK mode (logging emails).[39m
2026-01-21 22:24:51:2451 [33mwarn[39m: [33mEmailService: SENDGRID_API_KEY missing. Using MOCK mode (logging emails).[39m
2026-01-21 23:28:15:2815 [32minfo[39m: [32mConsultation cmkmy99po000qxsk72lanl8ml rescheduled to 2026-01-24T12:30. Sending notifications...[39m
2026-01-21 23:28:15:2815 [32minfo[39m: [32m---------------- MOCK EMAIL ----------------[39m
2026-01-21 23:28:15:2815 [32minfo[39m: [32mTo: themahi1997@gmail.com[39m
2026-01-21 23:28:15:2815 [32minfo[39m: [32mSubject: Update: Your Consultation has been Rescheduled - Kangqore[39m
2026-01-21 23:28:15:2815 [32minfo[39m: [32mBody: [39m
2026-01-21 23:28:15:2815 [32minfo[39m: [32m--------------------------------------------[39m
2026-01-21 23:28:15:2815 [32minfo[39m: [32mReschedule email sent to themahi1997@gmail.com[39m
2026-01-21 23:28:15:2815 [32minfo[39m: [32mIn-app notification created for user cmkh2m4br000fok22cagmuxyo (PARTNER)[39m
2026-01-22 20:21:29:2129 [32minfo[39m: [32mConsultation cmkmyuulf000asvw0eylua7aq rescheduled to 2026-01-30T10:00. Sending notifications...[39m
2026-01-22 20:21:29:2129 [32minfo[39m: [32m---------------- MOCK EMAIL ----------------[39m
2026-01-22 20:21:29:2129 [32minfo[39m: [32mTo: themahi1997@gmail.com[39m
2026-01-22 20:21:29:2129 [32minfo[39m: [32mSubject: Update: Your Consultation has been Rescheduled - Kangqore[39m
2026-01-22 20:21:29:2129 [32minfo[39m: [32mBody: [39m
2026-01-22 20:21:29:2129 [32minfo[39m: [32m--------------------------------------------[39m
2026-01-22 20:21:29:2129 [32minfo[39m: [32mReschedule email sent to themahi1997@gmail.com[39m
2026-01-22 20:21:30:2130 [32minfo[39m: [32mIn-app notification created for user cmkh2m4br000fok22cagmuxyo (PARTNER)[39m
2026-01-22 21:30:09:309 [32minfo[39m: [32m---------------- MOCK EMAIL ----------------[39m
2026-01-22 21:30:09:309 [32minfo[39m: [32mTo: themahi1997@gmail.com[39m
2026-01-22 21:30:09:309 [32minfo[39m: [32mSubject: Consultation Request Received - Kangqore[39m
2026-01-22 21:30:09:309 [32minfo[39m: [32mBody: [39m
2026-01-22 21:30:09:309 [32minfo[39m: [32m--------------------------------------------[39m
2026-01-22 21:30:09:309 [32minfo[39m: [32m---------------- MOCK EMAIL ----------------[39m
2026-01-22 21:30:09:309 [32minfo[39m: [32mTo: admin@kangqore.com[39m
2026-01-22 21:30:09:309 [32minfo[39m: [32mSubject: New Consultation Request from Shreya Verma[39m
2026-01-22 21:30:09:309 [32minfo[39m: [32mBody: [39m
2026-01-22 21:30:09:309 [32minfo[39m: [32m--------------------------------------------[39m
2026-01-22 21:32:07:327 [32minfo[39m: [32mConsultation cmkpn1faa0022f0t089266elx rescheduled to 2026-01-30T15:30. Sending notifications...[39m
2026-01-22 21:32:07:327 [32minfo[39m: [32m---------------- MOCK EMAIL ----------------[39m
2026-01-22 21:32:07:327 [32minfo[39m: [32mTo: themahi1997@gmail.com[39m
2026-01-22 21:32:07:327 [32minfo[39m: [32mSubject: Update: Your Consultation has been Rescheduled - Kangqore[39m
2026-01-22 21:32:07:327 [32minfo[39m: [32mBody: [39m
2026-01-22 21:32:07:327 [32minfo[39m: [32m--------------------------------------------[39m
2026-01-22 21:32:07:327 [32minfo[39m: [32mReschedule email sent to themahi1997@gmail.com[39m
2026-01-22 21:32:07:327 [32minfo[39m: [32mIn-app notification created for user cmkh2m4br000fok22cagmuxyo (PARTNER)[39m
2026-01-22 21:39:04:394 [32minfo[39m: [32m---------------- MOCK EMAIL ----------------[39m
2026-01-22 21:39:04:394 [32minfo[39m: [32mTo: themahi1997@gmail.com[39m
2026-01-22 21:39:04:394 [32minfo[39m: [32mSubject: Consultation Request Received - Kangqore[39m
2026-01-22 21:39:04:394 [32minfo[39m: [32mBody: [39m
2026-01-22 21:39:04:394 [32minfo[39m: [32m--------------------------------------------[39m
2026-01-22 21:39:04:394 [32minfo[39m: [32m---------------- MOCK EMAIL ----------------[39m
2026-01-22 21:39:04:394 [32minfo[39m: [32mTo: admin@kangqore.com[39m
2026-01-22 21:39:04:394 [32minfo[39m: [32mSubject: New Consultation Request from Shreya Verma[39m
2026-01-22 21:39:04:394 [32minfo[39m: [32mBody: [39m
2026-01-22 21:39:04:394 [32minfo[39m: [32m--------------------------------------------[39m
2026-01-22 21:39:55:3955 [32minfo[39m: [32mConsultation cmkpncwnj002lf0t0kxdb9xr1 rescheduled to 2026-01-30T09:40. Sending notifications...[39m
2026-01-22 21:39:55:3955 [32minfo[39m: [32m---------------- MOCK EMAIL ----------------[39m
2026-01-22 21:39:55:3955 [32minfo[39m: [32mTo: themahi1997@gmail.com[39m
2026-01-22 21:39:55:3955 [32minfo[39m: [32mSubject: Update: Your Consultation has been Rescheduled - Kangqore[39m
2026-01-22 21:39:55:3955 [32minfo[39m: [32mBody: [39m
2026-01-22 21:39:55:3955 [32minfo[39m: [32m--------------------------------------------[39m
2026-01-22 21:39:55:3955 [32minfo[39m: [32mReschedule email sent to themahi1997@gmail.com[39m
2026-01-22 21:39:55:3955 [32minfo[39m: [32mIn-app notification created for user cmkh2m4br000fok22cagmuxyo (PARTNER)[39m
2026-01-22 23:03:05:35 [32minfo[39m: [32m---------------- MOCK EMAIL ----------------[39m
2026-01-22 23:03:05:35 [32minfo[39m: [32mTo: themahi1997@gmail.com[39m
2026-01-22 23:03:05:35 [32minfo[39m: [32mSubject: Consultation Request Received - Kangqore[39m
2026-01-22 23:03:05:35 [32minfo[39m: [32mBody: [39m
2026-01-22 23:03:05:35 [32minfo[39m: [32m--------------------------------------------[39m
2026-01-22 23:03:05:35 [32minfo[39m: [32m---------------- MOCK EMAIL ----------------[39m
2026-01-22 23:03:05:35 [32minfo[39m: [32mTo: admin@kangqore.com[39m
2026-01-22 23:03:05:35 [32minfo[39m: [32mSubject: New Consultation Request from Shreya Verma[39m
2026-01-22 23:03:05:35 [32minfo[39m: [32mBody: [39m
2026-01-22 23:03:05:35 [32minfo[39m: [32m--------------------------------------------[39m
2026-01-22 23:04:08:48 [32minfo[39m: [32mConsultation cmkpqcye7003cf0t0wca2dhq0 rescheduled to 2026-01-30T17:00. Sending notifications...[39m
2026-01-22 23:04:08:48 [32minfo[39m: [32m---------------- MOCK EMAIL ----------------[39m
2026-01-22 23:04:08:48 [32minfo[39m: [32mTo: themahi1997@gmail.com[39m
2026-01-22 23:04:08:48 [32minfo[39m: [32mSubject: Update: Your Consultation has been Rescheduled - Kangqore[39m
2026-01-22 23:04:08:48 [32minfo[39m: [32mBody: [39m
2026-01-22 23:04:08:48 [32minfo[39m: [32m--------------------------------------------[39m
2026-01-22 23:04:08:48 [32minfo[39m: [32mReschedule email sent to themahi1997@gmail.com[39m
2026-01-22 23:04:09:49 [32minfo[39m: [32mIn-app notification created for user cmkh2m4br000fok22cagmuxyo (PARTNER)[39m
2026-01-23 12:01:23:123 [32minfo[39m: [32m---------------- MOCK EMAIL ----------------[39m
2026-01-23 12:01:23:123 [32minfo[39m: [32mTo: themahi1997@gmail.com[39m
2026-01-23 12:01:23:123 [32minfo[39m: [32mSubject: Consultation Request Received - Kangqore[39m
2026-01-23 12:01:23:123 [32minfo[39m: [32mBody: [39m
2026-01-23 12:01:23:123 [32minfo[39m: [32m--------------------------------------------[39m
2026-01-23 12:01:23:123 [32minfo[39m: [32m---------------- MOCK EMAIL ----------------[39m
2026-01-23 12:01:23:123 [32minfo[39m: [32mTo: admin@kangqore.com[39m
2026-01-23 12:01:23:123 [32minfo[39m: [32mSubject: New Consultation Request from Shreya Verma[39m
2026-01-23 12:01:23:123 [32minfo[39m: [32mBody: [39m
2026-01-23 12:01:23:123 [32minfo[39m: [32m--------------------------------------------[39m
2026-01-23 12:02:46:246 [32minfo[39m: [32mConsultation cmkqi5ti8003tf0t070z3pkcd rescheduled to 2026-02-15T12:00. Sending notifications...[39m
2026-01-23 12:02:46:246 [32minfo[39m: [32m---------------- MOCK EMAIL ----------------[39m
2026-01-23 12:02:46:246 [32minfo[39m: [32mTo: themahi1997@gmail.com[39m
2026-01-23 12:02:46:246 [32minfo[39m: [32mSubject: Update: Your Consultation has been Rescheduled - Kangqore[39m
2026-01-23 12:02:46:246 [32minfo[39m: [32mBody: [39m
2026-01-23 12:02:46:246 [32minfo[39m: [32m--------------------------------------------[39m
2026-01-23 12:02:46:246 [32minfo[39m: [32mReschedule email sent to themahi1997@gmail.com[39m
2026-01-23 12:02:49:249 [32minfo[39m: [32mIn-app notification created for user cmkh2m4br000fok22cagmuxyo (PARTNER)[39m
2026-01-23 12:04:15:415 [32minfo[39m: [32m---------------- MOCK EMAIL ----------------[39m
2026-01-23 12:04:15:415 [32minfo[39m: [32mTo: pikachu.jsr@gmail.com[39m
2026-01-23 12:04:15:415 [32minfo[39m: [32mSubject: Consultation Request Received - Kangqore[39m
2026-01-23 12:04:15:415 [32minfo[39m: [32mBody: [39m
2026-01-23 12:04:15:415 [32minfo[39m: [32m--------------------------------------------[39m
2026-01-23 12:04:15:415 [32minfo[39m: [32m---------------- MOCK EMAIL ----------------[39m
2026-01-23 12:04:15:415 [32minfo[39m: [32mTo: admin@kangqore.com[39m
2026-01-23 12:04:15:415 [32minfo[39m: [32mSubject: New Consultation Request from Pikachu Doremon[39m
2026-01-23 12:04:15:415 [32minfo[39m: [32mBody: [39m
2026-01-23 12:04:15:415 [32minfo[39m: [32m--------------------------------------------[39m
2026-01-23 12:19:16:1916 [32minfo[39m: [32mConsultation cmkqi9iff003wf0t0wawfxkz6 rescheduled to 2026-01-30T15:20. Sending notifications...[39m
2026-01-23 12:19:16:1916 [32minfo[39m: [32m---------------- MOCK EMAIL ----------------[39m
2026-01-23 12:19:16:1916 [32minfo[39m: [32mTo: pikachu.jsr@gmail.com[39m
2026-01-23 12:19:16:1916 [32minfo[39m: [32mSubject: Update: Your Consultation has been Rescheduled - Kangqore[39m
2026-01-23 12:19:16:1916 [32minfo[39m: [32mBody: [39m
2026-01-23 12:19:16:1916 [32minfo[39m: [32m--------------------------------------------[39m
2026-01-23 12:19:16:1916 [32minfo[39m: [32mReschedule email sent to pikachu.jsr@gmail.com[39m
2026-01-23 12:19:16:1916 [32minfo[39m: [32mIn-app notification created for user cmkel0l2y0008fph9aqpq1f0v (CLIENT)[39m
2026-01-23 12:34:25:3425 [33mwarn[39m: [33mEmailService: SENDGRID_API_KEY missing. Using MOCK mode (logging emails).[39m
2026-01-23 14:39:29:3929 [33mwarn[39m: [33mEmailService: SENDGRID_API_KEY missing. Using MOCK mode (logging emails).[39m
2026-01-23 14:39:54:3954 [33mwarn[39m: [33mEmailService: SENDGRID_API_KEY missing. Using MOCK mode (logging emails).[39m
2026-01-23 14:42:58:4258 [33mwarn[39m: [33mEmailService: SENDGRID_API_KEY missing. Using MOCK mode (logging emails).[39m
2026-01-23 15:03:06:36 [33mwarn[39m: [33mEmailService: SENDGRID_API_KEY missing. Using MOCK mode (logging emails).[39m
2026-01-23 15:09:37:937 [33mwarn[39m: [33mEmailService: SENDGRID_API_KEY missing. Using MOCK mode (logging emails).[39m
2026-01-23 15:14:05:145 [33mwarn[39m: [33mEmailService: SENDGRID_API_KEY missing. Using MOCK mode (logging emails).[39m
2026-01-23 15:17:03:173 [33mwarn[39m: [33mEmailService: SENDGRID_API_KEY missing. Using MOCK mode (logging emails).[39m
2026-01-23 15:19:20:1920 [33mwarn[39m: [33mEmailService: SENDGRID_API_KEY missing. Using MOCK mode (logging emails).[39m
2026-01-23 15:22:14:2214 [33mwarn[39m: [33mEmailService: SENDGRID_API_KEY missing. Using MOCK mode (logging emails).[39m
2026-01-23 15:23:53:2353 [33mwarn[39m: [33mEmailService: SENDGRID_API_KEY missing. Using MOCK mode (logging emails).[39m
2026-01-23 15:25:28:2528 [33mwarn[39m: [33mEmailService: SENDGRID_API_KEY missing. Using MOCK mode (logging emails).[39m
2026-01-23 15:26:53:2653 [33mwarn[39m: [33mEmailService: SENDGRID_API_KEY missing. Using MOCK mode (logging emails).[39m
2026-01-23 15:27:21:2721 [33mwarn[39m: [33mEmailService: SENDGRID_API_KEY missing. Using MOCK mode (logging emails).[39m
2026-01-23 15:29:00:290 [33mwarn[39m: [33mEmailService: SENDGRID_API_KEY missing. Using MOCK mode (logging emails).[39m
2026-01-23 15:35:31:3531 [33mwarn[39m: [33mEmailService: SENDGRID_API_KEY missing. Using MOCK mode (logging emails).[39m
2026-01-23 15:40:50:4050 [33mwarn[39m: [33mEmailService: SENDGRID_API_KEY missing. Using MOCK mode (logging emails).[39m
2026-01-23 15:40:59:4059 [33mwarn[39m: [33mEmailService: SENDGRID_API_KEY missing. Using MOCK mode (logging emails).[39m
2026-01-23 16:02:02:22 [33mwarn[39m: [33mEmailService: SENDGRID_API_KEY missing. Using MOCK mode (logging emails).[39m
2026-01-23 16:02:29:229 [33mwarn[39m: [33mEmailService: SENDGRID_API_KEY missing. Using MOCK mode (logging emails).[39m
2026-01-23 17:30:24:3024 [33mwarn[39m: [33mEmailService: SENDGRID_API_KEY missing. Using MOCK mode (logging emails).[39m
2026-01-23 17:31:38:3138 [33mwarn[39m: [33mEmailService: SENDGRID_API_KEY missing. Using MOCK mode (logging emails).[39m
2026-01-23 17:33:14:3314 [33mwarn[39m: [33mEmailService: SENDGRID_API_KEY missing. Using MOCK mode (logging emails).[39m
2026-01-23 17:35:15:3515 [33mwarn[39m: [33mEmailService: SENDGRID_API_KEY missing. Using MOCK mode (logging emails).[39m
2026-01-23 17:40:41:4041 [33mwarn[39m: [33mEmailService: SENDGRID_API_KEY missing. Using MOCK mode (logging emails).[39m
2026-01-23 17:42:32:4232 [33mwarn[39m: [33mEmailService: SENDGRID_API_KEY missing. Using MOCK mode (logging emails).[39m
2026-01-23 18:20:53:2053 [33mwarn[39m: [33mEmailService: SENDGRID_API_KEY missing. Using MOCK mode (logging emails).[39m
2026-01-23 18:42:44:4244 [32minfo[39m: [32m---------------- MOCK EMAIL ----------------[39m
2026-01-23 18:42:44:4244 [32minfo[39m: [32mTo: themahi1997@gmail.com[39m
2026-01-23 18:42:44:4244 [32minfo[39m: [32mSubject: Consultation Request Received - Kangqore[39m
2026-01-23 18:42:44:4244 [32minfo[39m: [32mBody: [39m
2026-01-23 18:42:44:4244 [32minfo[39m: [32m--------------------------------------------[39m
2026-01-23 18:42:44:4244 [32minfo[39m: [32m---------------- MOCK EMAIL ----------------[39m
2026-01-23 18:42:44:4244 [32minfo[39m: [32mTo: admin@kangqore.com[39m
2026-01-23 18:42:44:4244 [32minfo[39m: [32mSubject: New Consultation Request from Shreya Kumari[39m
2026-01-23 18:42:44:4244 [32minfo[39m: [32mBody: [39m
2026-01-23 18:42:44:4244 [32minfo[39m: [32m--------------------------------------------[39m
2026-01-23 18:45:35:4535 [32minfo[39m: [32mConsultation cmkqwhzk30006gabz24dc0uua rescheduled to 2026-01-31T10:45. Sending notifications...[39m
2026-01-23 18:45:35:4535 [32minfo[39m: [32m---------------- MOCK EMAIL ----------------[39m
2026-01-23 18:45:35:4535 [32minfo[39m: [32mTo: themahi1997@gmail.com[39m
2026-01-23 18:45:35:4535 [32minfo[39m: [32mSubject: Update: Your Consultation has been Rescheduled - Kangqore[39m
2026-01-23 18:45:35:4535 [32minfo[39m: [32mBody: [39m
2026-01-23 18:45:35:4535 [32minfo[39m: [32m--------------------------------------------[39m
2026-01-23 18:45:35:4535 [32minfo[39m: [32mReschedule email sent to themahi1997@gmail.com[39m
2026-01-23 18:45:35:4535 [32minfo[39m: [32mIn-app notification created for user cmkh2m4br000fok22cagmuxyo (PARTNER)[39m
2026-01-23 19:00:33:033 [33mwarn[39m: [33mEmailService: SENDGRID_API_KEY missing. Using MOCK mode (logging emails).[39m
2026-01-23 19:26:02:262 [32minfo[39m: [32m---------------- MOCK EMAIL ----------------[39m
2026-01-23 19:26:02:262 [32minfo[39m: [32mTo: themahi1997@gmail.com[39m
2026-01-23 19:26:02:262 [32minfo[39m: [32mSubject: Consultation Request Received - Kangqore[39m
2026-01-23 19:26:02:262 [32minfo[39m: [32mBody: [39m
2026-01-23 19:26:02:262 [32minfo[39m: [32m--------------------------------------------[39m
2026-01-23 19:26:02:262 [32minfo[39m: [32m---------------- MOCK EMAIL ----------------[39m
2026-01-23 19:26:02:262 [32minfo[39m: [32mTo: admin@kangqore.com[39m
2026-01-23 19:26:02:262 [32minfo[39m: [32mSubject: New Consultation Request from Shreya Kumari[39m
2026-01-23 19:26:02:262 [32minfo[39m: [32mBody: [39m
2026-01-23 19:26:02:262 [32minfo[39m: [32m--------------------------------------------[39m
2026-01-23 19:27:05:275 [32minfo[39m: [32mConsultation cmkqy1nw0001mco312b0yncza rescheduled to 2026-01-30T09:30. Sending notifications...[39m
2026-01-23 19:27:05:275 [32minfo[39m: [32m---------------- MOCK EMAIL ----------------[39m
2026-01-23 19:27:05:275 [32minfo[39m: [32mTo: themahi1997@gmail.com[39m
2026-01-23 19:27:05:275 [32minfo[39m: [32mSubject: Update: Your Consultation has been Rescheduled - Kangqore[39m
2026-01-23 19:27:05:275 [32minfo[39m: [32mBody: [39m
2026-01-23 19:27:05:275 [32minfo[39m: [32m--------------------------------------------[39m
2026-01-23 19:27:05:275 [32minfo[39m: [32mReschedule email sent to themahi1997@gmail.com[39m
2026-01-23 19:27:06:276 [32minfo[39m: [32mIn-app notification created for user cmkh2m4br000fok22cagmuxyo (PARTNER)[39m
2026-01-23 19:28:45:2845 [32minfo[39m: [32m---------------- MOCK EMAIL ----------------[39m
2026-01-23 19:28:45:2845 [32minfo[39m: [32mTo: themahi1997@gmail.com[39m
2026-01-23 19:28:45:2845 [32minfo[39m: [32mSubject: Consultation Request Received - Kangqore[39m
2026-01-23 19:28:45:2845 [32minfo[39m: [32mBody: [39m
2026-01-23 19:28:45:2845 [32minfo[39m: [32m--------------------------------------------[39m
2026-01-23 19:28:45:2845 [32minfo[39m: [32m---------------- MOCK EMAIL ----------------[39m
2026-01-23 19:28:45:2845 [32minfo[39m: [32mTo: admin@kangqore.com[39m
2026-01-23 19:28:45:2845 [32minfo[39m: [32mSubject: New Consultation Request from Shreya Kumari[39m
2026-01-23 19:28:45:2845 [32minfo[39m: [32mBody: [39m
2026-01-23 19:28:45:2845 [32minfo[39m: [32m--------------------------------------------[39m
2026-01-23 19:30:14:3014 [32minfo[39m: [32mConsultation cmkqy55z5001nco31bk68f71o rescheduled to 2026-02-05T09:30. Sending notifications...[39m
2026-01-23 19:30:14:3014 [32minfo[39m: [32m---------------- MOCK EMAIL ----------------[39m
2026-01-23 19:30:14:3014 [32minfo[39m: [32mTo: themahi1997@gmail.com[39m
2026-01-23 19:30:14:3014 [32minfo[39m: [32mSubject: Update: Your Consultation has been Rescheduled - Kangqore[39m
2026-01-23 19:30:14:3014 [32minfo[39m: [32mBody: [39m
2026-01-23 19:30:14:3014 [32minfo[39m: [32m--------------------------------------------[39m
2026-01-23 19:30:14:3014 [32minfo[39m: [32mReschedule email sent to themahi1997@gmail.com[39m
2026-01-23 19:30:15:3015 [32minfo[39m: [32mIn-app notification created for user cmkh2m4br000fok22cagmuxyo (PARTNER)[39m
2026-01-23 19:41:33:4133 [33mwarn[39m: [33mEmailService: SENDGRID_API_KEY missing. Using MOCK mode (logging emails).[39m
2026-01-23 19:48:50:4850 [33mwarn[39m: [33mEmailService: SENDGRID_API_KEY missing. Using MOCK mode (logging emails).[39m
2026-01-23 20:26:37:2637 [33mwarn[39m: [33mEmailService: SENDGRID_API_KEY missing. Using MOCK mode (logging emails).[39m
2026-01-23 20:27:30:2730 [33mwarn[39m: [33mEmailService: SENDGRID_API_KEY missing. Using MOCK mode (logging emails).[39m
2026-01-23 20:36:56:3656 [33mwarn[39m: [33mEmailService: SENDGRID_API_KEY missing. Using MOCK mode (logging emails).[39m
2026-01-23 21:05:10:510 [32minfo[39m: [32m---------------- MOCK EMAIL ----------------[39m
2026-01-23 21:05:10:510 [32minfo[39m: [32mTo: themahi1997@gmail.com[39m
2026-01-23 21:05:10:510 [32minfo[39m: [32mSubject: Consultation Request Received - Kangqore[39m
2026-01-23 21:05:10:510 [32minfo[39m: [32mBody: [39m
2026-01-23 21:05:10:510 [32minfo[39m: [32m--------------------------------------------[39m
2026-01-23 21:05:10:510 [32minfo[39m: [32m---------------- MOCK EMAIL ----------------[39m
2026-01-23 21:05:10:510 [32minfo[39m: [32mTo: admin@kangqore.com[39m
2026-01-23 21:05:10:510 [32minfo[39m: [32mSubject: New Consultation Request from Shreya Kumari[39m
2026-01-23 21:05:10:510 [32minfo[39m: [32mBody: [39m
2026-01-23 21:05:10:510 [32minfo[39m: [32m--------------------------------------------[39m
2026-01-23 21:07:20:720 [32minfo[39m: [32mConsultation cmkr1l5w90002s6i3knvhr27i rescheduled to 2026-01-30T15:13. Sending notifications...[39m
2026-01-23 21:07:20:720 [32minfo[39m: [32m---------------- MOCK EMAIL ----------------[39m
2026-01-23 21:07:20:720 [32minfo[39m: [32mTo: themahi1997@gmail.com[39m
2026-01-23 21:07:20:720 [32minfo[39m: [32mSubject: Update: Your Consultation has been Rescheduled - Kangqore[39m
2026-01-23 21:07:20:720 [32minfo[39m: [32mBody: [39m
2026-01-23 21:07:20:720 [32minfo[39m: [32m--------------------------------------------[39m
2026-01-23 21:07:20:720 [32minfo[39m: [32mReschedule email sent to themahi1997@gmail.com[39m
2026-01-23 21:07:20:720 [32minfo[39m: [32mIn-app notification created for user cmkh2m4br000fok22cagmuxyo (PARTNER)[39m
2026-01-23 22:07:00:70 [32minfo[39m: [32m---------------- MOCK EMAIL ----------------[39m
2026-01-23 22:07:00:70 [32minfo[39m: [32mTo: rinadevi74.jsr@gmail.com[39m
2026-01-23 22:07:00:70 [32minfo[39m: [32mSubject: Consultation Request Received - Kangqore[39m
2026-01-23 22:07:00:70 [32minfo[39m: [32mBody: [39m
2026-01-23 22:07:00:70 [32minfo[39m: [32m--------------------------------------------[39m
2026-01-23 22:07:00:70 [32minfo[39m: [32m---------------- MOCK EMAIL ----------------[39m
2026-01-23 22:07:00:70 [32minfo[39m: [32mTo: admin@kangqore.com[39m
2026-01-23 22:07:00:70 [32minfo[39m: [32mSubject: New Consultation Request from Rina Devi[39m
2026-01-23 22:07:00:70 [32minfo[39m: [32mBody: [39m
2026-01-23 22:07:00:70 [32minfo[39m: [32m--------------------------------------------[39m
2026-01-23 22:26:18:2618 [32minfo[39m: [32m---------------- MOCK EMAIL ----------------[39m
2026-01-23 22:26:18:2618 [32minfo[39m: [32mTo: pikachu.jsr@gmail.com[39m
2026-01-23 22:26:18:2618 [32minfo[39m: [32mSubject: Consultation Request Received - Kangqore[39m
2026-01-23 22:26:18:2618 [32minfo[39m: [32mBody: [39m
2026-01-23 22:26:18:2618 [32minfo[39m: [32m--------------------------------------------[39m
2026-01-23 22:26:18:2618 [32minfo[39m: [32m---------------- MOCK EMAIL ----------------[39m
2026-01-23 22:26:18:2618 [32minfo[39m: [32mTo: admin@kangqore.com[39m
2026-01-23 22:26:18:2618 [32minfo[39m: [32mSubject: New Consultation Request from Pikachu Doremon[39m
2026-01-23 22:26:18:2618 [32minfo[39m: [32mBody: [39m
2026-01-23 22:26:18:2618 [32minfo[39m: [32m--------------------------------------------[39m
2026-01-23 22:27:19:2719 [32minfo[39m: [32m---------------- MOCK EMAIL ----------------[39m
2026-01-23 22:27:19:2719 [32minfo[39m: [32mTo: new_JOB@kangqore.com[39m
2026-01-23 22:27:19:2719 [32minfo[39m: [32mSubject: Consultation Request Received - Kangqore[39m
2026-01-23 22:27:19:2719 [32minfo[39m: [32mBody: [39m
2026-01-23 22:27:19:2719 [32minfo[39m: [32m--------------------------------------------[39m
2026-01-23 22:27:19:2719 [32minfo[39m: [32m---------------- MOCK EMAIL ----------------[39m
2026-01-23 22:27:19:2719 [32minfo[39m: [32mTo: admin@kangqore.com[39m
2026-01-23 22:27:19:2719 [32minfo[39m: [32mSubject: New Consultation Request from JOBS[39m
2026-01-23 22:27:19:2719 [32minfo[39m: [32mBody: [39m
2026-01-23 22:27:19:2719 [32minfo[39m: [32m--------------------------------------------[39m
2026-01-23 22:29:43:2943 [32minfo[39m: [32mConsultation cmkr4itaf001ls6i3f3t8feks rescheduled to 2026-01-30T10:30. Sending notifications...[39m
2026-01-23 22:29:43:2943 [32minfo[39m: [32m---------------- MOCK EMAIL ----------------[39m
2026-01-23 22:29:43:2943 [32minfo[39m: [32mTo: new_JOB@kangqore.com[39m
2026-01-23 22:29:43:2943 [32minfo[39m: [32mSubject: Update: Your Consultation has been Rescheduled - Kangqore[39m
2026-01-23 22:29:43:2943 [32minfo[39m: [32mBody: [39m
2026-01-23 22:29:43:2943 [32minfo[39m: [32m--------------------------------------------[39m
2026-01-23 22:29:43:2943 [32minfo[39m: [32mReschedule email sent to new_JOB@kangqore.com[39m
2026-01-23 22:30:29:3029 [32minfo[39m: [32mConsultation cmkr4hhxy001ks6i3p9jqc26l rescheduled to 2026-01-25T13:30. Sending notifications...[39m
2026-01-23 22:30:29:3029 [32minfo[39m: [32m---------------- MOCK EMAIL ----------------[39m
2026-01-23 22:30:29:3029 [32minfo[39m: [32mTo: pikachu.jsr@gmail.com[39m
2026-01-23 22:30:29:3029 [32minfo[39m: [32mSubject: Update: Your Consultation has been Rescheduled - Kangqore[39m
2026-01-23 22:30:29:3029 [32minfo[39m: [32mBody: [39m
2026-01-23 22:30:29:3029 [32minfo[39m: [32m--------------------------------------------[39m
2026-01-23 22:30:29:3029 [32minfo[39m: [32mReschedule email sent to pikachu.jsr@gmail.com[39m
2026-01-23 22:30:29:3029 [32minfo[39m: [32mIn-app notification created for user cmkel0l2y0008fph9aqpq1f0v (CLIENT)[39m
2026-01-23 22:30:57:3057 [32minfo[39m: [32mConsultation cmkr3socq000fs6i36px3fee5 rescheduled to 2026-01-24T12:30. Sending notifications...[39m
2026-01-23 22:30:57:3057 [32minfo[39m: [32m---------------- MOCK EMAIL ----------------[39m
2026-01-23 22:30:57:3057 [32minfo[39m: [32mTo: rinadevi74.jsr@gmail.com[39m
2026-01-23 22:30:57:3057 [32minfo[39m: [32mSubject: Update: Your Consultation has been Rescheduled - Kangqore[39m
2026-01-23 22:30:57:3057 [32minfo[39m: [32mBody: [39m
2026-01-23 22:30:57:3057 [32minfo[39m: [32m--------------------------------------------[39m
2026-01-23 22:30:57:3057 [32minfo[39m: [32mReschedule email sent to rinadevi74.jsr@gmail.com[39m
2026-01-23 22:30:58:3058 [32minfo[39m: [32mIn-app notification created for user cmkgo600z000410t2wzhgaj9j (INVESTOR)[39m
2026-01-23 22:31:20:3120 [32minfo[39m: [32mConsultation cmkr1l5w90002s6i3knvhr27i rescheduled to 2026-01-30T11:45. Sending notifications...[39m
2026-01-23 22:31:20:3120 [32minfo[39m: [32m---------------- MOCK EMAIL ----------------[39m
2026-01-23 22:31:20:3120 [32minfo[39m: [32mTo: themahi1997@gmail.com[39m
2026-01-23 22:31:20:3120 [32minfo[39m: [32mSubject: Update: Your Consultation has been Rescheduled - Kangqore[39m
2026-01-23 22:31:20:3120 [32minfo[39m: [32mBody: [39m
2026-01-23 22:31:20:3120 [32minfo[39m: [32m--------------------------------------------[39m
2026-01-23 22:31:20:3120 [32minfo[39m: [32mReschedule email sent to themahi1997@gmail.com[39m
2026-01-23 22:31:20:3120 [32minfo[39m: [32mIn-app notification created for user cmkh2m4br000fok22cagmuxyo (PARTNER)[39m
2026-01-23 23:11:31:1131 [33mwarn[39m: [33mEmailService: SENDGRID_API_KEY missing. Using MOCK mode (logging emails).[39m
2026-01-24 12:51:14:5114 [33mwarn[39m: [33mEmailService: SENDGRID_API_KEY missing. Using MOCK mode (logging emails).[39m
2026-01-24 22:13:48:1348 [33mwarn[39m: [33mEmailService: SENDGRID_API_KEY missing. Using MOCK mode (logging emails).[39m
2026-01-24 22:14:32:1432 [33mwarn[39m: [33mEmailService: SENDGRID_API_KEY missing. Using MOCK mode (logging emails).[39m
2026-01-24 22:42:34:4234 [33mwarn[39m: [33mEmailService: SENDGRID_API_KEY missing. Using MOCK mode (logging emails).[39m
2026-01-26 19:05:55:555 [33mwarn[39m: [33mEmailService: SENDGRID_API_KEY missing. Using MOCK mode (logging emails).[39m
2026-01-26 19:53:29:5329 [33mwarn[39m: [33mEmailService: SENDGRID_API_KEY missing. Using MOCK mode (logging emails).[39m
2026-01-26 20:50:00:500 [33mwarn[39m: [33mEmailService: SENDGRID_API_KEY missing. Using MOCK mode (logging emails).[39m
2026-01-26 20:51:27:5127 [33mwarn[39m: [33mEmailService: SENDGRID_API_KEY missing. Using MOCK mode (logging emails).[39m
2026-01-26 21:01:02:12 [33mwarn[39m: [33mEmailService: SENDGRID_API_KEY missing. Using MOCK mode (logging emails).[39m
2026-01-27 15:27:21:2721 [33mwarn[39m: [33mEmailService: SENDGRID_API_KEY missing. Using MOCK mode (logging emails).[39m
2026-01-27 17:01:28:128 [33mwarn[39m: [33mEmailService: SENDGRID_API_KEY missing. Using MOCK mode (logging emails).[39m
2026-01-27 17:20:13:2013 [33mwarn[39m: [33mEmailService: SENDGRID_API_KEY missing. Using MOCK mode (logging emails).[39m
2026-01-27 17:20:54:2054 [33mwarn[39m: [33mEmailService: SENDGRID_API_KEY missing. Using MOCK mode (logging emails).[39m
2026-01-27 17:38:03:383 [33mwarn[39m: [33mEmailService: SENDGRID_API_KEY missing. Using MOCK mode (logging emails).[39m
2026-01-27 17:50:57:5057 [33mwarn[39m: [33mEmailService: SENDGRID_API_KEY missing. Using MOCK mode (logging emails).[39m
2026-01-27 17:51:25:5125 [33mwarn[39m: [33mEmailService: SENDGRID_API_KEY missing. Using MOCK mode (logging emails).[39m
2026-01-27 17:53:03:533 [33mwarn[39m: [33mEmailService: SENDGRID_API_KEY missing. Using MOCK mode (logging emails).[39m
2026-01-27 17:55:28:5528 [33mwarn[39m: [33mEmailService: SENDGRID_API_KEY missing. Using MOCK mode (logging emails).[39m
2026-01-27 18:09:30:930 [33mwarn[39m: [33mEmailService: SENDGRID_API_KEY missing. Using MOCK mode (logging emails).[39m
2026-01-27 18:43:50:4350 [33mwarn[39m: [33mEmailService: SENDGRID_API_KEY missing. Using MOCK mode (logging emails).[39m
2026-01-27 19:04:24:424 [33mwarn[39m: [33mEmailService: SENDGRID_API_KEY missing. Using MOCK mode (logging emails).[39m
2026-01-27 19:05:28:528 [33mwarn[39m: [33mEmailService: SENDGRID_API_KEY missing. Using MOCK mode (logging emails).[39m
2026-01-27 19:07:59:759 [33mwarn[39m: [33mEmailService: SENDGRID_API_KEY missing. Using MOCK mode (logging emails).[39m
2026-01-27 20:37:33:3733 [33mwarn[39m: [33mEmailService: SENDGRID_API_KEY missing. Using MOCK mode (logging emails).[39m
2026-01-27 21:13:46:1346 [33mwarn[39m: [33mEmailService: SENDGRID_API_KEY missing. Using MOCK mode (logging emails).[39m
2026-01-27 21:16:32:1632 [33mwarn[39m: [33mEmailService: SENDGRID_API_KEY missing. Using MOCK mode (logging emails).[39m
2026-01-27 21:16:46:1646 [33mwarn[39m: [33mEmailService: SENDGRID_API_KEY missing. Using MOCK mode (logging emails).[39m
2026-01-27 21:17:22:1722 [33mwarn[39m: [33mEmailService: SENDGRID_API_KEY missing. Using MOCK mode (logging emails).[39m
2026-01-27 21:17:46:1746 [33mwarn[39m: [33mEmailService: SENDGRID_API_KEY missing. Using MOCK mode (logging emails).[39m
2026-01-27 21:23:38:2338 [33mwarn[39m: [33mEmailService: SENDGRID_API_KEY missing. Using MOCK mode (logging emails).[39m
2026-01-27 21:28:11:2811 [33mwarn[39m: [33mEmailService: SENDGRID_API_KEY missing. Using MOCK mode (logging emails).[39m
2026-01-27 22:29:49:2949 [33mwarn[39m: [33mEmailService: SENDGRID_API_KEY missing. Using MOCK mode (logging emails).[39m
2026-01-27 22:56:37:5637 [33mwarn[39m: [33mEmailService: SENDGRID_API_KEY missing. Using MOCK mode (logging emails).[39m
2026-01-27 23:09:28:928 [33mwarn[39m: [33mEmailService: SENDGRID_API_KEY missing. Using MOCK mode (logging emails).[39m
2026-01-27 23:31:14:3114 [33mwarn[39m: [33mEmailService: SENDGRID_API_KEY missing. Using MOCK mode (logging emails).[39m
2026-01-27 23:44:09:449 [33mwarn[39m: [33mEmailService: SENDGRID_API_KEY missing. Using MOCK mode (logging emails).[39m
2026-01-28 04:49:47:4947 [33mwarn[39m: [33mEmailService: SENDGRID_API_KEY missing. Using MOCK mode (logging emails).[39m
2026-01-28 04:51:01:511 [33mwarn[39m: [33mEmailService: SENDGRID_API_KEY missing. Using MOCK mode (logging emails).[39m
2026-01-28 04:51:54:5154 [33mwarn[39m: [33mEmailService: SENDGRID_API_KEY missing. Using MOCK mode (logging emails).[39m
2026-01-28 04:54:10:5410 [33mwarn[39m: [33mEmailService: SENDGRID_API_KEY missing. Using MOCK mode (logging emails).[39m
2026-01-28 05:05:20:520 [33mwarn[39m: [33mEmailService: SENDGRID_API_KEY missing. Using MOCK mode (logging emails).[39m
2026-01-28 05:05:37:537 [33mwarn[39m: [33mEmailService: SENDGRID_API_KEY missing. Using MOCK mode (logging emails).[39m
2026-01-28 05:09:32:932 [33mwarn[39m: [33mEmailService: SENDGRID_API_KEY missing. Using MOCK mode (logging emails).[39m
2026-01-28 05:14:13:1413 [33mwarn[39m: [33mEmailService: SENDGRID_API_KEY missing. Using MOCK mode (logging emails).[39m
2026-01-28 15:42:18:4218 [33mwarn[39m: [33mEmailService: SENDGRID_API_KEY missing. Using MOCK mode (logging emails).[39m
2026-01-28 15:51:38:5138 [33mwarn[39m: [33mEmailService: SENDGRID_API_KEY missing. Using MOCK mode (logging emails).[39m
2026-01-28 15:54:00:540 [33mwarn[39m: [33mEmailService: SENDGRID_API_KEY missing. Using MOCK mode (logging emails).[39m
2026-01-28 15:56:02:562 [33mwarn[39m: [33mEmailService: SENDGRID_API_KEY missing. Using MOCK mode (logging emails).[39m
2026-01-28 15:56:18:5618 [33mwarn[39m: [33mEmailService: SENDGRID_API_KEY missing. Using MOCK mode (logging emails).[39m
2026-01-28 15:59:47:5947 [33mwarn[39m: [33mEmailService: SENDGRID_API_KEY missing. Using MOCK mode (logging emails).[39m
2026-01-28 16:01:23:123 [33mwarn[39m: [33mEmailService: SENDGRID_API_KEY missing. Using MOCK mode (logging emails).[39m
2026-01-28 16:13:51:1351 [33mwarn[39m: [33mEmailService: SENDGRID_API_KEY missing. Using MOCK mode (logging emails).[39m
2026-01-28 22:23:15:2315 [33mwarn[39m: [33mEmailService: SENDGRID_API_KEY missing. Using MOCK mode (logging emails).[39m
2026-01-28 23:38:32:3832 [33mwarn[39m: [33mEmailService: SENDGRID_API_KEY missing. Using MOCK mode (logging emails).[39m
2026-01-29 00:03:37:337 [33mwarn[39m: [33mEmailService: SENDGRID_API_KEY missing. Using MOCK mode (logging emails).[39m
2026-01-29 00:23:55:2355 [33mwarn[39m: [33mEmailService: SENDGRID_API_KEY missing. Using MOCK mode (logging emails).[39m
2026-01-29 00:36:29:3629 [33mwarn[39m: [33mEmailService: SENDGRID_API_KEY missing. Using MOCK mode (logging emails).[39m
2026-01-29 01:21:39:2139 [33mwarn[39m: [33mEmailService: SENDGRID_API_KEY missing. Using MOCK mode (logging emails).[39m
2026-01-29 02:36:41:3641 [33mwarn[39m: [33mEmailService: SENDGRID_API_KEY missing. Using MOCK mode (logging emails).[39m
2026-01-29 02:37:12:3712 [33mwarn[39m: [33mEmailService: SENDGRID_API_KEY missing. Using MOCK mode (logging emails).[39m
2026-01-29 14:50:50:5050 [33mwarn[39m: [33mEmailService: SENDGRID_API_KEY missing. Using MOCK mode (logging emails).[39m
2026-01-29 14:54:50:5450 [33mwarn[39m: [33mEmailService: SENDGRID_API_KEY missing. Using MOCK mode (logging emails).[39m
2026-01-29 14:57:45:5745 [33mwarn[39m: [33mEmailService: SENDGRID_API_KEY missing. Using MOCK mode (logging emails).[39m
2026-01-29 15:02:05:25 [33mwarn[39m: [33mEmailService: SENDGRID_API_KEY missing. Using MOCK mode (logging emails).[39m
2026-01-29 15:03:21:321 [33mwarn[39m: [33mEmailService: SENDGRID_API_KEY missing. Using MOCK mode (logging emails).[39m
2026-01-29 15:10:34:1034 [33mwarn[39m: [33mEmailService: SENDGRID_API_KEY missing. Using MOCK mode (logging emails).[39m
2026-01-29 15:10:57:1057 [33mwarn[39m: [33mEmailService: SENDGRID_API_KEY missing. Using MOCK mode (logging emails).[39m
2026-01-29 15:14:20:1420 [33mwarn[39m: [33mEmailService: SENDGRID_API_KEY missing. Using MOCK mode (logging emails).[39m
2026-01-29 15:18:04:184 [33mwarn[39m: [33mEmailService: SENDGRID_API_KEY missing. Using MOCK mode (logging emails).[39m
2026-01-29 15:19:33:1933 [33mwarn[39m: [33mEmailService: SENDGRID_API_KEY missing. Using MOCK mode (logging emails).[39m
2026-01-29 15:56:13:5613 [33mwarn[39m: [33mEmailService: SENDGRID_API_KEY missing. Using MOCK mode (logging emails).[39m
2026-01-29 18:52:59:5259 [33mwarn[39m: [33mEmailService: SENDGRID_API_KEY missing. Using MOCK mode (logging emails).[39m
2026-01-29 18:53:50:5350 [33mwarn[39m: [33mEmailService: SENDGRID_API_KEY missing. Using MOCK mode (logging emails).[39m
2026-01-29 18:58:10:5810 [33mwarn[39m: [33mEmailService: SENDGRID_API_KEY missing. Using MOCK mode (logging emails).[39m
2026-01-29 18:58:28:5828 [33mwarn[39m: [33mEmailService: SENDGRID_API_KEY missing. Using MOCK mode (logging emails).[39m
2026-01-29 19:00:07:07 [33mwarn[39m: [33mEmailService: SENDGRID_API_KEY missing. Using MOCK mode (logging emails).[39m
2026-01-29 19:00:26:026 [33mwarn[39m: [33mEmailService: SENDGRID_API_KEY missing. Using MOCK mode (logging emails).[39m
2026-01-29 19:14:50:1450 [33mwarn[39m: [33mEmailService: SENDGRID_API_KEY missing. Using MOCK mode (logging emails).[39m
2026-01-29 20:50:03:503 [33mwarn[39m: [33mEmailService: SENDGRID_API_KEY missing. Using MOCK mode (logging emails).[39m
2026-01-29 21:06:05:65 [32minfo[39m: [32m---------------- MOCK EMAIL ----------------[39m
2026-01-29 21:06:05:65 [32minfo[39m: [32mTo: pikachu.jsr@gmail.com[39m
2026-01-29 21:06:05:65 [32minfo[39m: [32mSubject: Consultation Request Received - Kangqore[39m
2026-01-29 21:06:05:65 [32minfo[39m: [32mBody: [39m
2026-01-29 21:06:05:65 [32minfo[39m: [32m--------------------------------------------[39m
2026-01-29 21:06:05:65 [32minfo[39m: [32m---------------- MOCK EMAIL ----------------[39m
2026-01-29 21:06:05:65 [32minfo[39m: [32mTo: admin@kangqore.com[39m
2026-01-29 21:06:05:65 [32minfo[39m: [32mSubject: New Consultation Request from Pikachu Doremon[39m
2026-01-29 21:06:05:65 [32minfo[39m: [32mBody: [39m
2026-01-29 21:06:05:65 [32minfo[39m: [32m--------------------------------------------[39m
2026-01-29 21:09:20:920 [32minfo[39m: [32mConsultation cmkzm9gg3000cfkmed1wfgilu rescheduled to 2026-01-31T12:12. Sending notifications...[39m
2026-01-29 21:09:20:920 [32minfo[39m: [32m---------------- MOCK EMAIL ----------------[39m
2026-01-29 21:09:20:920 [32minfo[39m: [32mTo: pikachu.jsr@gmail.com[39m
2026-01-29 21:09:20:920 [32minfo[39m: [32mSubject: Update: Your Consultation has been Rescheduled - Kangqore[39m
2026-01-29 21:09:20:920 [32minfo[39m: [32mBody: [39m
2026-01-29 21:09:20:920 [32minfo[39m: [32m--------------------------------------------[39m
2026-01-29 21:09:20:920 [32minfo[39m: [32mReschedule email sent to pikachu.jsr@gmail.com[39m
2026-01-29 21:09:20:920 [32minfo[39m: [32mIn-app notification created for user cmkel0l2y0008fph9aqpq1f0v (CLIENT)[39m
2026-01-29 21:52:54:5254 [33mwarn[39m: [33mEmailService: SENDGRID_API_KEY missing. Using MOCK mode (logging emails).[39m
2026-01-29 21:53:16:5316 [33mwarn[39m: [33mEmailService: SENDGRID_API_KEY missing. Using MOCK mode (logging emails).[39m
2026-01-29 22:34:35:3435 [33mwarn[39m: [33mEmailService: SENDGRID_API_KEY missing. Using MOCK mode (logging emails).[39m
2026-01-29 22:34:44:3444 [33mwarn[39m: [33mEmailService: SENDGRID_API_KEY missing. Using MOCK mode (logging emails).[39m
2026-01-29 22:35:12:3512 [33mwarn[39m: [33mEmailService: SENDGRID_API_KEY missing. Using MOCK mode (logging emails).[39m
2026-01-29 22:43:50:4350 [33mwarn[39m: [33mEmailService: SENDGRID_API_KEY missing. Using MOCK mode (logging emails).[39m
2026-01-29 22:59:39:5939 [33mwarn[39m: [33mEmailService: SENDGRID_API_KEY missing. Using MOCK mode (logging emails).[39m
2026-01-29 22:59:57:5957 [33mwarn[39m: [33mEmailService: SENDGRID_API_KEY missing. Using MOCK mode (logging emails).[39m
2026-01-29 23:00:17:017 [33mwarn[39m: [33mEmailService: SENDGRID_API_KEY missing. Using MOCK mode (logging emails).[39m
2026-01-29 23:04:57:457 [33mwarn[39m: [33mEmailService: SENDGRID_API_KEY missing. Using MOCK mode (logging emails).[39m
2026-01-29 23:10:02:102 [33mwarn[39m: [33mEmailService: SENDGRID_API_KEY missing. Using MOCK mode (logging emails).[39m
2026-01-29 23:12:52:1252 [33mwarn[39m: [33mEmailService: SENDGRID_API_KEY missing. Using MOCK mode (logging emails).[39m
2026-01-29 23:13:33:1333 [33mwarn[39m: [33mEmailService: SENDGRID_API_KEY missing. Using MOCK mode (logging emails).[39m
2026-01-29 23:14:21:1421 [33mwarn[39m: [33mEmailService: SENDGRID_API_KEY missing. Using MOCK mode (logging emails).[39m
2026-01-29 23:14:37:1437 [33mwarn[39m: [33mEmailService: SENDGRID_API_KEY missing. Using MOCK mode (logging emails).[39m
2026-01-29 23:15:57:1557 [33mwarn[39m: [33mEmailService: SENDGRID_API_KEY missing. Using MOCK mode (logging emails).[39m
2026-01-29 23:19:21:1921 [33mwarn[39m: [33mEmailService: SENDGRID_API_KEY missing. Using MOCK mode (logging emails).[39m
2026-01-29 23:19:27:1927 [33mwarn[39m: [33mEmailService: SENDGRID_API_KEY missing. Using MOCK mode (logging emails).[39m
2026-01-29 23:21:02:212 [33mwarn[39m: [33mEmailService: SENDGRID_API_KEY missing. Using MOCK mode (logging emails).[39m
2026-01-29 23:22:58:2258 [33mwarn[39m: [33mEmailService: SENDGRID_API_KEY missing. Using MOCK mode (logging emails).[39m
2026-01-29 23:23:22:2322 [33mwarn[39m: [33mEmailService: SENDGRID_API_KEY missing. Using MOCK mode (logging emails).[39m
2026-01-29 23:28:00:280 [33mwarn[39m: [33mEmailService: SENDGRID_API_KEY missing. Using MOCK mode (logging emails).[39m
2026-01-29 23:31:46:3146 [33mwarn[39m: [33mEmailService: SENDGRID_API_KEY missing. Using MOCK mode (logging emails).[39m
2026-01-29 23:35:26:3526 [33mwarn[39m: [33mEmailService: SENDGRID_API_KEY missing. Using MOCK mode (logging emails).[39m
2026-01-29 23:39:00:390 [33mwarn[39m: [33mEmailService: SENDGRID_API_KEY missing. Using MOCK mode (logging emails).[39m
2026-01-29 23:39:31:3931 [33mwarn[39m: [33mEmailService: SENDGRID_API_KEY missing. Using MOCK mode (logging emails).[39m
2026-01-29 23:55:21:5521 [33mwarn[39m: [33mEmailService: SENDGRID_API_KEY missing. Using MOCK mode (logging emails).[39m
2026-01-29 23:55:46:5546 [33mwarn[39m: [33mEmailService: SENDGRID_API_KEY missing. Using MOCK mode (logging emails).[39m
2026-01-30 00:50:36:5036 [33mwarn[39m: [33mEmailService: SENDGRID_API_KEY missing. Using MOCK mode (logging emails).[39m
2026-01-30 01:33:44:3344 [33mwarn[39m: [33mEmailService: SENDGRID_API_KEY missing. Using MOCK mode (logging emails).[39m
2026-01-30 06:24:10:2410 [33mwarn[39m: [33mEmailService: SENDGRID_API_KEY missing. Using MOCK mode (logging emails).[39m
2026-01-30 06:30:41:3041 [33mwarn[39m: [33mEmailService: SENDGRID_API_KEY missing. Using MOCK mode (logging emails).[39m
2026-01-30 06:53:37:5337 [33mwarn[39m: [33mEmailService: SENDGRID_API_KEY missing. Using MOCK mode (logging emails).[39m
2026-01-30 18:26:12:2612 [33mwarn[39m: [33mEmailService: SENDGRID_API_KEY missing. Using MOCK mode (logging emails).[39m
2026-02-01 22:39:35:3935 [33mwarn[39m: [33mEmailService: SENDGRID_API_KEY missing. Using MOCK mode (logging emails).[39m
2026-02-02 21:55:14:5514 [33mwarn[39m: [33mEmailService: SENDGRID_API_KEY missing. Using MOCK mode (logging emails).[39m
2026-02-03 01:28:46:2846 [33mwarn[39m: [33mEmailService: SENDGRID_API_KEY missing. Using MOCK mode (logging emails).[39m
2026-02-03 05:50:04:504 [33mwarn[39m: [33mEmailService: SENDGRID_API_KEY missing. Using MOCK mode (logging emails).[39m
2026-02-03 08:39:15:3915 [33mwarn[39m: [33mEmailService: SENDGRID_API_KEY missing. Using MOCK mode (logging emails).[39m
2026-02-03 08:54:04:544 [33mwarn[39m: [33mEmailService: SENDGRID_API_KEY missing. Using MOCK mode (logging emails).[39m
2026-02-03 10:12:17:1217 [33mwarn[39m: [33mEmailService: SENDGRID_API_KEY missing. Using MOCK mode (logging emails).[39m
2026-02-03 10:15:34:1534 [33mwarn[39m: [33mEmailService: SENDGRID_API_KEY missing. Using MOCK mode (logging emails).[39m
2026-02-03 11:56:00:560 [33mwarn[39m: [33mEmailService: SENDGRID_API_KEY missing. Using MOCK mode (logging emails).[39m
2026-02-03 11:59:31:5931 [33mwarn[39m: [33mEmailService: SENDGRID_API_KEY missing. Using MOCK mode (logging emails).[39m
2026-02-03 12:01:08:18 [33mwarn[39m: [33mEmailService: SENDGRID_API_KEY missing. Using MOCK mode (logging emails).[39m
2026-02-03 12:02:07:27 [33mwarn[39m: [33mEmailService: SENDGRID_API_KEY missing. Using MOCK mode (logging emails).[39m
2026-02-03 12:04:30:430 [33mwarn[39m: [33mEmailService: SENDGRID_API_KEY missing. Using MOCK mode (logging emails).[39m
2026-02-03 12:07:59:759 [33mwarn[39m: [33mEmailService: SENDGRID_API_KEY missing. Using MOCK mode (logging emails).[39m
2026-02-03 12:21:43:2143 [33mwarn[39m: [33mEmailService: SENDGRID_API_KEY missing. Using MOCK mode (logging emails).[39m
2026-02-03 12:21:56:2156 [33mwarn[39m: [33mEmailService: SENDGRID_API_KEY missing. Using MOCK mode (logging emails).[39m
2026-02-03 13:29:49:2949 [33mwarn[39m: [33mEmailService: SENDGRID_API_KEY missing. Using MOCK mode (logging emails).[39m
2026-02-03 13:38:45:3845 [33mwarn[39m: [33mEmailService: SENDGRID_API_KEY missing. Using MOCK mode (logging emails).[39m
2026-02-03 13:41:58:4158 [33mwarn[39m: [33mEmailService: SENDGRID_API_KEY missing. Using MOCK mode (logging emails).[39m
2026-02-03 14:16:13:1613 [33mwarn[39m: [33mEmailService: SENDGRID_API_KEY missing. Using MOCK mode (logging emails).[39m
2026-02-03 20:46:03:463 [33mwarn[39m: [33mEmailService: SENDGRID_API_KEY missing. Using MOCK mode (logging emails).[39m
2026-02-03 22:18:11:1811 [33mwarn[39m: [33mEmailService: SENDGRID_API_KEY missing. Using MOCK mode (logging emails).[39m
2026-02-05 14:07:10:710 [33mwarn[39m: [33mEmailService: SENDGRID_API_KEY missing. Using MOCK mode (logging emails).[39m
2026-02-05 14:08:35:835 [33mwarn[39m: [33mEmailService: SENDGRID_API_KEY missing. Using MOCK mode (logging emails).[39m
2026-02-05 14:21:11:2111 [33mwarn[39m: [33mEmailService: SENDGRID_API_KEY missing. Using MOCK mode (logging emails).[39m
2026-02-05 14:23:00:230 [33mwarn[39m: [33mEmailService: SENDGRID_API_KEY missing. Using MOCK mode (logging emails).[39m
2026-02-05 19:13:40:1340 [33mwarn[39m: [33mEmailService: SENDGRID_API_KEY missing. Using MOCK mode (logging emails).[39m
2026-02-05 20:05:00:50 [33mwarn[39m: [33mEmailService: SENDGRID_API_KEY missing. Using MOCK mode (logging emails).[39m
2026-02-05 20:05:27:527 [33mwarn[39m: [33mEmailService: SENDGRID_API_KEY missing. Using MOCK mode (logging emails).[39m
2026-02-05 20:05:58:558 [33mwarn[39m: [33mEmailService: SENDGRID_API_KEY missing. Using MOCK mode (logging emails).[39m
2026-02-05 20:08:33:833 [33mwarn[39m: [33mEmailService: SENDGRID_API_KEY missing. Using MOCK mode (logging emails).[39m
2026-02-05 21:37:53:3753 [33mwarn[39m: [33mEmailService: SENDGRID_API_KEY missing. Using MOCK mode (logging emails).[39m
2026-02-05 21:38:17:3817 [33mwarn[39m: [33mEmailService: SENDGRID_API_KEY missing. Using MOCK mode (logging emails).[39m
2026-02-05 21:38:24:3824 [33mwarn[39m: [33mEmailService: SENDGRID_API_KEY missing. Using MOCK mode (logging emails).[39m
2026-02-05 21:40:33:4033 [33mwarn[39m: [33mEmailService: SENDGRID_API_KEY missing. Using MOCK mode (logging emails).[39m
2026-02-05 21:40:45:4045 [33mwarn[39m: [33mEmailService: SENDGRID_API_KEY missing. Using MOCK mode (logging emails).[39m
2026-02-06 02:18:47:1847 [33mwarn[39m: [33mEmailService: SENDGRID_API_KEY missing. Using MOCK mode (logging emails).[39m
2026-02-06 02:20:07:207 [33mwarn[39m: [33mEmailService: SENDGRID_API_KEY missing. Using MOCK mode (logging emails).[39m
2026-02-06 18:00:19:019 [33mwarn[39m: [33mEmailService: SENDGRID_API_KEY missing. Using MOCK mode (logging emails).[39m
2026-02-06 19:54:37:5437 [33mwarn[39m: [33mEmailService: SENDGRID_API_KEY missing. Using MOCK mode (logging emails).[39m
2026-02-06 19:55:40:5540 [33mwarn[39m: [33mEmailService: SENDGRID_API_KEY missing. Using MOCK mode (logging emails).[39m
2026-02-06 20:41:47:4147 [33mwarn[39m: [33mEmailService: SENDGRID_API_KEY missing. Using MOCK mode (logging emails).[39m
2026-02-06 20:42:04:424 [33mwarn[39m: [33mEmailService: SENDGRID_API_KEY missing. Using MOCK mode (logging emails).[39m
2026-02-06 23:06:53:653 [33mwarn[39m: [33mEmailService: SENDGRID_API_KEY missing. Using MOCK mode (logging emails).[39m
2026-02-06 23:07:10:710 [33mwarn[39m: [33mEmailService: SENDGRID_API_KEY missing. Using MOCK mode (logging emails).[39m
2026-02-06 23:07:39:739 [33mwarn[39m: [33mEmailService: SENDGRID_API_KEY missing. Using MOCK mode (logging emails).[39m
2026-02-07 15:34:27:3427 [33mwarn[39m: [33mEmailService: SENDGRID_API_KEY missing. Using MOCK mode (logging emails).[39m
2026-02-07 16:30:15:3015 [33mwarn[39m: [33mEmailService: SENDGRID_API_KEY missing. Using MOCK mode (logging emails).[39m
2026-02-07 19:26:08:268 [33mwarn[39m: [33mEmailService: SENDGRID_API_KEY missing. Using MOCK mode (logging emails).[39m
2026-02-07 20:32:24:3224 [33mwarn[39m: [33mEmailService: SENDGRID_API_KEY missing. Using MOCK mode (logging emails).[39m
2026-02-07 20:34:15:3415 [33mwarn[39m: [33mEmailService: SENDGRID_API_KEY missing. Using MOCK mode (logging emails).[39m
2026-02-07 20:34:40:3440 [33mwarn[39m: [33mEmailService: SENDGRID_API_KEY missing. Using MOCK mode (logging emails).[39m
2026-02-07 20:52:51:5251 [33mwarn[39m: [33mEmailService: SENDGRID_API_KEY missing. Using MOCK mode (logging emails).[39m
2026-02-07 20:53:42:5342 [33mwarn[39m: [33mEmailService: SENDGRID_API_KEY missing. Using MOCK mode (logging emails).[39m
2026-02-08 02:23:54:2354 [33mwarn[39m: [33mEmailService: SENDGRID_API_KEY missing. Using MOCK mode (logging emails).[39m
2026-02-08 16:55:58:5558 [33mwarn[39m: [33mEmailService: SENDGRID_API_KEY missing. Using MOCK mode (logging emails).[39m
2026-02-08 17:14:56:1456 [33mwarn[39m: [33mEmailService: SENDGRID_API_KEY missing. Using MOCK mode (logging emails).[39m
2026-02-08 17:15:06:156 [33mwarn[39m: [33mEmailService: SENDGRID_API_KEY missing. Using MOCK mode (logging emails).[39m
2026-02-08 17:15:22:1522 [33mwarn[39m: [33mEmailService: SENDGRID_API_KEY missing. Using MOCK mode (logging emails).[39m
2026-02-08 17:15:43:1543 [33mwarn[39m: [33mEmailService: SENDGRID_API_KEY missing. Using MOCK mode (logging emails).[39m
2026-02-08 17:16:38:1638 [33mwarn[39m: [33mEmailService: SENDGRID_API_KEY missing. Using MOCK mode (logging emails).[39m
2026-02-08 17:16:59:1659 [33mwarn[39m: [33mEmailService: SENDGRID_API_KEY missing. Using MOCK mode (logging emails).[39m
2026-02-08 18:09:46:946 [33mwarn[39m: [33mEmailService: SENDGRID_API_KEY missing. Using MOCK mode (logging emails).[39m
2026-02-08 18:09:58:958 [33mwarn[39m: [33mEmailService: SENDGRID_API_KEY missing. Using MOCK mode (logging emails).[39m
2026-02-08 18:11:39:1139 [33mwarn[39m: [33mEmailService: SENDGRID_API_KEY missing. Using MOCK mode (logging emails).[39m
2026-02-08 19:39:00:390 [33mwarn[39m: [33mEmailService: SENDGRID_API_KEY missing. Using MOCK mode (logging emails).[39m
2026-02-08 20:06:16:616 [33mwarn[39m: [33mEmailService: SENDGRID_API_KEY missing. Using MOCK mode (logging emails).[39m
2026-02-09 14:50:39:5039 [33mwarn[39m: [33mEmailService: SENDGRID_API_KEY missing. Using MOCK mode (logging emails).[39m
2026-02-09 21:13:56:1356 [33mwarn[39m: [33mEmailService: SENDGRID_API_KEY missing. Using MOCK mode (logging emails).[39m
2026-02-09 21:20:58:2058 [33mwarn[39m: [33mEmailService: SENDGRID_API_KEY missing. Using MOCK mode (logging emails).[39m
2026-02-09 22:38:07:387 [33mwarn[39m: [33mEmailService: SENDGRID_API_KEY missing. Using MOCK mode (logging emails).[39m
2026-02-09 22:40:45:4045 [33mwarn[39m: [33mEmailService: SENDGRID_API_KEY missing. Using MOCK mode (logging emails).[39m
2026-02-09 22:54:00:540 [33mwarn[39m: [33mEmailService: SENDGRID_API_KEY missing. Using MOCK mode (logging emails).[39m
2026-02-11 08:30:56:3056 [33mwarn[39m: [33mEmailService: SENDGRID_API_KEY missing. Using MOCK mode (logging emails).[39m
2026-02-11 16:56:54:5654 [33mwarn[39m: [33mEmailService: SENDGRID_API_KEY missing. Using MOCK mode (logging emails).[39m
2026-02-11 17:20:40:2040 [33mwarn[39m: [33mEmailService: SENDGRID_API_KEY missing. Using MOCK mode (logging emails).[39m
2026-02-11 17:30:47:3047 [33mwarn[39m: [33mEmailService: SENDGRID_API_KEY missing. Using MOCK mode (logging emails).[39m
2026-02-11 17:36:39:3639 [33mwarn[39m: [33mEmailService: SENDGRID_API_KEY missing. Using MOCK mode (logging emails).[39m
2026-02-11 18:00:10:010 [33mwarn[39m: [33mEmailService: SENDGRID_API_KEY missing. Using MOCK mode (logging emails).[39m
2026-02-15 19:56:35:5635 [33mwarn[39m: [33mEmailService: SENDGRID_API_KEY missing. Using MOCK mode (logging emails).[39m
2026-02-18 12:20:16:2016 [33mwarn[39m: [33mEmailService: SENDGRID_API_KEY missing. Using MOCK mode (logging emails).[39m
2026-02-18 19:48:57:4857 [33mwarn[39m: [33mEmailService: SENDGRID_API_KEY missing. Using MOCK mode (logging emails).[39m
2026-02-18 20:19:33:1933 [33mwarn[39m: [33mEmailService: SENDGRID_API_KEY missing. Using MOCK mode (logging emails).[39m
2026-02-18 20:24:00:240 [33mwarn[39m: [33mEmailService: SENDGRID_API_KEY missing. Using MOCK mode (logging emails).[39m
2026-02-18 21:04:05:45 [33mwarn[39m: [33mEmailService: SENDGRID_API_KEY missing. Using MOCK mode (logging emails).[39m
2026-02-19 17:53:51:5351 [33mwarn[39m: [33mEmailService: SENDGRID_API_KEY missing. Using MOCK mode (logging emails).[39m
2026-03-02 11:58:10:5810 [33mwarn[39m: [33mEmailService: SENDGRID_API_KEY missing. Using MOCK mode (logging emails).[39m
2026-03-05 19:24:27:2427 [33mwarn[39m: [33mEmailService: SENDGRID_API_KEY missing. Using MOCK mode (logging emails).[39m
2026-03-07 19:22:52:2252 [33mwarn[39m: [33mEmailService: SENDGRID_API_KEY missing. Using MOCK mode (logging emails).[39m
2026-03-08 02:55:32:5532 [33mwarn[39m: [33mEmailService: SENDGRID_API_KEY missing. Using MOCK mode (logging emails).[39m
2026-03-08 03:40:57:4057 [33mwarn[39m: [33mEmailService: SENDGRID_API_KEY missing. Using MOCK mode (logging emails).[39m
2026-03-08 10:40:57:4057 [33mwarn[39m: [33mEmailService: SENDGRID_API_KEY missing. Using MOCK mode (logging emails).[39m
2026-03-12 05:08:33:833 [33mwarn[39m: [33mEmailService: SENDGRID_API_KEY missing. Using MOCK mode (logging emails).[39m
2026-03-12 15:02:04:24 [33mwarn[39m: [33mEmailService: SENDGRID_API_KEY missing. Using MOCK mode (logging emails).[39m
2026-03-12 20:33:41:3341 [33mwarn[39m: [33mEmailService: SENDGRID_API_KEY missing. Using MOCK mode (logging emails).[39m
2026-03-12 21:56:39:5639 [33mwarn[39m: [33mEmailService: SENDGRID_API_KEY missing. Using MOCK mode (logging emails).[39m
2026-03-13 22:45:45:4545 [33mwarn[39m: [33mEmailService: SENDGRID_API_KEY missing. Using MOCK mode (logging emails).[39m
2026-03-16 00:02:40:240 [33mwarn[39m: [33mEmailService: SENDGRID_API_KEY missing. Using MOCK mode (logging emails).[39m
2026-03-16 16:30:33:3033 [33mwarn[39m: [33mEmailService: SENDGRID_API_KEY missing. Using MOCK mode (logging emails).[39m
2026-03-17 03:13:46:1346 [33mwarn[39m: [33mEmailService: SENDGRID_API_KEY missing. Using MOCK mode (logging emails).[39m
2026-03-17 13:25:03:253 [33mwarn[39m: [33mEmailService: SENDGRID_API_KEY missing. Using MOCK mode (logging emails).[39m
2026-03-17 13:30:53:3053 [33mwarn[39m: [33mEmailService: SENDGRID_API_KEY missing. Using MOCK mode (logging emails).[39m
2026-03-18 04:46:46:4646 [33mwarn[39m: [33mEmailService: SENDGRID_API_KEY missing. Using MOCK mode (logging emails).[39m
2026-03-18 18:58:47:5847 [33mwarn[39m: [33mEmailService: SENDGRID_API_KEY missing. Using MOCK mode (logging emails).[39m
2026-03-19 22:17:39:1739 [33mwarn[39m: [33mEmailService: SENDGRID_API_KEY missing. Using MOCK mode (logging emails).[39m
2026-03-30 20:43:53:4353 [33mwarn[39m: [33mEmailService: SENDGRID_API_KEY missing. Using MOCK mode (logging emails).[39m
2026-03-31 00:09:13:913 [33mwarn[39m: [33mEmailService: SENDGRID_API_KEY missing. Using MOCK mode (logging emails).[39m
2026-04-01 14:56:01:561 [33mwarn[39m: [33mEmailService: SENDGRID_API_KEY missing. Using MOCK mode (logging emails).[39m
2026-04-01 16:10:52:1052 [33mwarn[39m: [33mEmailService: SENDGRID_API_KEY missing. Using MOCK mode (logging emails).[39m
2026-04-01 16:12:00:120 [33mwarn[39m: [33mEmailService: SENDGRID_API_KEY missing. Using MOCK mode (logging emails).[39m
2026-04-08 00:06:28:628 [33mwarn[39m: [33mEmailService: SENDGRID_API_KEY missing. Using MOCK mode (logging emails).[39m
2026-04-09 17:24:21:2421 [33mwarn[39m: [33mEmailService: SENDGRID_API_KEY missing. Using MOCK mode (logging emails).[39m
2026-04-10 14:56:47:5647 [33mwarn[39m: [33mEmailService: SENDGRID_API_KEY missing. Using MOCK mode (logging emails).[39m
2026-04-10 22:10:52:1052 [33mwarn[39m: [33mEmailService: SENDGRID_API_KEY missing. Using MOCK mode (logging emails).[39m
2026-04-18 10:21:47:2147 [33mwarn[39m: [33mEmailService: SENDGRID_API_KEY missing. Using MOCK mode (logging emails).[39m
2026-04-19 02:06:47:647 [33mwarn[39m: [33mEmailService: SENDGRID_API_KEY missing. Using MOCK mode (logging emails).[39m
2026-04-19 18:24:17:2417 [33mwarn[39m: [33mEmailService: SENDGRID_API_KEY missing. Using MOCK mode (logging emails).[39m
2026-04-20 17:33:28:3328 [33mwarn[39m: [33mEmailService: SENDGRID_API_KEY missing. Using MOCK mode (logging emails).[39m
2026-04-20 23:54:14:5414 [33mwarn[39m: [33mEmailService: SENDGRID_API_KEY missing. Using MOCK mode (logging emails).[39m
2026-04-22 00:14:42:1442 [33mwarn[39m: [33mEmailService: SENDGRID_API_KEY missing. Using MOCK mode (logging emails).[39m
2026-04-22 02:56:23:5623 [33mwarn[39m: [33mEmailService: SENDGRID_API_KEY missing. Using MOCK mode (logging emails).[39m
2026-04-25 00:52:35:5235 [33mwarn[39m: [33mEmailService: SENDGRID_API_KEY missing. Using MOCK mode (logging emails).[39m
2026-04-25 01:31:30:3130 [33mwarn[39m: [33mEmailService: SENDGRID_API_KEY missing. Using MOCK mode (logging emails).[39m
2026-04-27 05:23:24:2324 [33mwarn[39m: [33mEmailService: SENDGRID_API_KEY missing. Using MOCK mode (logging emails).[39m
2026-04-28 17:27:13:2713 [33mwarn[39m: [33mEmailService: SENDGRID_API_KEY missing. Using MOCK mode (logging emails).[39m
2026-04-28 23:58:50:5850 [33mwarn[39m: [33mEmailService: SENDGRID_API_KEY missing. Using MOCK mode (logging emails).[39m
2026-04-30 14:10:33:1033 [33mwarn[39m: [33mEmailService: SENDGRID_API_KEY missing. Using MOCK mode (logging emails).[39m
2026-05-01 04:42:43:4243 [33mwarn[39m: [33mEmailService: SENDGRID_API_KEY missing. Using MOCK mode (logging emails).[39m
2026-05-02 01:25:53:2553 [33mwarn[39m: [33mEmailService: SENDGRID_API_KEY missing. Using MOCK mode (logging emails).[39m
2026-05-02 04:05:30:530 [33mwarn[39m: [33mEmailService: SENDGRID_API_KEY missing. Using MOCK mode (logging emails).[39m
2026-05-02 14:20:37:2037 [33mwarn[39m: [33mEmailService: SENDGRID_API_KEY missing. Using MOCK mode (logging emails).[39m
2026-05-02 21:36:12:3612 [33mwarn[39m: [33mEmailService: SENDGRID_API_KEY missing. Using MOCK mode (logging emails).[39m
2026-05-03 04:42:08:428 [33mwarn[39m: [33mEmailService: SENDGRID_API_KEY missing. Using MOCK mode (logging emails).[39m
2026-05-03 21:35:55:3555 [33mwarn[39m: [33mEmailService: SENDGRID_API_KEY missing. Using MOCK mode (logging emails).[39m
2026-05-03 22:17:22:1722 [33mwarn[39m: [33mEmailService: SENDGRID_API_KEY missing. Using MOCK mode (logging emails).[39m
2026-05-03 22:54:16:5416 [33mwarn[39m: [33mEmailService: SENDGRID_API_KEY missing. Using MOCK mode (logging emails).[39m
2026-05-03 22:57:04:574 [32minfo[39m: [32mconcierge.guardrail.tripped rule=prompt-injection (prefilter)[39m
2026-05-04 03:23:04:234 [32minfo[39m: [32mconcierge.guardrail.tripped rule=pricing-demand (prefilter)[39m
2026-05-04 03:23:07:237 [32minfo[39m: [32m---------------- MOCK EMAIL ----------------[39m
2026-05-04 03:23:08:238 [32minfo[39m: [32mTo: verify@example.com[39m
2026-05-04 03:23:08:238 [32minfo[39m: [32mSubject: We received your message - Kangqore[39m
2026-05-04 03:23:08:238 [32minfo[39m: [32mBody: [39m
2026-05-04 03:23:08:238 [32minfo[39m: [32m--------------------------------------------[39m
2026-05-04 03:23:08:238 [32minfo[39m: [32m---------------- MOCK EMAIL ----------------[39m
2026-05-04 03:23:08:238 [32minfo[39m: [32mTo: admin@kangqore.com[39m
2026-05-04 03:23:08:238 [32minfo[39m: [32mSubject: New Concierge Lead: Verification Probe[39m
2026-05-04 03:23:08:238 [32minfo[39m: [32mBody: [39m
2026-05-04 03:23:08:238 [32minfo[39m: [32m--------------------------------------------[39m
2026-05-04 03:23:08:238 [32minfo[39m: [32mconcierge.lead.captured contactId=cmoqb4du10016t4zwbn96f5cx email=verify@example.com[39m
2026-05-04 03:24:22:2422 [32minfo[39m: [32mKB loaded: 9 chunks (3 public/populated, 26 forbidden substrings)[39m
2026-05-04 03:24:22:2422 [31merror[39m: [31mconcierge.client.error: ANTHROPIC_API_KEY is not configured[39m
2026-05-04 03:31:40:3140 [33mwarn[39m: [33mEmailService: SENDGRID_API_KEY missing. Using MOCK mode (logging emails).[39m
2026-05-04 03:34:55:3455 [33mwarn[39m: [33mEmailService: SENDGRID_API_KEY missing. Using MOCK mode (logging emails).[39m
2026-05-04 03:35:03:353 [33mwarn[39m: [33mEmailService: SENDGRID_API_KEY missing. Using MOCK mode (logging emails).[39m
2026-05-04 03:35:06:356 [33mwarn[39m: [33mEmailService: SENDGRID_API_KEY missing. Using MOCK mode (logging emails).[39m
2026-05-04 03:35:20:3520 [33mwarn[39m: [33mEmailService: SENDGRID_API_KEY missing. Using MOCK mode (logging emails).[39m
2026-05-04 03:37:25:3725 [32minfo[39m: [32mconcierge.guardrail.tripped rule=pricing-demand (prefilter) intent=pricing[39m
2026-05-04 03:42:10:4210 [33mwarn[39m: [33mEmailService: SENDGRID_API_KEY missing. Using MOCK mode (logging emails).[39m
2026-05-04 03:42:19:4219 [33mwarn[39m: [33mEmailService: SENDGRID_API_KEY missing. Using MOCK mode (logging emails).[39m
2026-05-04 03:42:27:4227 [33mwarn[39m: [33mEmailService: SENDGRID_API_KEY missing. Using MOCK mode (logging emails).[39m
2026-05-04 03:42:38:4238 [33mwarn[39m: [33mEmailService: SENDGRID_API_KEY missing. Using MOCK mode (logging emails).[39m
2026-05-04 03:42:45:4245 [32minfo[39m: [32mKB loaded: 3 chunks across 9 files (3 public/populated, 26 forbidden substrings)[39m
2026-05-04 03:42:45:4245 [31merror[39m: [31mconcierge.client.error: ANTHROPIC_API_KEY is not configured[39m
2026-05-04 03:42:59:4259 [33mwarn[39m: [33mEmailService: SENDGRID_API_KEY missing. Using MOCK mode (logging emails).[39m
2026-05-04 03:43:10:4310 [33mwarn[39m: [33mEmailService: SENDGRID_API_KEY missing. Using MOCK mode (logging emails).[39m
2026-05-04 03:43:22:4322 [33mwarn[39m: [33mEmailService: SENDGRID_API_KEY missing. Using MOCK mode (logging emails).[39m
2026-05-04 03:44:05:445 [33mwarn[39m: [33mEmailService: SENDGRID_API_KEY missing. Using MOCK mode (logging emails).[39m
2026-05-04 03:45:25:4525 [33mwarn[39m: [33mEmailService: SENDGRID_API_KEY missing. Using MOCK mode (logging emails).[39m
2026-05-04 03:45:29:4529 [33mwarn[39m: [33mEmailService: SENDGRID_API_KEY missing. Using MOCK mode (logging emails).[39m
2026-05-04 03:45:35:4535 [33mwarn[39m: [33mEmailService: SENDGRID_API_KEY missing. Using MOCK mode (logging emails).[39m
2026-05-04 03:45:55:4555 [33mwarn[39m: [33mEmailService: SENDGRID_API_KEY missing. Using MOCK mode (logging emails).[39m
2026-05-04 03:45:58:4558 [32minfo[39m: [32mKB loaded: 14 chunks across 9 files (14 public/populated, 26 forbidden substrings)[39m
2026-05-04 03:45:58:4558 [33mwarn[39m: [33mretrieval.index.skip — VOYAGE_API_KEY not configured; KnowledgeChunk table will not be populated. Concierge will fall back to stuffing the full KB into the prompt.[39m
2026-05-04 03:45:59:4559 [32minfo[39m: [32mretrieval.index.loaded chunks=0[39m
2026-05-04 03:46:43:4643 [32minfo[39m: [32mconcierge.guardrail.tripped rule=pricing-demand (prefilter) intent=pricing[39m
2026-05-04 03:47:44:4744 [33mwarn[39m: [33mEmailService: SENDGRID_API_KEY missing. Using MOCK mode (logging emails).[39m
2026-05-04 03:47:46:4746 [32minfo[39m: [32mKB loaded: 14 chunks across 9 files (14 public/populated, 26 forbidden substrings)[39m
2026-05-04 03:47:46:4746 [33mwarn[39m: [33mretrieval.index.skip — VOYAGE_API_KEY not configured; KnowledgeChunk table will not be populated. Concierge will fall back to stuffing the full KB into the prompt.[39m
2026-05-04 03:48:11:4811 [33mwarn[39m: [33mEmailService: SENDGRID_API_KEY missing. Using MOCK mode (logging emails).[39m
2026-05-04 03:48:13:4813 [32minfo[39m: [32mKB loaded: 14 chunks across 9 files (14 public/populated, 26 forbidden substrings)[39m
2026-05-04 03:48:13:4813 [33mwarn[39m: [33mretrieval.index.skip — VOYAGE_API_KEY not configured; KnowledgeChunk table will not be populated. Concierge will fall back to stuffing the full KB into the prompt.[39m
2026-05-04 03:48:14:4814 [32minfo[39m: [32mretrieval.index.loaded chunks=0[39m
2026-05-04 03:48:39:4839 [33mwarn[39m: [33mEmailService: SENDGRID_API_KEY missing. Using MOCK mode (logging emails).[39m
2026-05-04 03:48:40:4840 [32minfo[39m: [32mKB loaded: 14 chunks across 9 files (14 public/populated, 26 forbidden substrings)[39m
2026-05-04 03:48:40:4840 [33mwarn[39m: [33mretrieval.index.skip — VOYAGE_API_KEY not configured; KnowledgeChunk table will not be populated. Concierge will fall back to stuffing the full KB into the prompt.[39m
2026-05-04 03:48:41:4841 [32minfo[39m: [32mretrieval.index.loaded chunks=0[39m
2026-05-04 03:48:48:4848 [33mwarn[39m: [33mEmailService: SENDGRID_API_KEY missing. Using MOCK mode (logging emails).[39m
2026-05-04 03:48:49:4849 [32minfo[39m: [32mKB loaded: 14 chunks across 9 files (14 public/populated, 26 forbidden substrings)[39m
2026-05-04 03:48:49:4849 [33mwarn[39m: [33mretrieval.index.skip — VOYAGE_API_KEY not configured; KnowledgeChunk table will not be populated. Concierge will fall back to stuffing the full KB into the prompt.[39m
2026-05-04 03:48:50:4850 [32minfo[39m: [32mretrieval.index.loaded chunks=0[39m
2026-05-04 03:50:18:5018 [33mwarn[39m: [33mEmailService: SENDGRID_API_KEY missing. Using MOCK mode (logging emails).[39m
2026-05-04 03:50:21:5021 [32minfo[39m: [32mKB loaded: 14 chunks across 9 files (14 public/populated, 26 forbidden substrings)[39m
2026-05-04 03:50:21:5021 [33mwarn[39m: [33mretrieval.index.skip — VOYAGE_API_KEY not configured; KnowledgeChunk table will not be populated. Concierge will fall back to stuffing the full KB into the prompt.[39m
2026-05-04 03:50:22:5022 [32minfo[39m: [32mretrieval.index.loaded chunks=0[39m
2026-05-04 03:50:56:5056 [33mwarn[39m: [33mEmailService: SENDGRID_API_KEY missing. Using MOCK mode (logging emails).[39m
2026-05-04 03:50:59:5059 [32minfo[39m: [32mKB loaded: 14 chunks across 9 files (14 public/populated, 26 forbidden substrings)[39m
2026-05-04 03:50:59:5059 [33mwarn[39m: [33mretrieval.index.skip — VOYAGE_API_KEY not configured; KnowledgeChunk table will not be populated. Concierge will fall back to stuffing the full KB into the prompt.[39m
2026-05-04 03:51:00:510 [32minfo[39m: [32mretrieval.index.loaded chunks=0[39m
2026-05-04 03:51:06:516 [33mwarn[39m: [33mEmailService: SENDGRID_API_KEY missing. Using MOCK mode (logging emails).[39m
2026-05-04 03:51:07:517 [32minfo[39m: [32mKB loaded: 14 chunks across 9 files (14 public/populated, 26 forbidden substrings)[39m
2026-05-04 03:51:07:517 [33mwarn[39m: [33mretrieval.index.skip — VOYAGE_API_KEY not configured; KnowledgeChunk table will not be populated. Concierge will fall back to stuffing the full KB into the prompt.[39m
2026-05-04 03:51:08:518 [32minfo[39m: [32mretrieval.index.loaded chunks=0[39m
2026-05-04 03:51:14:5114 [33mwarn[39m: [33mEmailService: SENDGRID_API_KEY missing. Using MOCK mode (logging emails).[39m
2026-05-04 03:51:15:5115 [32minfo[39m: [32mKB loaded: 14 chunks across 9 files (14 public/populated, 26 forbidden substrings)[39m
2026-05-04 03:51:15:5115 [33mwarn[39m: [33mretrieval.index.skip — VOYAGE_API_KEY not configured; KnowledgeChunk table will not be populated. Concierge will fall back to stuffing the full KB into the prompt.[39m
2026-05-04 03:51:21:5121 [32minfo[39m: [32mretrieval.index.loaded chunks=0[39m
2026-05-04 03:51:33:5133 [33mwarn[39m: [33mEmailService: SENDGRID_API_KEY missing. Using MOCK mode (logging emails).[39m
2026-05-04 03:51:35:5135 [32minfo[39m: [32mKB loaded: 14 chunks across 9 files (14 public/populated, 26 forbidden substrings)[39m
2026-05-04 03:51:35:5135 [33mwarn[39m: [33mretrieval.index.skip — VOYAGE_API_KEY not configured; KnowledgeChunk table will not be populated. Concierge will fall back to stuffing the full KB into the prompt.[39m
2026-05-04 03:51:36:5136 [32minfo[39m: [32mretrieval.index.loaded chunks=0[39m
2026-05-04 03:52:50:5250 [32minfo[39m: [32mconcierge.guardrail.tripped rule=pricing-demand (prefilter) intent=pricing[39m
2026-05-04 03:56:46:5646 [32minfo[39m: [32mretrieval.index.loaded chunks=0[39m
2026-05-04 03:56:46:5646 [31merror[39m: [31mconcierge.client.error: ANTHROPIC_API_KEY is not configured[39m
2026-05-04 11:59:08:598 [33mwarn[39m: [33mEmailService: SENDGRID_API_KEY missing. Using MOCK mode (logging emails).[39m
2026-05-04 11:59:12:5912 [32minfo[39m: [32mKB loaded: 14 chunks across 9 files (14 public/populated, 26 forbidden substrings)[39m
2026-05-04 11:59:12:5912 [33mwarn[39m: [33mretrieval.index.skip — VOYAGE_API_KEY not configured; KnowledgeChunk table will not be populated. Concierge will fall back to stuffing the full KB into the prompt.[39m
2026-05-04 11:59:14:5914 [32minfo[39m: [32mretrieval.index.loaded chunks=0[39m
2026-05-04 12:48:54:4854 [33mwarn[39m: [33mEmailService: SENDGRID_API_KEY missing. Using MOCK mode (logging emails).[39m
2026-05-04 12:48:59:4859 [32minfo[39m: [32mKB loaded: 14 chunks across 9 files (14 public/populated, 26 forbidden substrings)[39m
2026-05-04 12:48:59:4859 [33mwarn[39m: [33mretrieval.index.skip — VOYAGE_API_KEY not configured; KnowledgeChunk table will not be populated. Concierge will fall back to stuffing the full KB into the prompt.[39m
2026-05-04 12:49:00:490 [32minfo[39m: [32mretrieval.index.loaded chunks=0[39m
2026-05-04 12:52:21:5221 [32minfo[39m: [32mretrieval.index.loaded chunks=0[39m
2026-05-04 12:52:21:5221 [31merror[39m: [31mconcierge.client.error: ANTHROPIC_API_KEY is not configured[39m
2026-05-04 12:53:15:5315 [32minfo[39m: [32mconcierge.feedback rating=up conversationId=cmoq1m9pc0000t4zwh7m7t6yi idx=1[39m
2026-05-04 12:55:48:5548 [32minfo[39m: [32mretrieval.index.loaded chunks=0[39m
2026-05-04 12:55:48:5548 [31merror[39m: [31mconcierge.client.error: ANTHROPIC_API_KEY is not configured[39m
2026-05-04 12:56:27:5627 [32minfo[39m: [32m---------------- MOCK EMAIL ----------------[39m
2026-05-04 12:56:27:5627 [32minfo[39m: [32mTo: barnalibag.okay@gmail.com[39m
2026-05-04 12:56:27:5627 [32minfo[39m: [32mSubject: We received your message - Kangqore[39m
2026-05-04 12:56:27:5627 [32minfo[39m: [32mBody: [39m
2026-05-04 12:56:27:5627 [32minfo[39m: [32m--------------------------------------------[39m
2026-05-04 12:56:27:5627 [32minfo[39m: [32m---------------- MOCK EMAIL ----------------[39m
2026-05-04 12:56:27:5627 [32minfo[39m: [32mTo: admin@kangqore.com[39m
2026-05-04 12:56:27:5627 [32minfo[39m: [32mSubject: New Concierge Lead: Barnali Bag[39m
2026-05-04 12:56:27:5627 [32minfo[39m: [32mBody: [39m
2026-05-04 12:56:27:5627 [32minfo[39m: [32m--------------------------------------------[39m
2026-05-04 12:56:27:5627 [32minfo[39m: [32mconcierge.lead.captured contactId=cmoqvlp9a0001by2671b0dztr email=barnalibag.okay@gmail.com[39m
2026-05-04 13:03:07:37 [33mwarn[39m: [33mEmailService: SENDGRID_API_KEY missing. Using MOCK mode (logging emails).[39m
2026-05-04 13:03:09:39 [32minfo[39m: [32mKB loaded: 14 chunks across 9 files (14 public/populated, 26 forbidden substrings)[39m
2026-05-04 13:03:09:39 [33mwarn[39m: [33mretrieval.index.skip — VOYAGE_API_KEY not configured; KnowledgeChunk table will not be populated. Concierge will fall back to stuffing the full KB into the prompt.[39m
2026-05-04 13:03:14:314 [32minfo[39m: [32mretrieval.index.loaded chunks=0[39m
2026-05-04 13:04:23:423 [32minfo[39m: [32mretrieval.index.loaded chunks=0[39m
2026-05-04 13:04:24:424 [31merror[39m: [31mconcierge.anthropic.error: 400 {"type":"error","error":{"type":"invalid_request_error","message":"Your credit balance is too low to access the Anthropic API. Please go to Plans & Billing to upgrade or purchase credits."},"request_id":"req_011Cah9CZZVHgusGSmJvps2Y"}[39m
2026-05-04 13:04:24:424 [31merror[39m: [31mconcierge.stream.error: 400 {"type":"error","error":{"type":"invalid_request_error","message":"Your credit balance is too low to access the Anthropic API. Please go to Plans & Billing to upgrade or purchase credits."},"request_id":"req_011Cah9CZZVHgusGSmJvps2Y"}[39m
2026-05-04 14:16:31:1631 [32minfo[39m: [32mretrieval.index.loaded chunks=0[39m
2026-05-04 14:16:33:1633 [31merror[39m: [31mconcierge.anthropic.error: 400 {"type":"error","error":{"type":"invalid_request_error","message":"Your credit balance is too low to access the Anthropic API. Please go to Plans & Billing to upgrade or purchase credits."},"request_id":"req_011CahEhdTHJaM74CiyG7ZmT"}[39m
2026-05-04 14:16:33:1633 [31merror[39m: [31mconcierge.stream.error: 400 {"type":"error","error":{"type":"invalid_request_error","message":"Your credit balance is too low to access the Anthropic API. Please go to Plans & Billing to upgrade or purchase credits."},"request_id":"req_011CahEhdTHJaM74CiyG7ZmT"}[39m
2026-05-04 14:53:57:5357 [32minfo[39m: [32mretrieval.index.loaded chunks=0[39m
2026-05-04 14:54:02:542 [32minfo[39m: [32mconcierge.turn done in=331 out=234 cacheRead=0 citations=0 trips=0 rewritten=false latencyMs=5249[39m
2026-05-04 14:54:39:5439 [33mwarn[39m: [33mEmailService: SENDGRID_API_KEY missing. Using MOCK mode (logging emails).[39m
2026-05-04 14:54:47:5447 [32minfo[39m: [32mKB loaded: 14 chunks across 9 files (14 public/populated, 26 forbidden substrings)[39m
2026-05-04 14:54:47:5447 [33mwarn[39m: [33mretrieval.index.skip — VOYAGE_API_KEY not configured; KnowledgeChunk table will not be populated. Concierge will fall back to stuffing the full KB into the prompt.[39m
2026-05-04 14:54:48:5448 [32minfo[39m: [32mretrieval.index.loaded chunks=0[39m
2026-05-04 14:55:20:5520 [33mwarn[39m: [33mEmailService: SENDGRID_API_KEY missing. Using MOCK mode (logging emails).[39m
2026-05-04 14:55:22:5522 [32minfo[39m: [32mKB loaded: 14 chunks across 9 files (14 public/populated, 26 forbidden substrings)[39m
2026-05-04 14:55:22:5522 [33mwarn[39m: [33mretrieval.index.skip — VOYAGE_API_KEY not configured; KnowledgeChunk table will not be populated. Concierge will fall back to stuffing the full KB into the prompt.[39m
2026-05-04 14:55:24:5524 [32minfo[39m: [32mretrieval.index.loaded chunks=0[39m
2026-05-04 14:55:39:5539 [32minfo[39m: [32mretrieval.index.loaded chunks=0[39m
2026-05-04 14:55:45:5545 [32minfo[39m: [32mconcierge.turn done in=331 out=235 cacheRead=2732 citations=3 trips=0 rewritten=false latencyMs=5994[39m
2026-05-04 14:58:22:5822 [32minfo[39m: [32mretrieval.index.loaded chunks=0[39m
2026-05-04 14:58:28:5828 [32minfo[39m: [32mconcierge.turn done in=332 out=219 cacheRead=2732 citations=2 trips=0 rewritten=false latencyMs=6397[39m
2026-05-04 14:58:28:5828 [32minfo[39m: [32mretrieval.index.loaded chunks=0[39m
2026-05-04 14:58:36:5836 [32minfo[39m: [32mconcierge.turn done in=331 out=162 cacheRead=2732 citations=0 trips=1 rewritten=true latencyMs=7459[39m
2026-05-04 14:58:36:5836 [33mwarn[39m: [33mconcierge.guardrail.tripped rule=unverified-factual-claim match=I don't have verified information on specific case studies or client names in he[39m
2026-05-04 14:58:36:5836 [32minfo[39m: [32mretrieval.index.loaded chunks=0[39m
2026-05-04 14:58:40:5840 [32minfo[39m: [32m---------------- MOCK EMAIL ----------------[39m
2026-05-04 14:58:40:5840 [32minfo[39m: [32mTo: testuser@example.com[39m
2026-05-04 14:58:40:5840 [32minfo[39m: [32mSubject: We received your message - Kangqore[39m
2026-05-04 14:58:40:5840 [32minfo[39m: [32mBody: [39m
2026-05-04 14:58:40:5840 [32minfo[39m: [32m--------------------------------------------[39m
2026-05-04 14:58:40:5840 [32minfo[39m: [32m---------------- MOCK EMAIL ----------------[39m
2026-05-04 14:58:40:5840 [32minfo[39m: [32mTo: admin@kangqore.com[39m
2026-05-04 14:58:40:5840 [32minfo[39m: [32mSubject: New Concierge Lead (tool): Test User[39m
2026-05-04 14:58:40:5840 [32minfo[39m: [32mBody: [39m
2026-05-04 14:58:40:5840 [32minfo[39m: [32m--------------------------------------------[39m
2026-05-04 14:58:40:5840 [32minfo[39m: [32mconcierge.tool.capture_lead.ok contactId=cmoqzyv7s0003nh91plxx81ve[39m
2026-05-04 14:58:40:5840 [32minfo[39m: [32mconcierge.turn done in=363 out=100 cacheRead=2732 citations=0 trips=0 rewritten=false latencyMs=3682[39m
2026-05-04 14:59:33:5933 [33mwarn[39m: [33mEmailService: SENDGRID_API_KEY missing. Using MOCK mode (logging emails).[39m
2026-05-04 14:59:36:5936 [32minfo[39m: [32mKB loaded: 14 chunks across 9 files (14 public/populated, 26 forbidden substrings)[39m
2026-05-04 14:59:36:5936 [33mwarn[39m: [33mretrieval.index.skip — VOYAGE_API_KEY not configured; KnowledgeChunk table will not be populated. Concierge will fall back to stuffing the full KB into the prompt.[39m
2026-05-04 14:59:37:5937 [32minfo[39m: [32mretrieval.index.loaded chunks=0[39m
2026-05-04 14:59:42:5942 [33mwarn[39m: [33mEmailService: SENDGRID_API_KEY missing. Using MOCK mode (logging emails).[39m
2026-05-04 14:59:43:5943 [32minfo[39m: [32mKB loaded: 14 chunks across 9 files (14 public/populated, 26 forbidden substrings)[39m
2026-05-04 14:59:43:5943 [33mwarn[39m: [33mretrieval.index.skip — VOYAGE_API_KEY not configured; KnowledgeChunk table will not be populated. Concierge will fall back to stuffing the full KB into the prompt.[39m
2026-05-04 14:59:44:5944 [32minfo[39m: [32mretrieval.index.loaded chunks=0[39m
2026-05-04 14:59:45:5945 [32minfo[39m: [32mretrieval.index.loaded chunks=0[39m
2026-05-04 14:59:50:5950 [32minfo[39m: [32mconcierge.turn done in=331 out=106 cacheRead=2732 citations=0 trips=0 rewritten=false latencyMs=5519[39m
2026-05-04 15:07:17:717 [32minfo[39m: [32mretrieval.index.loaded chunks=0[39m
2026-05-04 15:07:22:722 [32minfo[39m: [32mconcierge.turn done in=331 out=225 cacheRead=0 citations=3 trips=0 rewritten=false latencyMs=5211[39m
2026-05-04 15:07:59:759 [32minfo[39m: [32mretrieval.index.loaded chunks=0[39m
2026-05-04 15:08:04:84 [32minfo[39m: [32mconcierge.turn done in=538 out=140 cacheRead=2732 citations=1 trips=0 rewritten=false latencyMs=5516[39m
2026-05-04 15:10:52:1052 [33mwarn[39m: [33mEmailService: SENDGRID_API_KEY missing. Using MOCK mode (logging emails).[39m
2026-05-04 15:10:55:1055 [32minfo[39m: [32mKB loaded: 14 chunks across 9 files (14 public/populated, 26 forbidden substrings)[39m
2026-05-04 15:10:55:1055 [33mwarn[39m: [33mretrieval.index.skip — VOYAGE_API_KEY not configured; KnowledgeChunk table will not be populated. Concierge will fall back to stuffing the full KB into the prompt.[39m
2026-05-04 15:10:56:1056 [32minfo[39m: [32mretrieval.index.loaded chunks=0[39m
2026-05-04 15:10:59:1059 [33mwarn[39m: [33mEmailService: SENDGRID_API_KEY missing. Using MOCK mode (logging emails).[39m
2026-05-04 15:11:02:112 [32minfo[39m: [32mKB loaded: 14 chunks across 9 files (14 public/populated, 26 forbidden substrings)[39m
2026-05-04 15:11:02:112 [33mwarn[39m: [33mretrieval.index.skip — VOYAGE_API_KEY not configured; KnowledgeChunk table will not be populated. Concierge will fall back to stuffing the full KB into the prompt.[39m
2026-05-04 15:11:03:113 [32minfo[39m: [32mretrieval.index.loaded chunks=0[39m
2026-05-04 15:11:09:119 [33mwarn[39m: [33mEmailService: SENDGRID_API_KEY missing. Using MOCK mode (logging emails).[39m
2026-05-04 15:11:10:1110 [32minfo[39m: [32mKB loaded: 14 chunks across 9 files (14 public/populated, 26 forbidden substrings)[39m
2026-05-04 15:11:10:1110 [33mwarn[39m: [33mretrieval.index.skip — VOYAGE_API_KEY not configured; KnowledgeChunk table will not be populated. Concierge will fall back to stuffing the full KB into the prompt.[39m
2026-05-04 15:11:11:1111 [32minfo[39m: [32mretrieval.index.loaded chunks=0[39m
2026-05-04 15:11:11:1111 [32minfo[39m: [32mkb.watcher.started watching=/Volumes/MKS MacBook/Kangqore/backend/knowledge-base/*.md[39m
2026-05-04 15:11:33:1133 [33mwarn[39m: [33mEmailService: SENDGRID_API_KEY missing. Using MOCK mode (logging emails).[39m
2026-05-04 15:11:35:1135 [32minfo[39m: [32mKB loaded: 14 chunks across 9 files (14 public/populated, 26 forbidden substrings)[39m
2026-05-04 15:11:35:1135 [33mwarn[39m: [33mretrieval.index.skip — VOYAGE_API_KEY not configured; KnowledgeChunk table will not be populated. Concierge will fall back to stuffing the full KB into the prompt.[39m
2026-05-04 15:11:35:1135 [32minfo[39m: [32mretrieval.index.loaded chunks=0[39m
2026-05-04 15:11:36:1136 [32minfo[39m: [32mkb.watcher.started watching=/Volumes/MKS MacBook/Kangqore/backend/knowledge-base/*.md[39m
2026-05-04 15:14:56:1456 [32minfo[39m: [32mKB loaded: 14 chunks across 9 files (14 public/populated, 26 forbidden substrings)[39m
2026-05-04 15:14:56:1456 [33mwarn[39m: [33mretrieval.index.skip — VOYAGE_API_KEY not configured; KnowledgeChunk table will not be populated. Concierge will fall back to stuffing the full KB into the prompt.[39m
2026-05-04 15:14:56:1456 [32minfo[39m: [32mretrieval.index.loaded chunks=0[39m
2026-05-04 15:14:56:1456 [32minfo[39m: [32mkb.watcher.reload added=0 updated=0 unchanged=0 removed=0 skipped=true[39m
2026-05-04 15:35:30:3530 [33mwarn[39m: [33mEmailService: SENDGRID_API_KEY missing. Using MOCK mode (logging emails).[39m
2026-05-04 15:35:33:3533 [32minfo[39m: [32mKB loaded: 14 chunks across 9 files (14 public/populated, 26 forbidden substrings)[39m
2026-05-04 15:35:37:3537 [37mdebug[39m: [37membeddings.batch 8/8[39m
2026-05-04 15:35:41:3541 [32minfo[39m: [32mretrieval.index.loaded chunks=8[39m
2026-05-04 15:35:41:3541 [32minfo[39m: [32mretrieval.index.done added=8 updated=0 unchanged=0 removed=0[39m
2026-05-04 15:35:42:3542 [32minfo[39m: [32mkb.watcher.started watching=/Volumes/MKS MacBook/Kangqore/backend/knowledge-base/*.md[39m
2026-05-04 15:37:32:3732 [32minfo[39m: [32mconcierge.turn done in=334 out=180 cacheRead=0 citations=1 trips=0 rewritten=false latencyMs=6927[39m
2026-05-04 18:02:04:24 [32minfo[39m: [32mKB loaded: 92 chunks across 9 files (92 public/populated, 26 forbidden substrings)[39m
2026-05-04 18:02:07:27 [37mdebug[39m: [37membeddings.batch 32/78[39m
2026-05-04 18:02:08:28 [37mdebug[39m: [37membeddings.batch 64/78[39m
2026-05-04 18:02:09:29 [37mdebug[39m: [37membeddings.batch 78/78[39m
2026-05-04 18:02:24:224 [32minfo[39m: [32mretrieval.index.loaded chunks=86[39m
2026-05-04 18:02:24:224 [32minfo[39m: [32mretrieval.index.done added=78 updated=0 unchanged=8 removed=0[39m
2026-05-04 18:02:24:224 [32minfo[39m: [32mkb.watcher.reload added=78 updated=0 unchanged=8 removed=0 skipped=false[39m
2026-05-04 18:03:06:36 [33mwarn[39m: [33mretrieval.embedQuery.error: Voyage API 429: {"detail":"You have not yet added your payment method in the billing page and will have reduced rate limits of 3 RPM and 10K TPM. To unlock our standard rate limits, please add a payment method in the[39m
2026-05-04 18:03:13:313 [32minfo[39m: [32mconcierge.turn done in=339 out=201 cacheRead=0 citations=1 trips=0 rewritten=false latencyMs=6923[39m
2026-05-04 18:03:18:318 [32minfo[39m: [32mconcierge.turn done in=335 out=115 cacheRead=0 citations=1 trips=0 rewritten=false latencyMs=4274[39m
2026-05-04 18:03:28:328 [32minfo[39m: [32mconcierge.turn done in=339 out=319 cacheRead=0 citations=5 trips=0 rewritten=false latencyMs=8604[39m
2026-05-04 18:13:34:1334 [32minfo[39m: [32mKB loaded: 145 chunks across 11 files (145 public/populated, 26 forbidden substrings)[39m
2026-05-04 18:13:48:1348 [37mdebug[39m: [37membeddings.batch 32/53[39m
2026-05-04 18:13:50:1350 [37mdebug[39m: [37membeddings.batch 53/53[39m
2026-05-04 18:14:02:142 [32minfo[39m: [32mretrieval.index.loaded chunks=139[39m
2026-05-04 18:14:02:142 [32minfo[39m: [32mretrieval.index.done added=53 updated=0 unchanged=86 removed=0[39m
2026-05-04 18:14:02:142 [32minfo[39m: [32mkb.watcher.reload added=53 updated=0 unchanged=86 removed=0 skipped=false[39m
2026-05-04 18:15:04:154 [32minfo[39m: [32mKB loaded: 145 chunks across 11 files (145 public/populated, 26 forbidden substrings)[39m
2026-05-04 18:15:13:1513 [37mdebug[39m: [37membeddings.batch 3/3[39m
2026-05-04 18:15:17:1517 [32minfo[39m: [32mretrieval.index.loaded chunks=139[39m
2026-05-04 18:15:17:1517 [32minfo[39m: [32mretrieval.index.done added=0 updated=3 unchanged=136 removed=0[39m
2026-05-04 18:15:17:1517 [32minfo[39m: [32mkb.watcher.reload added=0 updated=3 unchanged=136 removed=0 skipped=false[39m
2026-05-04 18:17:23:1723 [32minfo[39m: [32mconcierge.turn done in=333 out=277 cacheRead=0 citations=5 trips=0 rewritten=false latencyMs=31826[39m
2026-05-04 18:17:52:1752 [33mwarn[39m: [33mretrieval.embedQuery.error: fetch failed[39m
2026-05-04 18:18:02:182 [32minfo[39m: [32mconcierge.turn done in=336 out=258 cacheRead=0 citations=0 trips=1 rewritten=true latencyMs=9695[39m
2026-05-04 18:18:02:182 [33mwarn[39m: [33mconcierge.guardrail.tripped rule=unverified-factual-claim match=**Customer-facing platforms.** We build mobile banking platforms for seamless cu[39m
2026-05-04 18:18:07:187 [32minfo[39m: [32mconcierge.turn done in=331 out=156 cacheRead=0 citations=1 trips=0 rewritten=false latencyMs=4704[39m
2026-05-04 18:18:17:1817 [32minfo[39m: [32mconcierge.turn done in=333 out=264 cacheRead=0 citations=0 trips=1 rewritten=true latencyMs=6434[39m
2026-05-04 18:18:17:1817 [33mwarn[39m: [33mconcierge.guardrail.tripped rule=unverified-factual-claim match=Yes, we publish white papers, along with blogs, case studies, and other resource[39m
2026-05-04 18:19:20:1920 [33mwarn[39m: [33mEmailService: SENDGRID_API_KEY missing. Using MOCK mode (logging emails).[39m
2026-05-04 18:19:26:1926 [32minfo[39m: [32mKB loaded: 145 chunks across 11 files (145 public/populated, 26 forbidden substrings)[39m
2026-05-04 18:19:44:1944 [32minfo[39m: [32mretrieval.index.loaded chunks=139[39m
2026-05-04 18:19:44:1944 [32minfo[39m: [32mretrieval.index.done added=0 updated=0 unchanged=139 removed=0[39m
2026-05-04 18:19:44:1944 [32minfo[39m: [32mkb.watcher.started watching=/Volumes/MKS MacBook/Kangqore/backend/knowledge-base/*.md[39m
2026-05-04 18:20:35:2035 [33mwarn[39m: [33mEmailService: SENDGRID_API_KEY missing. Using MOCK mode (logging emails).[39m
2026-05-04 18:20:39:2039 [32minfo[39m: [32mKB loaded: 145 chunks across 11 files (145 public/populated, 26 forbidden substrings)[39m
2026-05-04 18:20:45:2045 [32minfo[39m: [32mretrieval.index.loaded chunks=139[39m
2026-05-04 18:20:45:2045 [32minfo[39m: [32mretrieval.index.done added=0 updated=0 unchanged=139 removed=0[39m
2026-05-04 18:20:45:2045 [32minfo[39m: [32mkb.watcher.started watching=/Volumes/MKS MacBook/Kangqore/backend/knowledge-base/*.md[39m
2026-05-04 18:21:13:2113 [32minfo[39m: [32mconcierge.turn done in=336 out=234 cacheRead=0 citations=2 trips=0 rewritten=false latencyMs=7646[39m
2026-05-04 18:21:21:2121 [32minfo[39m: [32mconcierge.turn done in=333 out=276 cacheRead=2040 citations=5 trips=0 rewritten=false latencyMs=7125[39m
2026-05-04 18:26:13:2613 [32minfo[39m: [32mconcierge.turn done in=331 out=186 cacheRead=0 citations=2 trips=0 rewritten=false latencyMs=5973[39m
2026-05-04 18:26:43:2643 [31merror[39m: [31mconcierge.persist.error: [39m
[31mInvalid `prisma.conversation.create()` invocation in[39m
[31m/Volumes/MKS MacBook/Kangqore/backend/src/routes/ai-concierge.ts:488:45[39m

[31m  485 [39m
[31m  486 const intents: Record<string, number> = {};[39m
[31m  487 if (meta?.intent) intents[meta.intent] = 1;[39m
[31m→ 488 const created = await prisma.conversation.create([39m
[31mCan't reach database server at `db.cpbwzrkxviacivtevirv.supabase.co:5432`[39m

[31mPlease make sure your database server is running at `db.cpbwzrkxviacivtevirv.supabase.co:5432`.[39m
2026-05-04 18:27:00:270 [33mwarn[39m: [33mretrieval.embedQuery.error: fetch failed[39m
2026-05-04 18:27:18:2718 [32minfo[39m: [32mconcierge.turn done in=328 out=600 cacheRead=0 citations=17 trips=0 rewritten=false latencyMs=17706[39m
2026-05-04 18:28:18:2818 [32minfo[39m: [32mconcierge.turn done in=944 out=292 cacheRead=0 citations=5 trips=0 rewritten=false latencyMs=7183[39m
2026-05-04 18:29:32:2932 [32minfo[39m: [32mconcierge.turn done in=1214 out=123 cacheRead=0 citations=0 trips=0 rewritten=false latencyMs=5747[39m
2026-05-04 18:29:54:2954 [32minfo[39m: [32mconcierge.turn done in=1322 out=332 cacheRead=0 citations=2 trips=0 rewritten=false latencyMs=8132[39m
2026-05-04 18:35:57:3557 [32minfo[39m: [32mconcierge.turn done in=1637 out=272 cacheRead=0 citations=2 trips=0 rewritten=false latencyMs=11828[39m
2026-05-04 18:45:55:4555 [32minfo[39m: [32mconcierge.turn done in=1893 out=236 cacheRead=0 citations=2 trips=0 rewritten=false latencyMs=8153[39m
2026-05-04 18:49:33:4933 [32minfo[39m: [32mconcierge.turn done in=1498 out=252 cacheRead=0 citations=3 trips=0 rewritten=false latencyMs=18010[39m
2026-05-04 18:51:09:519 [32minfo[39m: [32mconcierge.turn done in=329 out=213 cacheRead=0 citations=2 trips=0 rewritten=false latencyMs=9614[39m
2026-05-04 18:52:36:5236 [32minfo[39m: [32mKB loaded: 220 chunks across 13 files (220 public/populated, 26 forbidden substrings)[39m
2026-05-04 18:52:53:5253 [31merror[39m: [31mkb.watcher.reload.error: fetch failed[39m
2026-05-04 18:53:55:5355 [32minfo[39m: [32mconcierge.turn done in=526 out=170 cacheRead=0 citations=1 trips=0 rewritten=false latencyMs=6616[39m
2026-05-04 18:54:59:5459 [32minfo[39m: [32mconcierge.turn done in=677 out=294 cacheRead=0 citations=4 trips=0 rewritten=false latencyMs=13074[39m
2026-05-04 18:58:10:5810 [32minfo[39m: [32mconcierge.turn done in=333 out=220 cacheRead=0 citations=2 trips=0 rewritten=false latencyMs=6318[39m
2026-05-04 18:59:39:5939 [32minfo[39m: [32mconcierge.turn done in=530 out=225 cacheRead=2248 citations=2 trips=0 rewritten=false latencyMs=7100[39m
2026-05-04 19:00:20:020 [31merror[39m: [31mconcierge.anthropic.error: {"type":"error","error":{"details":null,"type":"overloaded_error","message":"Overloaded"},"request_id":"req_011CahcL5UevxDaEwXH9NLNV"}[39m
2026-05-04 19:00:20:020 [31merror[39m: [31mconcierge.stream.error: {"type":"error","error":{"details":null,"type":"overloaded_error","message":"Overloaded"},"request_id":"req_011CahcL5UevxDaEwXH9NLNV"}[39m
2026-05-04 19:00:45:045 [33mwarn[39m: [33mEmailService: SENDGRID_API_KEY missing. Using MOCK mode (logging emails).[39m
2026-05-04 19:00:48:048 [32minfo[39m: [32mKB loaded: 220 chunks across 13 files (220 public/populated, 26 forbidden substrings)[39m
2026-05-04 19:01:03:13 [32minfo[39m: [32mkb.watcher.started watching=/Volumes/MKS MacBook/Kangqore/backend/knowledge-base/*.md[39m
2026-05-04 19:02:03:23 [33mwarn[39m: [33mEmailService: SENDGRID_API_KEY missing. Using MOCK mode (logging emails).[39m
2026-05-04 19:02:05:25 [32minfo[39m: [32mKB loaded: 220 chunks across 13 files (220 public/populated, 26 forbidden substrings)[39m
2026-05-04 19:02:11:211 [37mdebug[39m: [37membeddings.batch 16/75[39m
2026-05-04 19:02:11:211 [33mwarn[39m: [33membeddings.429 — retry 1/5 in 25s[39m
2026-05-04 19:02:39:239 [37mdebug[39m: [37membeddings.batch 32/75[39m
2026-05-04 19:02:40:240 [33mwarn[39m: [33membeddings.429 — retry 1/5 in 25s[39m
2026-05-04 19:03:06:36 [33mwarn[39m: [33membeddings.429 — retry 2/5 in 35s[39m
2026-05-04 19:03:51:351 [37mdebug[39m: [37membeddings.batch 48/75[39m
2026-05-04 19:04:03:43 [33mwarn[39m: [33membeddings.429 — retry 1/5 in 25s[39m
2026-05-04 19:04:20:420 [33mwarn[39m: [33mEmailService: SENDGRID_API_KEY missing. Using MOCK mode (logging emails).[39m
2026-05-04 19:04:22:422 [32minfo[39m: [32mKB loaded: 220 chunks across 13 files (220 public/populated, 26 forbidden substrings)[39m
2026-05-04 19:04:38:438 [37mdebug[39m: [37membeddings.batch 12/75[39m
2026-05-04 19:05:02:52 [37mdebug[39m: [37membeddings.batch 24/75[39m
2026-05-04 19:05:26:526 [37mdebug[39m: [37membeddings.batch 36/75[39m
2026-05-04 19:05:54:554 [37mdebug[39m: [37membeddings.batch 48/75[39m
2026-05-04 19:06:21:621 [37mdebug[39m: [37membeddings.batch 60/75[39m
2026-05-04 19:06:44:644 [37mdebug[39m: [37membeddings.batch 72/75[39m
2026-05-04 19:07:07:77 [37mdebug[39m: [37membeddings.batch 75/75[39m
2026-05-04 19:07:39:739 [32minfo[39m: [32mretrieval.index.loaded chunks=178[39m
2026-05-04 19:07:46:746 [32minfo[39m: [32mretrieval.index.loaded chunks=214[39m
2026-05-04 19:07:46:746 [32minfo[39m: [32mretrieval.index.done added=75 updated=0 unchanged=139 removed=0[39m
2026-05-04 19:07:47:747 [32minfo[39m: [32mkb.watcher.started watching=/Volumes/MKS MacBook/Kangqore/backend/knowledge-base/*.md[39m
2026-05-04 19:07:52:752 [32minfo[39m: [32mconcierge.turn done in=1456 out=214 cacheRead=0 citations=1 trips=0 rewritten=false latencyMs=12616[39m
2026-05-04 19:08:41:841 [32minfo[39m: [32mconcierge.turn done in=346 out=424 cacheRead=0 citations=1 trips=0 rewritten=false latencyMs=14111[39m
2026-05-04 19:08:52:852 [31merror[39m: [31mconcierge.anthropic.error: {"type":"error","error":{"details":null,"type":"overloaded_error","message":"Overloaded"},"request_id":"req_011Cahcyrb521ePeJvv5Ezt5"}[39m
2026-05-04 19:08:52:852 [31merror[39m: [31mconcierge.stream.error: {"type":"error","error":{"details":null,"type":"overloaded_error","message":"Overloaded"},"request_id":"req_011Cahcyrb521ePeJvv5Ezt5"}[39m
2026-05-04 19:09:05:95 [32minfo[39m: [32mconcierge.turn done in=339 out=222 cacheRead=0 citations=1 trips=0 rewritten=false latencyMs=12389[39m
2026-05-04 19:09:06:96 [33mwarn[39m: [33membeddings.429 — retry 1/5 in 25s[39m
2026-05-04 19:09:44:944 [32minfo[39m: [32mconcierge.turn done in=336 out=324 cacheRead=0 citations=1 trips=0 rewritten=false latencyMs=12419[39m
2026-05-04 19:10:50:1050 [32minfo[39m: [32mconcierge.turn done in=336 out=246 cacheRead=0 citations=1 trips=0 rewritten=false latencyMs=8357[39m
2026-05-04 19:11:51:1151 [32minfo[39m: [32mconcierge.turn done in=1539 out=264 cacheRead=0 citations=1 trips=0 rewritten=false latencyMs=14108[39m
2026-05-04 19:12:36:1236 [32minfo[39m: [32mconcierge.turn done in=1476 out=275 cacheRead=0 citations=2 trips=0 rewritten=false latencyMs=12223[39m
2026-05-04 22:58:24:5824 [33mwarn[39m: [33mEmailService: SENDGRID_API_KEY missing. Using MOCK mode (logging emails).[39m
2026-05-04 22:58:27:5827 [32minfo[39m: [32mKB loaded: 220 chunks across 13 files (220 public/populated, 26 forbidden substrings)[39m
2026-05-04 22:58:31:5831 [32minfo[39m: [32mretrieval.index.loaded chunks=214[39m
2026-05-04 22:58:31:5831 [32minfo[39m: [32mretrieval.index.done added=0 updated=0 unchanged=214 removed=0[39m
2026-05-04 22:58:32:5832 [32minfo[39m: [32mkb.watcher.started watching=/Volumes/MKS MacBook/Kangqore/backend/knowledge-base/*.md[39m
2026-05-04 23:42:01:421 [33mwarn[39m: [33mEmailService: SENDGRID_API_KEY missing. Using MOCK mode (logging emails).[39m
2026-05-04 23:42:03:423 [32minfo[39m: [32mKB loaded: 220 chunks across 13 files (220 public/populated, 26 forbidden substrings)[39m
2026-05-04 23:42:07:427 [32minfo[39m: [32mretrieval.index.loaded chunks=214[39m
2026-05-04 23:42:07:427 [32minfo[39m: [32mretrieval.index.done added=0 updated=0 unchanged=214 removed=0[39m
2026-05-04 23:42:07:427 [32minfo[39m: [32mkb.watcher.started watching=/Volumes/MKS MacBook/Kangqore/backend/knowledge-base/*.md[39m
2026-05-04 23:46:53:4653 [33mwarn[39m: [33mEmailService: SENDGRID_API_KEY missing. Using MOCK mode (logging emails).[39m
2026-05-04 23:46:56:4656 [32minfo[39m: [32mKB loaded: 220 chunks across 13 files (220 public/populated, 26 forbidden substrings)[39m
2026-05-04 23:47:00:470 [32minfo[39m: [32mretrieval.index.loaded chunks=214[39m
2026-05-04 23:47:00:470 [32minfo[39m: [32mretrieval.index.done added=0 updated=0 unchanged=214 removed=0[39m
2026-05-04 23:47:00:470 [32minfo[39m: [32mkb.watcher.started watching=/Volumes/MKS MacBook/Kangqore/backend/knowledge-base/*.md[39m
2026-05-05 00:11:38:1138 [33mwarn[39m: [33mEmailService: SENDGRID_API_KEY missing. Using MOCK mode (logging emails).[39m
2026-05-05 00:11:41:1141 [32minfo[39m: [32mKB loaded: 220 chunks across 13 files (220 public/populated, 26 forbidden substrings)[39m
2026-05-05 00:11:52:1152 [32minfo[39m: [32mretrieval.index.loaded chunks=214[39m
2026-05-05 00:11:52:1152 [32minfo[39m: [32mretrieval.index.done added=0 updated=0 unchanged=214 removed=0[39m
2026-05-05 00:11:52:1152 [32minfo[39m: [32mkb.watcher.started watching=/Volumes/MKS MacBook/Kangqore/backend/knowledge-base/*.md[39m
2026-05-05 00:18:07:187 [32minfo[39m: [32mconcierge.turn done in=331 out=133 cacheRead=0 citations=0 trips=0 rewritten=false latencyMs=6266[39m
2026-05-05 00:27:28:2728 [32minfo[39m: [32mKB loaded: 292 chunks across 13 files (292 public/populated, 26 forbidden substrings)[39m
2026-05-05 00:27:34:2734 [37mdebug[39m: [37membeddings.batch 12/79[39m
2026-05-05 00:27:57:2757 [37mdebug[39m: [37membeddings.batch 24/79[39m
2026-05-05 00:28:21:2821 [37mdebug[39m: [37membeddings.batch 36/79[39m
2026-05-05 00:28:44:2844 [37mdebug[39m: [37membeddings.batch 48/79[39m
2026-05-05 00:29:08:298 [37mdebug[39m: [37membeddings.batch 60/79[39m
2026-05-05 00:29:31:2931 [37mdebug[39m: [37membeddings.batch 72/79[39m
2026-05-05 00:29:54:2954 [37mdebug[39m: [37membeddings.batch 79/79[39m
2026-05-05 00:30:05:305 [32minfo[39m: [32mretrieval.index.loaded chunks=286[39m
2026-05-05 00:30:05:305 [32minfo[39m: [32mretrieval.index.done added=72 updated=7 unchanged=207 removed=0[39m
2026-05-05 00:30:05:305 [32minfo[39m: [32mkb.watcher.reload added=72 updated=7 unchanged=207 removed=0 skipped=false[39m
2026-05-05 00:33:14:3314 [32minfo[39m: [32mconcierge.turn done in=343 out=252 cacheRead=0 citations=3 trips=0 rewritten=false latencyMs=6612[39m
2026-05-05 00:35:37:3537 [32minfo[39m: [32mconcierge.turn done in=440 out=193 cacheRead=0 citations=0 trips=0 rewritten=false latencyMs=7026[39m
2026-05-05 00:36:23:3623 [32minfo[39m: [32mconcierge.turn done in=634 out=223 cacheRead=0 citations=2 trips=0 rewritten=false latencyMs=6395[39m
2026-05-05 00:37:00:370 [32minfo[39m: [32mconcierge.turn done in=833 out=220 cacheRead=0 citations=1 trips=0 rewritten=false latencyMs=5752[39m
2026-05-05 04:11:59:1159 [33mwarn[39m: [33mEmailService: SENDGRID_API_KEY missing. Using MOCK mode (logging emails).[39m
2026-05-05 04:12:02:122 [32minfo[39m: [32mKB loaded: 292 chunks across 13 files (292 public/populated, 26 forbidden substrings)[39m
2026-05-05 04:12:08:128 [32minfo[39m: [32mretrieval.index.loaded chunks=286[39m
2026-05-05 04:12:08:128 [32minfo[39m: [32mretrieval.index.done added=0 updated=0 unchanged=286 removed=0[39m
2026-05-05 04:12:08:128 [32minfo[39m: [32mkb.watcher.started watching=/Volumes/MKS MacBook/Kangqore/backend/knowledge-base/*.md[39m
2026-05-05 04:36:19:3619 [33mwarn[39m: [33mEmailService: SENDGRID_API_KEY missing. Using MOCK mode (logging emails).[39m
2026-05-05 04:36:26:3626 [32minfo[39m: [32mKB loaded: 292 chunks across 13 files (292 public/populated, 26 forbidden substrings)[39m
2026-05-05 04:36:32:3632 [37mdebug[39m: [37membeddings.batch 1/1[39m
2026-05-05 04:36:35:3635 [32minfo[39m: [32mretrieval.index.loaded chunks=286[39m
2026-05-05 04:36:35:3635 [32minfo[39m: [32mretrieval.index.done added=0 updated=1 unchanged=285 removed=0[39m
2026-05-05 04:36:35:3635 [32minfo[39m: [32mkb.watcher.started watching=/Volumes/MKS MacBook/Kangqore/backend/knowledge-base/*.md[39m
2026-05-05 04:36:46:3646 [32minfo[39m: [32mKB loaded: 292 chunks across 13 files (292 public/populated, 26 forbidden substrings)[39m
2026-05-05 04:36:49:3649 [37mdebug[39m: [37membeddings.batch 1/1[39m
2026-05-05 04:36:51:3651 [32minfo[39m: [32mretrieval.index.loaded chunks=286[39m
2026-05-05 04:36:51:3651 [32minfo[39m: [32mretrieval.index.done added=1 updated=0 unchanged=285 removed=1[39m
2026-05-05 04:36:51:3651 [32minfo[39m: [32mkb.watcher.reload added=1 updated=0 unchanged=285 removed=1 skipped=false[39m
2026-05-05 04:36:58:3658 [33mwarn[39m: [33mEmailService: SENDGRID_API_KEY missing. Using MOCK mode (logging emails).[39m
2026-05-05 04:37:00:370 [32minfo[39m: [32mKB loaded: 292 chunks across 13 files (292 public/populated, 26 forbidden substrings)[39m
2026-05-05 04:37:06:376 [32minfo[39m: [32mretrieval.index.loaded chunks=286[39m
2026-05-05 04:37:06:376 [32minfo[39m: [32mretrieval.index.done added=0 updated=0 unchanged=286 removed=0[39m
2026-05-05 04:37:06:376 [32minfo[39m: [32mkb.watcher.started watching=/Volumes/MKS MacBook/Kangqore/backend/knowledge-base/*.md[39m
2026-05-05 04:40:29:4029 [32minfo[39m: [32mconcierge.turn done in=332 out=254 cacheRead=0 citations=3 trips=0 rewritten=false latencyMs=6202[39m
2026-05-05 05:50:51:5051 [32minfo[39m: [32mconcierge.turn done in=334 out=142 cacheRead=0 citations=1 trips=0 rewritten=false latencyMs=4533[39m
2026-05-05 05:59:33:5933 [32minfo[39m: [32mconcierge.turn done in=336 out=296 cacheRead=0 citations=2 trips=0 rewritten=false latencyMs=7494[39m
2026-05-05 06:00:24:024 [32minfo[39m: [32m---------------- MOCK EMAIL ----------------[39m
2026-05-05 06:00:24:024 [32minfo[39m: [32mTo: barnalibag.okay@gmail.com[39m
2026-05-05 06:00:24:024 [32minfo[39m: [32mSubject: We received your message - Kangqore[39m
2026-05-05 06:00:24:024 [32minfo[39m: [32mBody: [39m
2026-05-05 06:00:24:024 [32minfo[39m: [32m--------------------------------------------[39m
2026-05-05 06:00:24:024 [32minfo[39m: [32m---------------- MOCK EMAIL ----------------[39m
2026-05-05 06:00:24:024 [32minfo[39m: [32mTo: admin@kangqore.com[39m
2026-05-05 06:00:24:024 [32minfo[39m: [32mSubject: New Concierge Lead: Barnali Bag[39m
2026-05-05 06:00:24:024 [32minfo[39m: [32mBody: [39m
2026-05-05 06:00:24:024 [32minfo[39m: [32m--------------------------------------------[39m
2026-05-05 06:00:25:025 [32minfo[39m: [32mconcierge.lead.captured contactId=cmorw6ik000035a6n7wpuxaxt email=barnalibag.okay@gmail.com[39m
2026-05-05 06:36:37:3637 [32minfo[39m: [32mconcierge.turn done in=339 out=365 cacheRead=0 citations=1 trips=0 rewritten=false latencyMs=8788[39m
2026-05-05 06:37:19:3719 [32minfo[39m: [32mconcierge.turn done in=691 out=309 cacheRead=0 citations=2 trips=0 rewritten=false latencyMs=9564[39m
2026-05-05 06:37:51:3751 [32minfo[39m: [32mconcierge.turn done in=981 out=223 cacheRead=0 citations=2 trips=0 rewritten=false latencyMs=7938[39m
2026-05-05 06:40:53:4053 [32minfo[39m: [32mconcierge.turn done in=329 out=169 cacheRead=0 citations=3 trips=0 rewritten=false latencyMs=5445[39m
2026-05-05 07:42:15:4215 [33mwarn[39m: [33mEmailService: SENDGRID_API_KEY missing. Using MOCK mode (logging emails).[39m
2026-05-05 07:42:19:4219 [32minfo[39m: [32mKB loaded: 292 chunks across 13 files (292 public/populated, 26 forbidden substrings)[39m
2026-05-05 07:42:24:4224 [32minfo[39m: [32mretrieval.index.loaded chunks=286[39m
2026-05-05 07:42:24:4224 [32minfo[39m: [32mretrieval.index.done added=0 updated=0 unchanged=286 removed=0[39m
2026-05-05 07:42:25:4225 [32minfo[39m: [32mkb.watcher.started watching=/Volumes/MKS MacBook/Kangqore/backend/knowledge-base/*.md[39m
2026-05-05 07:50:23:5023 [33mwarn[39m: [33mEmailService: SENDGRID_API_KEY missing. Using MOCK mode (logging emails).[39m
2026-05-05 07:50:25:5025 [32minfo[39m: [32mKB loaded: 292 chunks across 13 files (292 public/populated, 26 forbidden substrings)[39m
2026-05-05 07:50:30:5030 [32minfo[39m: [32mretrieval.index.loaded chunks=286[39m
2026-05-05 07:50:30:5030 [32minfo[39m: [32mretrieval.index.done added=0 updated=0 unchanged=286 removed=0[39m
2026-05-05 07:50:30:5030 [32minfo[39m: [32mkb.watcher.started watching=/Volumes/MKS MacBook/Kangqore/backend/knowledge-base/*.md[39m
2026-05-05 17:36:51:3651 [32minfo[39m: [32mconcierge.turn done in=330 out=330 cacheRead=0 citations=4 trips=0 rewritten=false latencyMs=10594[39m
2026-05-05 21:18:47:1847 [33mwarn[39m: [33mEmailService: SENDGRID_API_KEY missing. Using MOCK mode (logging emails).[39m
2026-05-05 21:18:50:1850 [32minfo[39m: [32mKB loaded: 292 chunks across 13 files (292 public/populated, 26 forbidden substrings)[39m
2026-05-05 21:18:55:1855 [32minfo[39m: [32mretrieval.index.loaded chunks=286[39m
2026-05-05 21:18:55:1855 [32minfo[39m: [32mretrieval.index.done added=0 updated=0 unchanged=286 removed=0[39m
2026-05-05 21:18:55:1855 [32minfo[39m: [32mkb.watcher.started watching=/Volumes/MKS MacBook/Kangqore/backend/knowledge-base/*.md[39m
2026-05-05 21:37:57:3757 [33mwarn[39m: [33mEmailService: SENDGRID_API_KEY missing. Using MOCK mode (logging emails).[39m
2026-05-05 21:38:00:380 [32minfo[39m: [32mKB loaded: 292 chunks across 13 files (292 public/populated, 26 forbidden substrings)[39m
2026-05-05 21:38:05:385 [32minfo[39m: [32mretrieval.index.loaded chunks=286[39m
2026-05-05 21:38:05:385 [32minfo[39m: [32mretrieval.index.done added=0 updated=0 unchanged=286 removed=0[39m
2026-05-05 21:38:05:385 [32minfo[39m: [32mkb.watcher.started watching=/Volumes/MKS MacBook/Kangqore/backend/knowledge-base/*.md[39m
2026-05-05 21:47:48:4748 [33mwarn[39m: [33mEmailService: SENDGRID_API_KEY missing. Using MOCK mode (logging emails).[39m
2026-05-05 21:47:50:4750 [32minfo[39m: [32mKB loaded: 292 chunks across 13 files (292 public/populated, 26 forbidden substrings)[39m
2026-05-05 21:47:55:4755 [32minfo[39m: [32mretrieval.index.loaded chunks=286[39m
2026-05-05 21:47:55:4755 [32minfo[39m: [32mretrieval.index.done added=0 updated=0 unchanged=286 removed=0[39m
2026-05-05 21:47:55:4755 [32minfo[39m: [32mkb.watcher.started watching=/Volumes/MKS MacBook/Kangqore/backend/knowledge-base/*.md[39m
2026-05-06 03:27:52:2752 [33mwarn[39m: [33mEmailService: SENDGRID_API_KEY missing. Using MOCK mode (logging emails).[39m
2026-05-06 03:27:55:2755 [32minfo[39m: [32mKB loaded: 292 chunks across 13 files (292 public/populated, 26 forbidden substrings)[39m
2026-05-06 03:28:01:281 [32minfo[39m: [32mretrieval.index.loaded chunks=286[39m
2026-05-06 03:28:01:281 [32minfo[39m: [32mretrieval.index.done added=0 updated=0 unchanged=286 removed=0[39m
2026-05-06 03:28:01:281 [32minfo[39m: [32mkb.watcher.started watching=/Volumes/MKS MacBook/Kangqore/backend/knowledge-base/*.md[39m
2026-05-06 06:45:14:4514 [33mwarn[39m: [33mEmailService: SENDGRID_API_KEY missing. Using MOCK mode (logging emails).[39m
2026-05-06 06:45:17:4517 [32minfo[39m: [32mKB loaded: 292 chunks across 13 files (292 public/populated, 26 forbidden substrings)[39m
2026-05-06 06:45:22:4522 [32minfo[39m: [32mretrieval.index.loaded chunks=286[39m
2026-05-06 06:45:22:4522 [32minfo[39m: [32mretrieval.index.done added=0 updated=0 unchanged=286 removed=0[39m
2026-05-06 06:45:23:4523 [32minfo[39m: [32mkb.watcher.started watching=/Volumes/MKS MacBook/Kangqore/backend/knowledge-base/*.md[39m
2026-05-06 08:57:47:5747 [32minfo[39m: [32mconcierge.turn done in=330 out=171 cacheRead=0 citations=2 trips=0 rewritten=false latencyMs=5615[39m
2026-05-06 08:58:29:5829 [32minfo[39m: [32mconcierge.turn done in=482 out=206 cacheRead=0 citations=4 trips=0 rewritten=false latencyMs=6153[39m
2026-05-06 08:58:49:5849 [32minfo[39m: [32mconcierge.turn done in=670 out=337 cacheRead=0 citations=5 trips=0 rewritten=false latencyMs=7134[39m
2026-05-06 08:59:05:595 [32minfo[39m: [32mconcierge.turn done in=987 out=327 cacheRead=0 citations=1 trips=0 rewritten=false latencyMs=7139[39m
2026-05-06 08:59:14:5914 [33mwarn[39m: [33membeddings.429 — retry 1/5 in 25s[39m
2026-05-06 08:59:46:5946 [32minfo[39m: [32mconcierge.turn done in=1293 out=202 cacheRead=0 citations=1 trips=0 rewritten=false latencyMs=6503[39m
2026-05-06 09:00:32:032 [32minfo[39m: [32mconcierge.turn done in=1471 out=185 cacheRead=0 citations=1 trips=0 rewritten=false latencyMs=6379[39m
2026-05-07 03:17:48:1748 [33mwarn[39m: [33mEmailService: SENDGRID_API_KEY missing. Using MOCK mode (logging emails).[39m
2026-05-07 03:17:57:1757 [32minfo[39m: [32mKB loaded: 292 chunks across 13 files (292 public/populated, 26 forbidden substrings)[39m
2026-05-07 03:18:30:1830 [32minfo[39m: [32mretrieval.index.loaded chunks=286[39m
2026-05-07 03:18:30:1830 [32minfo[39m: [32mretrieval.index.done added=0 updated=0 unchanged=286 removed=0[39m
2026-05-07 03:18:39:1839 [32minfo[39m: [32mkb.watcher.started watching=/Volumes/MKS MacBook/Kangqore/backend/knowledge-base/*.md[39m
2026-05-07 05:09:56:956 [33mwarn[39m: [33mEmailService: SENDGRID_API_KEY missing. Using MOCK mode (logging emails).[39m
2026-05-07 05:10:01:101 [32minfo[39m: [32mKB loaded: 292 chunks across 13 files (292 public/populated, 26 forbidden substrings)[39m
2026-05-07 05:10:09:109 [32minfo[39m: [32mretrieval.index.loaded chunks=286[39m
2026-05-07 05:10:09:109 [32minfo[39m: [32mretrieval.index.done added=0 updated=0 unchanged=286 removed=0[39m
2026-05-07 05:10:10:1010 [32minfo[39m: [32mkb.watcher.started watching=/Volumes/MKS MacBook/Kangqore/backend/knowledge-base/*.md[39m
2026-05-07 16:31:11:3111 [32minfo[39m: [32mconcierge.turn done in=325 out=110 cacheRead=0 citations=0 trips=0 rewritten=false latencyMs=6004[39m
2026-05-07 16:31:42:3142 [32minfo[39m: [32mconcierge.turn done in=416 out=178 cacheRead=0 citations=3 trips=0 rewritten=false latencyMs=5834[39m
2026-05-07 21:32:43:3243 [32minfo[39m: [32mEmailService: SendGrid configured.[39m
2026-05-07 21:32:47:3247 [32minfo[39m: [32mKB loaded: 292 chunks across 13 files (292 public/populated, 26 forbidden substrings)[39m
2026-05-07 21:32:55:3255 [32minfo[39m: [32mretrieval.index.loaded chunks=286[39m
2026-05-07 21:32:55:3255 [32minfo[39m: [32mretrieval.index.done added=0 updated=0 unchanged=286 removed=0[39m
2026-05-07 21:32:55:3255 [32minfo[39m: [32mkb.watcher.started watching=/Volumes/MKS MacBook/Kangqore/backend/knowledge-base/*.md[39m
2026-05-07 21:36:26:3626 [32minfo[39m: [32mEmailService: SendGrid configured.[39m
2026-05-07 21:36:32:3632 [32minfo[39m: [32mKB loaded: 292 chunks across 13 files (292 public/populated, 26 forbidden substrings)[39m
2026-05-07 21:37:00:370 [32minfo[39m: [32mretrieval.index.loaded chunks=286[39m
2026-05-07 21:37:00:370 [32minfo[39m: [32mretrieval.index.done added=0 updated=0 unchanged=286 removed=0[39m
2026-05-07 21:37:00:370 [32minfo[39m: [32mkb.watcher.started watching=/Volumes/MKS MacBook/Kangqore/backend/knowledge-base/*.md[39m
2026-05-07 22:43:38:4338 [32minfo[39m: [32mEmailService: SendGrid configured.[39m
2026-05-07 22:43:46:4346 [32minfo[39m: [32mKB loaded: 292 chunks across 13 files (292 public/populated, 26 forbidden substrings)[39m
2026-05-07 22:44:01:441 [32minfo[39m: [32mretrieval.index.loaded chunks=286[39m
2026-05-07 22:44:01:441 [32minfo[39m: [32mretrieval.index.done added=0 updated=0 unchanged=286 removed=0[39m
2026-05-07 22:44:02:442 [32minfo[39m: [32mkb.watcher.started watching=/Volumes/MKS MacBook/Kangqore/backend/knowledge-base/*.md[39m
2026-05-08 00:32:41:3241 [32minfo[39m: [32mEmailService: SendGrid configured.[39m
2026-05-08 00:33:12:3312 [32minfo[39m: [32mKB loaded: 292 chunks across 13 files (292 public/populated, 26 forbidden substrings)[39m
2026-05-08 00:34:02:342 [32minfo[39m: [32mretrieval.index.loaded chunks=286[39m
2026-05-08 00:34:02:342 [32minfo[39m: [32mretrieval.index.done added=0 updated=0 unchanged=286 removed=0[39m
2026-05-08 00:34:02:342 [32minfo[39m: [32mkb.watcher.started watching=/Volumes/MKS MacBook/Kangqore/backend/knowledge-base/*.md[39m
2026-05-08 00:38:47:3847 [32minfo[39m: [32mEmailService: SendGrid configured.[39m
2026-05-08 00:38:52:3852 [32minfo[39m: [32mKB loaded: 292 chunks across 13 files (292 public/populated, 26 forbidden substrings)[39m
2026-05-08 00:38:59:3859 [32minfo[39m: [32mretrieval.index.loaded chunks=286[39m
2026-05-08 00:38:59:3859 [32minfo[39m: [32mretrieval.index.done added=0 updated=0 unchanged=286 removed=0[39m
2026-05-08 00:38:59:3859 [32minfo[39m: [32mkb.watcher.started watching=/Volumes/MKS MacBook/Kangqore/backend/knowledge-base/*.md[39m
2026-05-08 03:38:26:3826 [32minfo[39m: [32mEmailService: SendGrid configured.[39m
2026-05-08 03:38:33:3833 [32minfo[39m: [32mKB loaded: 292 chunks across 13 files (292 public/populated, 26 forbidden substrings)[39m
2026-05-08 03:38:44:3844 [32minfo[39m: [32mretrieval.index.loaded chunks=286[39m
2026-05-08 03:38:44:3844 [32minfo[39m: [32mretrieval.index.done added=0 updated=0 unchanged=286 removed=0[39m
2026-05-08 03:38:55:3855 [32minfo[39m: [32mkb.watcher.started watching=/Volumes/MKS MacBook/Kangqore/backend/knowledge-base/*.md[39m
2026-05-08 04:30:11:3011 [32minfo[39m: [32mEmailService: SendGrid configured.[39m
2026-05-08 04:30:15:3015 [32minfo[39m: [32mKB loaded: 292 chunks across 13 files (292 public/populated, 26 forbidden substrings)[39m
2026-05-08 04:30:22:3022 [32minfo[39m: [32mretrieval.index.loaded chunks=286[39m
2026-05-08 04:30:22:3022 [32minfo[39m: [32mretrieval.index.done added=0 updated=0 unchanged=286 removed=0[39m
2026-05-08 04:30:22:3022 [32minfo[39m: [32mkb.watcher.started watching=/Volumes/MKS MacBook/Kangqore/backend/knowledge-base/*.md[39m
2026-05-08 04:30:24:3024 [32minfo[39m: [32mEmailService: SendGrid configured.[39m
2026-05-08 04:30:27:3027 [32minfo[39m: [32mKB loaded: 292 chunks across 13 files (292 public/populated, 26 forbidden substrings)[39m
2026-05-08 04:30:36:3036 [32minfo[39m: [32mretrieval.index.loaded chunks=286[39m
2026-05-08 04:30:36:3036 [32minfo[39m: [32mretrieval.index.done added=0 updated=0 unchanged=286 removed=0[39m
2026-05-08 04:30:37:3037 [32minfo[39m: [32mkb.watcher.started watching=/Volumes/MKS MacBook/Kangqore/backend/knowledge-base/*.md[39m
2026-05-08 04:30:44:3044 [32minfo[39m: [32mEmailService: SendGrid configured.[39m
2026-05-08 04:30:48:3048 [32minfo[39m: [32mKB loaded: 292 chunks across 13 files (292 public/populated, 26 forbidden substrings)[39m
2026-05-08 04:31:00:310 [32minfo[39m: [32mEmailService: SendGrid configured.[39m
2026-05-08 04:31:04:314 [32minfo[39m: [32mKB loaded: 292 chunks across 13 files (292 public/populated, 26 forbidden substrings)[39m
2026-05-08 04:31:10:3110 [32minfo[39m: [32mEmailService: SendGrid configured.[39m
2026-05-08 04:31:12:3112 [32minfo[39m: [32mKB loaded: 292 chunks across 13 files (292 public/populated, 26 forbidden substrings)[39m
2026-05-08 04:31:18:3118 [32minfo[39m: [32mretrieval.index.loaded chunks=286[39m
2026-05-08 04:31:18:3118 [32minfo[39m: [32mretrieval.index.done added=0 updated=0 unchanged=286 removed=0[39m
2026-05-08 04:31:18:3118 [32minfo[39m: [32mkb.watcher.started watching=/Volumes/MKS MacBook/Kangqore/backend/knowledge-base/*.md[39m
2026-05-08 04:51:13:5113 [32minfo[39m: [32mEmailService: SendGrid configured.[39m
2026-05-08 04:51:21:5121 [32minfo[39m: [32mKB loaded: 292 chunks across 13 files (292 public/populated, 26 forbidden substrings)[39m
2026-05-08 04:51:32:5132 [32minfo[39m: [32mretrieval.index.loaded chunks=286[39m
2026-05-08 04:51:32:5132 [32minfo[39m: [32mretrieval.index.done added=0 updated=0 unchanged=286 removed=0[39m
2026-05-08 04:51:33:5133 [32minfo[39m: [32mkb.watcher.started watching=/Volumes/MKS MacBook/Kangqore/backend/knowledge-base/*.md[39m
2026-05-14 20:01:41:141 [32minfo[39m: [32mEmailService: SendGrid configured.[39m
2026-05-14 20:02:06:26 [32minfo[39m: [32mKB loaded: 292 chunks across 13 files (292 public/populated, 26 forbidden substrings)[39m
2026-05-14 20:02:28:228 [32minfo[39m: [32mretrieval.index.loaded chunks=286[39m
2026-05-14 20:02:28:228 [32minfo[39m: [32mretrieval.index.done added=0 updated=0 unchanged=286 removed=0[39m
2026-05-14 20:02:29:229 [32minfo[39m: [32mkb.watcher.started watching=/Volumes/MKS MacBook/Kangqore/backend/knowledge-base/*.md[39m
2026-05-19 02:59:38:5938 [32minfo[39m: [32mEmailService: SendGrid configured.[39m
2026-05-19 02:59:53:5953 [32minfo[39m: [32mRedis Mocked: Using in-memory no-op provider[39m
2026-05-19 02:59:55:5955 [32minfo[39m: [32mMOCK_REDIS enabled. Bypassing BullMQ initialization.[39m
2026-05-19 03:00:00:00 [32minfo[39m: [32mKB loaded: 303 chunks across 13 files (303 public/populated, 36 forbidden substrings)[39m
2026-05-19 03:00:12:012 [32minfo[39m: [32mretrieval.index.loaded chunks=297[39m
2026-05-19 03:00:12:012 [32minfo[39m: [32mretrieval.index.done added=0 updated=0 unchanged=297 removed=0[39m
2026-05-19 03:00:12:012 [32minfo[39m: [32mkb.watcher.started watching=/Volumes/MKS MacBook/Kangqore/backend/knowledge-base/*.md[39m
2026-05-19 03:56:43:5643 [32minfo[39m: [32mconcierge.turn done in=331 out=222 cacheRead=0 citations=0 trips=0 rewritten=false latencyMs=8029[39m
2026-05-19 03:56:58:5658 [32minfo[39m: [32mconcierge.turn done in=526 out=276 cacheRead=0 citations=2 trips=0 rewritten=false latencyMs=6087[39m
2026-05-19 04:28:01:281 [32minfo[39m: [32mconcierge.turn done in=331 out=222 cacheRead=0 citations=1 trips=0 rewritten=false latencyMs=8314[39m
2026-05-29 14:37:18:3718 [33mwarn[39m: [33mEmailService: SENDGRID_API_KEY missing. Using MOCK mode (logging emails).[39m
2026-05-29 14:37:19:3719 [32minfo[39m: [32mBullMQ Queues initialized with DLQ and Exponential Backoff.[39m
2026-05-29 14:37:19:3719 [32minfo[39m: [32mConnected to Redis for eQORE Queues[39m
2026-05-29 14:37:19:3719 [32minfo[39m: [32mKB loaded: 303 chunks across 13 files (303 public/populated, 36 forbidden substrings)[39m
2026-05-29 14:37:19:3719 [33mwarn[39m: [33mretrieval.index.skip — VOYAGE_API_KEY not configured; KnowledgeChunk table will not be populated. Concierge will fall back to stuffing the full KB into the prompt.[39m
2026-05-29 14:37:19:3719 [32minfo[39m: [32mretrieval.index.loaded chunks=0[39m
2026-05-29 14:37:19:3719 [32minfo[39m: [32mkb.watcher.started watching=/Users/maheshkumar/Kangqore/backend/knowledge-base/*.md[39m
2026-05-29 14:43:43:4343 [32minfo[39m: [32mretrieval.index.loaded chunks=0[39m
2026-05-29 14:43:43:4343 [31merror[39m: [31mconcierge.client.error: ANTHROPIC_API_KEY is not configured[39m
2026-05-29 14:44:17:4417 [32minfo[39m: [32mretrieval.index.loaded chunks=0[39m
2026-05-29 14:44:17:4417 [31merror[39m: [31mconcierge.client.error: ANTHROPIC_API_KEY is not configured[39m
2026-05-29 14:46:12:4612 [32minfo[39m: [32mretrieval.index.loaded chunks=0[39m
2026-05-29 14:46:12:4612 [31merror[39m: [31mconcierge.client.error: ANTHROPIC_API_KEY is not configured[39m
2026-05-29 16:16:26:1626 [33mwarn[39m: [33mEmailService: SENDGRID_API_KEY missing. Using MOCK mode (logging emails).[39m
2026-05-29 16:16:26:1626 [32minfo[39m: [32mBullMQ Queues initialized with DLQ and Exponential Backoff.[39m
2026-05-29 16:16:26:1626 [32minfo[39m: [32mKB loaded: 303 chunks across 13 files (303 public/populated, 36 forbidden substrings)[39m
2026-05-29 16:16:26:1626 [33mwarn[39m: [33mretrieval.index.skip — VOYAGE_API_KEY not configured; KnowledgeChunk table will not be populated. Concierge will fall back to stuffing the full KB into the prompt.[39m
2026-05-29 16:16:26:1626 [32minfo[39m: [32mConnected to Redis for eQORE Queues[39m
2026-05-29 16:16:26:1626 [32minfo[39m: [32mretrieval.index.loaded chunks=0[39m
2026-05-29 16:16:26:1626 [32minfo[39m: [32mkb.watcher.started watching=/Users/maheshkumar/Kangqore/backend/knowledge-base/*.md[39m
2026-05-29 16:16:46:1646 [33mwarn[39m: [33mEmailService: SENDGRID_API_KEY missing. Using MOCK mode (logging emails).[39m
2026-05-29 16:16:47:1647 [32minfo[39m: [32mBullMQ Queues initialized with DLQ and Exponential Backoff.[39m
2026-05-29 16:16:47:1647 [32minfo[39m: [32mConnected to Redis for eQORE Queues[39m
2026-05-29 16:16:47:1647 [32minfo[39m: [32mKB loaded: 303 chunks across 13 files (303 public/populated, 36 forbidden substrings)[39m
2026-05-29 16:16:47:1647 [33mwarn[39m: [33mretrieval.index.skip — VOYAGE_API_KEY not configured; KnowledgeChunk table will not be populated. Concierge will fall back to stuffing the full KB into the prompt.[39m
2026-05-29 16:16:47:1647 [32minfo[39m: [32mretrieval.index.loaded chunks=0[39m
2026-05-29 16:16:47:1647 [32minfo[39m: [32mkb.watcher.started watching=/Users/maheshkumar/Kangqore/backend/knowledge-base/*.md[39m
2026-05-29 16:16:58:1658 [33mwarn[39m: [33mEmailService: SENDGRID_API_KEY missing. Using MOCK mode (logging emails).[39m
2026-05-29 16:16:59:1659 [32minfo[39m: [32mBullMQ Queues initialized with DLQ and Exponential Backoff.[39m
2026-05-29 16:16:59:1659 [32minfo[39m: [32mKB loaded: 303 chunks across 13 files (303 public/populated, 36 forbidden substrings)[39m
2026-05-29 16:16:59:1659 [33mwarn[39m: [33mretrieval.index.skip — VOYAGE_API_KEY not configured; KnowledgeChunk table will not be populated. Concierge will fall back to stuffing the full KB into the prompt.[39m
2026-05-29 16:16:59:1659 [32minfo[39m: [32mConnected to Redis for eQORE Queues[39m
2026-05-29 16:16:59:1659 [32minfo[39m: [32mretrieval.index.loaded chunks=0[39m
2026-05-29 16:16:59:1659 [32minfo[39m: [32mkb.watcher.started watching=/Users/maheshkumar/Kangqore/backend/knowledge-base/*.md[39m
2026-05-29 16:17:24:1724 [33mwarn[39m: [33mEmailService: SENDGRID_API_KEY missing. Using MOCK mode (logging emails).[39m
2026-05-29 16:17:24:1724 [32minfo[39m: [32mBullMQ Queues initialized with DLQ and Exponential Backoff.[39m
2026-05-29 16:17:24:1724 [32minfo[39m: [32mConnected to Redis for eQORE Queues[39m
2026-05-29 16:17:24:1724 [32minfo[39m: [32mKB loaded: 303 chunks across 13 files (303 public/populated, 36 forbidden substrings)[39m
2026-05-29 16:17:24:1724 [33mwarn[39m: [33mretrieval.index.skip — VOYAGE_API_KEY not configured; KnowledgeChunk table will not be populated. Concierge will fall back to stuffing the full KB into the prompt.[39m
2026-05-29 16:17:24:1724 [32minfo[39m: [32mretrieval.index.loaded chunks=0[39m
2026-05-29 16:17:24:1724 [32minfo[39m: [32mkb.watcher.started watching=/Users/maheshkumar/Kangqore/backend/knowledge-base/*.md[39m
2026-05-29 16:17:40:1740 [33mwarn[39m: [33mEmailService: SENDGRID_API_KEY missing. Using MOCK mode (logging emails).[39m
2026-05-29 16:17:40:1740 [32minfo[39m: [32mBullMQ Queues initialized with DLQ and Exponential Backoff.[39m
2026-05-29 16:17:40:1740 [32minfo[39m: [32mKB loaded: 303 chunks across 13 files (303 public/populated, 36 forbidden substrings)[39m
2026-05-29 16:17:40:1740 [33mwarn[39m: [33mretrieval.index.skip — VOYAGE_API_KEY not configured; KnowledgeChunk table will not be populated. Concierge will fall back to stuffing the full KB into the prompt.[39m
2026-05-29 16:17:40:1740 [32minfo[39m: [32mConnected to Redis for eQORE Queues[39m
2026-05-29 16:17:40:1740 [32minfo[39m: [32mretrieval.index.loaded chunks=0[39m
2026-05-29 16:17:40:1740 [32minfo[39m: [32mkb.watcher.started watching=/Users/maheshkumar/Kangqore/backend/knowledge-base/*.md[39m
2026-05-29 16:17:58:1758 [33mwarn[39m: [33mEmailService: SENDGRID_API_KEY missing. Using MOCK mode (logging emails).[39m
2026-05-29 16:17:59:1759 [32minfo[39m: [32mBullMQ Queues initialized with DLQ and Exponential Backoff.[39m
2026-05-29 16:17:59:1759 [32minfo[39m: [32mConnected to Redis for eQORE Queues[39m
2026-05-29 16:17:59:1759 [32minfo[39m: [32mKB loaded: 303 chunks across 13 files (303 public/populated, 36 forbidden substrings)[39m
2026-05-29 16:17:59:1759 [33mwarn[39m: [33mretrieval.index.skip — VOYAGE_API_KEY not configured; KnowledgeChunk table will not be populated. Concierge will fall back to stuffing the full KB into the prompt.[39m
2026-05-29 16:17:59:1759 [32minfo[39m: [32mretrieval.index.loaded chunks=0[39m
2026-05-29 16:17:59:1759 [32minfo[39m: [32mkb.watcher.started watching=/Users/maheshkumar/Kangqore/backend/knowledge-base/*.md[39m
2026-05-29 20:09:52:952 [32minfo[39m: [32mretrieval.index.loaded chunks=0[39m
2026-05-29 20:09:52:952 [31merror[39m: [31mconcierge.client.error: ANTHROPIC_API_KEY is not configured[39m
2026-05-29 22:40:07:407 [32minfo[39m: [32mretrieval.index.loaded chunks=0[39m
2026-05-29 22:40:07:407 [31merror[39m: [31mconcierge.client.error: ANTHROPIC_API_KEY is not configured[39m
2026-05-30 05:02:20:220 [33mwarn[39m: [33mEmailService: SENDGRID_API_KEY missing. Using MOCK mode (logging emails).[39m
2026-05-30 05:02:20:220 [32minfo[39m: [32mBullMQ Queues initialized with DLQ and Exponential Backoff.[39m
2026-05-30 05:02:20:220 [32minfo[39m: [32mKB loaded: 303 chunks across 13 files (303 public/populated, 36 forbidden substrings)[39m
2026-05-30 05:02:20:220 [33mwarn[39m: [33mretrieval.index.skip — VOYAGE_API_KEY not configured; KnowledgeChunk table will not be populated. Concierge will fall back to stuffing the full KB into the prompt.[39m
2026-05-30 05:02:20:220 [32minfo[39m: [32mConnected to Redis for eQORE Queues[39m
2026-05-30 05:02:20:220 [32minfo[39m: [32mretrieval.index.loaded chunks=0[39m
2026-05-30 05:02:20:220 [32minfo[39m: [32mkb.watcher.started watching=/Users/maheshkumar/Kangqore/backend/knowledge-base/*.md[39m
2026-05-30 05:07:09:79 [33mwarn[39m: [33mEmailService: SENDGRID_API_KEY missing. Using MOCK mode (logging emails).[39m
2026-05-30 05:07:10:710 [32minfo[39m: [32mBullMQ Queues initialized with DLQ and Exponential Backoff.[39m
2026-05-30 05:07:10:710 [32minfo[39m: [32mKB loaded: 303 chunks across 13 files (303 public/populated, 36 forbidden substrings)[39m
2026-05-30 05:07:10:710 [33mwarn[39m: [33mretrieval.index.skip — VOYAGE_API_KEY not configured; KnowledgeChunk table will not be populated. Concierge will fall back to stuffing the full KB into the prompt.[39m
2026-05-30 05:07:10:710 [32minfo[39m: [32mConnected to Redis for eQORE Queues[39m
2026-05-30 05:07:10:710 [32minfo[39m: [32mretrieval.index.loaded chunks=0[39m
2026-05-30 05:07:10:710 [32minfo[39m: [32mkb.watcher.started watching=/Users/maheshkumar/Kangqore/backend/knowledge-base/*.md[39m
2026-05-30 11:09:58:958 [33mwarn[39m: [33mEmailService: SENDGRID_API_KEY missing. Using MOCK mode (logging emails).[39m
2026-05-30 11:09:59:959 [32minfo[39m: [32mBullMQ Queues initialized with DLQ and Exponential Backoff.[39m
2026-05-30 11:10:00:100 [32minfo[39m: [32mKB loaded: 303 chunks across 13 files (303 public/populated, 36 forbidden substrings)[39m
2026-05-30 11:10:00:100 [33mwarn[39m: [33mretrieval.index.skip — VOYAGE_API_KEY not configured; KnowledgeChunk table will not be populated. Concierge will fall back to stuffing the full KB into the prompt.[39m
2026-05-30 11:10:00:100 [32minfo[39m: [32mConnected to Redis for eQORE Queues[39m
2026-05-30 11:10:00:100 [32minfo[39m: [32mretrieval.index.loaded chunks=0[39m
2026-05-30 11:10:00:100 [32minfo[39m: [32mkb.watcher.started watching=/Users/maheshkumar/Kangqore/backend/knowledge-base/*.md[39m
2026-05-30 11:10:22:1022 [33mwarn[39m: [33mEmailService: SENDGRID_API_KEY missing. Using MOCK mode (logging emails).[39m
2026-05-30 11:10:23:1023 [32minfo[39m: [32mBullMQ Queues initialized with DLQ and Exponential Backoff.[39m
2026-05-30 11:10:23:1023 [32minfo[39m: [32mKB loaded: 303 chunks across 13 files (303 public/populated, 36 forbidden substrings)[39m
2026-05-30 11:10:23:1023 [33mwarn[39m: [33mretrieval.index.skip — VOYAGE_API_KEY not configured; KnowledgeChunk table will not be populated. Concierge will fall back to stuffing the full KB into the prompt.[39m
2026-05-30 11:10:23:1023 [32minfo[39m: [32mConnected to Redis for eQORE Queues[39m
2026-05-30 11:10:23:1023 [32minfo[39m: [32mretrieval.index.loaded chunks=0[39m
2026-05-30 11:10:23:1023 [32minfo[39m: [32mkb.watcher.started watching=/Users/maheshkumar/Kangqore/backend/knowledge-base/*.md[39m
2026-05-30 11:11:29:1129 [33mwarn[39m: [33mEmailService: SENDGRID_API_KEY missing. Using MOCK mode (logging emails).[39m
2026-05-30 11:11:30:1130 [32minfo[39m: [32mBullMQ Queues initialized with DLQ and Exponential Backoff.[39m
2026-05-30 11:11:30:1130 [32minfo[39m: [32mConnected to Redis for eQORE Queues[39m
2026-05-30 11:11:30:1130 [32minfo[39m: [32mKB loaded: 303 chunks across 13 files (303 public/populated, 36 forbidden substrings)[39m
2026-05-30 11:11:30:1130 [33mwarn[39m: [33mretrieval.index.skip — VOYAGE_API_KEY not configured; KnowledgeChunk table will not be populated. Concierge will fall back to stuffing the full KB into the prompt.[39m
2026-05-30 11:11:30:1130 [32minfo[39m: [32mretrieval.index.loaded chunks=0[39m
2026-05-30 11:11:30:1130 [32minfo[39m: [32mkb.watcher.started watching=/Users/maheshkumar/Kangqore/backend/knowledge-base/*.md[39m
2026-05-30 11:12:49:1249 [33mwarn[39m: [33mEmailService: SENDGRID_API_KEY missing. Using MOCK mode (logging emails).[39m
2026-05-30 11:12:49:1249 [32minfo[39m: [32mBullMQ Queues initialized with DLQ and Exponential Backoff.[39m
2026-05-30 11:12:50:1250 [32minfo[39m: [32mConnected to Redis for eQORE Queues[39m
2026-05-30 11:12:50:1250 [32minfo[39m: [32mKB loaded: 303 chunks across 13 files (303 public/populated, 36 forbidden substrings)[39m
2026-05-30 11:12:50:1250 [33mwarn[39m: [33mretrieval.index.skip — VOYAGE_API_KEY not configured; KnowledgeChunk table will not be populated. Concierge will fall back to stuffing the full KB into the prompt.[39m
2026-05-30 11:12:50:1250 [32minfo[39m: [32mretrieval.index.loaded chunks=0[39m
2026-05-30 11:12:50:1250 [32minfo[39m: [32mkb.watcher.started watching=/Users/maheshkumar/Kangqore/backend/knowledge-base/*.md[39m
2026-05-30 11:27:13:2713 [33mwarn[39m: [33mEmailService: SENDGRID_API_KEY missing. Using MOCK mode (logging emails).[39m
2026-05-30 11:27:14:2714 [32minfo[39m: [32mBullMQ Queues initialized with DLQ and Exponential Backoff.[39m
2026-05-30 11:27:14:2714 [32minfo[39m: [32mKB loaded: 303 chunks across 13 files (303 public/populated, 36 forbidden substrings)[39m
2026-05-30 11:27:14:2714 [33mwarn[39m: [33mretrieval.index.skip — VOYAGE_API_KEY not configured; KnowledgeChunk table will not be populated. Concierge will fall back to stuffing the full KB into the prompt.[39m
2026-05-30 11:27:14:2714 [32minfo[39m: [32mConnected to Redis for eQORE Queues[39m
2026-05-30 11:27:14:2714 [32minfo[39m: [32mretrieval.index.loaded chunks=0[39m
2026-05-30 11:27:14:2714 [32minfo[39m: [32mkb.watcher.started watching=/Users/maheshkumar/Kangqore/backend/knowledge-base/*.md[39m
2026-05-30 11:32:48:3248 [33mwarn[39m: [33mEmailService: SENDGRID_API_KEY missing. Using MOCK mode (logging emails).[39m
2026-05-30 11:32:49:3249 [32minfo[39m: [32mBullMQ Queues initialized with DLQ and Exponential Backoff.[39m
2026-05-30 11:32:49:3249 [32minfo[39m: [32mConnected to Redis for eQORE Queues[39m
2026-05-30 11:32:49:3249 [32minfo[39m: [32mKB loaded: 303 chunks across 13 files (303 public/populated, 36 forbidden substrings)[39m
2026-05-30 11:32:49:3249 [33mwarn[39m: [33mretrieval.index.skip — VOYAGE_API_KEY not configured; KnowledgeChunk table will not be populated. Concierge will fall back to stuffing the full KB into the prompt.[39m
2026-05-30 11:32:49:3249 [32minfo[39m: [32mretrieval.index.loaded chunks=0[39m
2026-05-30 11:32:49:3249 [32minfo[39m: [32mkb.watcher.started watching=/Users/maheshkumar/Kangqore/backend/knowledge-base/*.md[39m
2026-05-30 11:34:09:349 [33mwarn[39m: [33mEmailService: SENDGRID_API_KEY missing. Using MOCK mode (logging emails).[39m
2026-05-30 11:34:09:349 [32minfo[39m: [32mBullMQ Queues initialized with DLQ and Exponential Backoff.[39m
2026-05-30 11:34:11:3411 [32minfo[39m: [32mKB loaded: 303 chunks across 13 files (303 public/populated, 36 forbidden substrings)[39m
2026-05-30 11:34:11:3411 [33mwarn[39m: [33mretrieval.index.skip — VOYAGE_API_KEY not configured; KnowledgeChunk table will not be populated. Concierge will fall back to stuffing the full KB into the prompt.[39m
2026-05-30 11:34:11:3411 [32minfo[39m: [32mConnected to Redis for eQORE Queues[39m
2026-05-30 11:34:11:3411 [32minfo[39m: [32mretrieval.index.loaded chunks=0[39m
2026-05-30 11:34:11:3411 [32minfo[39m: [32mkb.watcher.started watching=/Users/maheshkumar/Kangqore/backend/knowledge-base/*.md[39m
2026-05-30 11:34:33:3433 [33mwarn[39m: [33mEmailService: SENDGRID_API_KEY missing. Using MOCK mode (logging emails).[39m
2026-05-30 11:34:34:3434 [32minfo[39m: [32mBullMQ Queues initialized with DLQ and Exponential Backoff.[39m
2026-05-30 11:34:34:3434 [32minfo[39m: [32mKB loaded: 303 chunks across 13 files (303 public/populated, 36 forbidden substrings)[39m
2026-05-30 11:34:34:3434 [33mwarn[39m: [33mretrieval.index.skip — VOYAGE_API_KEY not configured; KnowledgeChunk table will not be populated. Concierge will fall back to stuffing the full KB into the prompt.[39m
2026-05-30 11:34:34:3434 [32minfo[39m: [32mConnected to Redis for eQORE Queues[39m
2026-05-30 11:34:34:3434 [32minfo[39m: [32mretrieval.index.loaded chunks=0[39m
2026-05-30 11:34:34:3434 [32minfo[39m: [32mkb.watcher.started watching=/Users/maheshkumar/Kangqore/backend/knowledge-base/*.md[39m
2026-05-30 11:35:11:3511 [33mwarn[39m: [33mEmailService: SENDGRID_API_KEY missing. Using MOCK mode (logging emails).[39m
2026-05-30 11:35:11:3511 [32minfo[39m: [32mBullMQ Queues initialized with DLQ and Exponential Backoff.[39m
2026-05-30 11:35:12:3512 [32minfo[39m: [32mKB loaded: 303 chunks across 13 files (303 public/populated, 36 forbidden substrings)[39m
2026-05-30 11:35:12:3512 [33mwarn[39m: [33mretrieval.index.skip — VOYAGE_API_KEY not configured; KnowledgeChunk table will not be populated. Concierge will fall back to stuffing the full KB into the prompt.[39m
2026-05-30 11:35:12:3512 [32minfo[39m: [32mConnected to Redis for eQORE Queues[39m
2026-05-30 11:35:12:3512 [32minfo[39m: [32mretrieval.index.loaded chunks=0[39m
2026-05-30 11:35:12:3512 [32minfo[39m: [32mkb.watcher.started watching=/Users/maheshkumar/Kangqore/backend/knowledge-base/*.md[39m
2026-05-30 11:50:10:5010 [33mwarn[39m: [33mEmailService: SENDGRID_API_KEY missing. Using MOCK mode (logging emails).[39m
2026-05-30 11:50:10:5010 [32minfo[39m: [32mBullMQ Queues initialized with DLQ and Exponential Backoff.[39m
2026-05-30 11:50:10:5010 [32minfo[39m: [32mConnected to Redis for eQORE Queues[39m
2026-05-30 11:50:10:5010 [32minfo[39m: [32mKB loaded: 303 chunks across 13 files (303 public/populated, 36 forbidden substrings)[39m
2026-05-30 11:50:10:5010 [33mwarn[39m: [33mretrieval.index.skip — VOYAGE_API_KEY not configured; KnowledgeChunk table will not be populated. Concierge will fall back to stuffing the full KB into the prompt.[39m
2026-05-30 11:50:10:5010 [32minfo[39m: [32mretrieval.index.loaded chunks=0[39m
2026-05-30 11:50:10:5010 [32minfo[39m: [32mkb.watcher.started watching=/Users/maheshkumar/Kangqore/backend/knowledge-base/*.md[39m
2026-05-30 11:54:40:5440 [33mwarn[39m: [33mEmailService: SENDGRID_API_KEY missing. Using MOCK mode (logging emails).[39m
2026-05-30 11:54:41:5441 [32minfo[39m: [32mBullMQ Queues initialized with DLQ and Exponential Backoff.[39m
2026-05-30 11:54:41:5441 [33mwarn[39m: [33mTwilio SMS service disabled. Missing TWILIO_ACCOUNT_SID, TWILIO_AUTH_TOKEN, or TWILIO_FROM[39m
2026-05-30 11:54:41:5441 [32minfo[39m: [32mConnected to Redis for eQORE Queues[39m
2026-05-30 11:54:41:5441 [32minfo[39m: [32mKB loaded: 303 chunks across 13 files (303 public/populated, 36 forbidden substrings)[39m
2026-05-30 11:54:41:5441 [33mwarn[39m: [33mretrieval.index.skip — VOYAGE_API_KEY not configured; KnowledgeChunk table will not be populated. Concierge will fall back to stuffing the full KB into the prompt.[39m
2026-05-30 11:54:41:5441 [32minfo[39m: [32mretrieval.index.loaded chunks=0[39m
2026-05-30 11:54:41:5441 [32minfo[39m: [32mkb.watcher.started watching=/Users/maheshkumar/Kangqore/backend/knowledge-base/*.md[39m
2026-05-30 11:55:32:5532 [33mwarn[39m: [33mEmailService: SENDGRID_API_KEY missing. Using MOCK mode (logging emails).[39m
2026-05-30 11:55:32:5532 [32minfo[39m: [32mBullMQ Queues initialized with DLQ and Exponential Backoff.[39m
2026-05-30 11:55:32:5532 [33mwarn[39m: [33mTwilio SMS service disabled. Missing TWILIO_ACCOUNT_SID, TWILIO_AUTH_TOKEN, or TWILIO_FROM[39m
2026-05-30 11:55:33:5533 [32minfo[39m: [32mKB loaded: 303 chunks across 13 files (303 public/populated, 36 forbidden substrings)[39m
2026-05-30 11:55:33:5533 [33mwarn[39m: [33mretrieval.index.skip — VOYAGE_API_KEY not configured; KnowledgeChunk table will not be populated. Concierge will fall back to stuffing the full KB into the prompt.[39m
2026-05-30 11:55:33:5533 [32minfo[39m: [32mConnected to Redis for eQORE Queues[39m
2026-05-30 11:55:33:5533 [32minfo[39m: [32mretrieval.index.loaded chunks=0[39m
2026-05-30 11:55:33:5533 [32minfo[39m: [32mkb.watcher.started watching=/Users/maheshkumar/Kangqore/backend/knowledge-base/*.md[39m
2026-05-30 11:55:46:5546 [33mwarn[39m: [33mEmailService: SENDGRID_API_KEY missing. Using MOCK mode (logging emails).[39m
2026-05-30 11:55:46:5546 [32minfo[39m: [32mBullMQ Queues initialized with DLQ and Exponential Backoff.[39m
2026-05-30 11:55:46:5546 [33mwarn[39m: [33mTwilio SMS service disabled. Missing TWILIO_ACCOUNT_SID, TWILIO_AUTH_TOKEN, or TWILIO_FROM[39m
2026-05-30 11:55:46:5546 [32minfo[39m: [32mConnected to Redis for eQORE Queues[39m
2026-05-30 11:55:46:5546 [32minfo[39m: [32mKB loaded: 303 chunks across 13 files (303 public/populated, 36 forbidden substrings)[39m
2026-05-30 11:55:46:5546 [33mwarn[39m: [33mretrieval.index.skip — VOYAGE_API_KEY not configured; KnowledgeChunk table will not be populated. Concierge will fall back to stuffing the full KB into the prompt.[39m
2026-05-30 11:55:46:5546 [32minfo[39m: [32mretrieval.index.loaded chunks=0[39m
2026-05-30 11:55:46:5546 [32minfo[39m: [32mkb.watcher.started watching=/Users/maheshkumar/Kangqore/backend/knowledge-base/*.md[39m
2026-05-30 11:56:57:5657 [33mwarn[39m: [33mEmailService: SENDGRID_API_KEY missing. Using MOCK mode (logging emails).[39m
2026-05-30 11:56:57:5657 [32minfo[39m: [32mBullMQ Queues initialized with DLQ and Exponential Backoff.[39m
2026-05-30 11:56:58:5658 [33mwarn[39m: [33mTwilio SMS service disabled. Missing TWILIO_ACCOUNT_SID, TWILIO_AUTH_TOKEN, or TWILIO_FROM[39m
2026-05-30 11:56:58:5658 [32minfo[39m: [32mConnected to Redis for eQORE Queues[39m
2026-05-30 11:56:58:5658 [32minfo[39m: [32mKB loaded: 303 chunks across 13 files (303 public/populated, 36 forbidden substrings)[39m
2026-05-30 11:56:58:5658 [33mwarn[39m: [33mretrieval.index.skip — VOYAGE_API_KEY not configured; KnowledgeChunk table will not be populated. Concierge will fall back to stuffing the full KB into the prompt.[39m
2026-05-30 11:56:58:5658 [32minfo[39m: [32mretrieval.index.loaded chunks=0[39m
2026-05-30 11:56:58:5658 [32minfo[39m: [32mkb.watcher.started watching=/Users/maheshkumar/Kangqore/backend/knowledge-base/*.md[39m
2026-05-30 11:57:18:5718 [33mwarn[39m: [33mEmailService: SENDGRID_API_KEY missing. Using MOCK mode (logging emails).[39m
2026-05-30 11:57:19:5719 [32minfo[39m: [32mBullMQ Queues initialized with DLQ and Exponential Backoff.[39m
2026-05-30 11:57:19:5719 [33mwarn[39m: [33mTwilio SMS service disabled. Missing TWILIO_ACCOUNT_SID, TWILIO_AUTH_TOKEN, or TWILIO_FROM[39m
2026-05-30 11:57:19:5719 [32minfo[39m: [32mKB loaded: 303 chunks across 13 files (303 public/populated, 36 forbidden substrings)[39m
2026-05-30 11:57:19:5719 [33mwarn[39m: [33mretrieval.index.skip — VOYAGE_API_KEY not configured; KnowledgeChunk table will not be populated. Concierge will fall back to stuffing the full KB into the prompt.[39m
2026-05-30 11:57:19:5719 [32minfo[39m: [32mConnected to Redis for eQORE Queues[39m
2026-05-30 11:57:19:5719 [32minfo[39m: [32mretrieval.index.loaded chunks=0[39m
2026-05-30 11:57:19:5719 [32minfo[39m: [32mkb.watcher.started watching=/Users/maheshkumar/Kangqore/backend/knowledge-base/*.md[39m
2026-05-30 11:57:44:5744 [33mwarn[39m: [33mEmailService: SENDGRID_API_KEY missing. Using MOCK mode (logging emails).[39m
2026-05-30 11:57:45:5745 [32minfo[39m: [32mBullMQ Queues initialized with DLQ and Exponential Backoff.[39m
2026-05-30 11:57:45:5745 [33mwarn[39m: [33mTwilio SMS service disabled. Missing TWILIO_ACCOUNT_SID, TWILIO_AUTH_TOKEN, or TWILIO_FROM[39m
2026-05-30 11:57:45:5745 [32minfo[39m: [32mConnected to Redis for eQORE Queues[39m
2026-05-30 11:57:45:5745 [32minfo[39m: [32mKB loaded: 303 chunks across 13 files (303 public/populated, 36 forbidden substrings)[39m
2026-05-30 11:57:45:5745 [33mwarn[39m: [33mretrieval.index.skip — VOYAGE_API_KEY not configured; KnowledgeChunk table will not be populated. Concierge will fall back to stuffing the full KB into the prompt.[39m
2026-05-30 11:57:45:5745 [32minfo[39m: [32mretrieval.index.loaded chunks=0[39m
2026-05-30 11:57:45:5745 [32minfo[39m: [32mkb.watcher.started watching=/Users/maheshkumar/Kangqore/backend/knowledge-base/*.md[39m
2026-05-30 11:58:02:582 [33mwarn[39m: [33mEmailService: SENDGRID_API_KEY missing. Using MOCK mode (logging emails).[39m
2026-05-30 11:58:02:582 [32minfo[39m: [32mBullMQ Queues initialized with DLQ and Exponential Backoff.[39m
2026-05-30 11:58:02:582 [33mwarn[39m: [33mTwilio SMS service disabled. Missing TWILIO_ACCOUNT_SID, TWILIO_AUTH_TOKEN, or TWILIO_FROM[39m
2026-05-30 11:58:03:583 [32minfo[39m: [32mKB loaded: 303 chunks across 13 files (303 public/populated, 36 forbidden substrings)[39m
2026-05-30 11:58:03:583 [33mwarn[39m: [33mretrieval.index.skip — VOYAGE_API_KEY not configured; KnowledgeChunk table will not be populated. Concierge will fall back to stuffing the full KB into the prompt.[39m
2026-05-30 11:58:03:583 [32minfo[39m: [32mConnected to Redis for eQORE Queues[39m
2026-05-30 11:58:03:583 [32minfo[39m: [32mretrieval.index.loaded chunks=0[39m
2026-05-30 11:58:03:583 [32minfo[39m: [32mkb.watcher.started watching=/Users/maheshkumar/Kangqore/backend/knowledge-base/*.md[39m
2026-05-30 11:58:13:5813 [33mwarn[39m: [33mEmailService: SENDGRID_API_KEY missing. Using MOCK mode (logging emails).[39m
2026-05-30 11:58:13:5813 [32minfo[39m: [32mBullMQ Queues initialized with DLQ and Exponential Backoff.[39m
2026-05-30 11:58:13:5813 [33mwarn[39m: [33mTwilio SMS service disabled. Missing TWILIO_ACCOUNT_SID, TWILIO_AUTH_TOKEN, or TWILIO_FROM[39m
2026-05-30 11:58:14:5814 [32minfo[39m: [32mKB loaded: 303 chunks across 13 files (303 public/populated, 36 forbidden substrings)[39m
2026-05-30 11:58:14:5814 [33mwarn[39m: [33mretrieval.index.skip — VOYAGE_API_KEY not configured; KnowledgeChunk table will not be populated. Concierge will fall back to stuffing the full KB into the prompt.[39m
2026-05-30 11:58:14:5814 [32minfo[39m: [32mConnected to Redis for eQORE Queues[39m
2026-05-30 11:58:14:5814 [32minfo[39m: [32mretrieval.index.loaded chunks=0[39m
2026-05-30 11:58:14:5814 [32minfo[39m: [32mkb.watcher.started watching=/Users/maheshkumar/Kangqore/backend/knowledge-base/*.md[39m
2026-05-30 11:58:43:5843 [33mwarn[39m: [33mEmailService: SENDGRID_API_KEY missing. Using MOCK mode (logging emails).[39m
2026-05-30 11:58:44:5844 [32minfo[39m: [32mBullMQ Queues initialized with DLQ and Exponential Backoff.[39m
2026-05-30 11:58:44:5844 [33mwarn[39m: [33mTwilio SMS service disabled. Missing TWILIO_ACCOUNT_SID, TWILIO_AUTH_TOKEN, or TWILIO_FROM[39m
2026-05-30 11:58:44:5844 [32minfo[39m: [32mConnected to Redis for eQORE Queues[39m
2026-05-30 11:58:44:5844 [32minfo[39m: [32mKB loaded: 303 chunks across 13 files (303 public/populated, 36 forbidden substrings)[39m
2026-05-30 11:58:44:5844 [33mwarn[39m: [33mretrieval.index.skip — VOYAGE_API_KEY not configured; KnowledgeChunk table will not be populated. Concierge will fall back to stuffing the full KB into the prompt.[39m
2026-05-30 11:58:44:5844 [32minfo[39m: [32mretrieval.index.loaded chunks=0[39m
2026-05-30 11:58:44:5844 [32minfo[39m: [32mkb.watcher.started watching=/Users/maheshkumar/Kangqore/backend/knowledge-base/*.md[39m
2026-05-30 12:08:46:846 [33mwarn[39m: [33mEmailService: SENDGRID_API_KEY missing. Using MOCK mode (logging emails).[39m
2026-05-30 12:08:46:846 [32minfo[39m: [32mBullMQ Queues initialized with DLQ and Exponential Backoff.[39m
2026-05-30 12:08:46:846 [33mwarn[39m: [33mTwilio SMS service disabled. Missing TWILIO_ACCOUNT_SID, TWILIO_AUTH_TOKEN, or TWILIO_FROM[39m
2026-05-30 12:08:47:847 [32minfo[39m: [32mKB loaded: 303 chunks across 13 files (303 public/populated, 36 forbidden substrings)[39m
2026-05-30 12:08:47:847 [33mwarn[39m: [33mretrieval.index.skip — VOYAGE_API_KEY not configured; KnowledgeChunk table will not be populated. Concierge will fall back to stuffing the full KB into the prompt.[39m
2026-05-30 12:08:47:847 [32minfo[39m: [32mConnected to Redis for eQORE Queues[39m
2026-05-30 12:08:47:847 [32minfo[39m: [32mretrieval.index.loaded chunks=0[39m
2026-05-30 12:08:47:847 [32minfo[39m: [32mkb.watcher.started watching=/Users/maheshkumar/Kangqore/backend/knowledge-base/*.md[39m
2026-05-30 12:25:33:2533 [33mwarn[39m: [33mEmailService: SENDGRID_API_KEY missing. Using MOCK mode (logging emails).[39m
2026-05-30 12:25:34:2534 [32minfo[39m: [32mBullMQ Queues initialized with DLQ and Exponential Backoff.[39m
2026-05-30 12:25:34:2534 [33mwarn[39m: [33mTwilio SMS service disabled. Missing TWILIO_ACCOUNT_SID, TWILIO_AUTH_TOKEN, or TWILIO_FROM[39m
2026-05-30 12:25:35:2535 [32minfo[39m: [32mKB loaded: 303 chunks across 13 files (303 public/populated, 36 forbidden substrings)[39m
2026-05-30 12:25:35:2535 [33mwarn[39m: [33mretrieval.index.skip — VOYAGE_API_KEY not configured; KnowledgeChunk table will not be populated. Concierge will fall back to stuffing the full KB into the prompt.[39m
2026-05-30 12:25:35:2535 [32minfo[39m: [32mConnected to Redis for eQORE Queues[39m
2026-05-30 12:25:35:2535 [32minfo[39m: [32mretrieval.index.loaded chunks=0[39m
2026-05-30 12:25:35:2535 [32minfo[39m: [32mkb.watcher.started watching=/Users/maheshkumar/Kangqore/backend/knowledge-base/*.md[39m
2026-05-30 12:31:14:3114 [33mwarn[39m: [33mEmailService: SENDGRID_API_KEY missing. Using MOCK mode (logging emails).[39m
2026-05-30 12:31:15:3115 [32minfo[39m: [32mBullMQ Queues initialized with DLQ and Exponential Backoff.[39m
2026-05-30 12:31:15:3115 [33mwarn[39m: [33mTwilio SMS service disabled. Missing TWILIO_ACCOUNT_SID, TWILIO_AUTH_TOKEN, or TWILIO_FROM[39m
2026-05-30 12:31:15:3115 [32minfo[39m: [32mKB loaded: 303 chunks across 13 files (303 public/populated, 36 forbidden substrings)[39m
2026-05-30 12:31:15:3115 [33mwarn[39m: [33mretrieval.index.skip — VOYAGE_API_KEY not configured; KnowledgeChunk table will not be populated. Concierge will fall back to stuffing the full KB into the prompt.[39m
2026-05-30 12:31:15:3115 [32minfo[39m: [32mConnected to Redis for eQORE Queues[39m
2026-05-30 12:31:15:3115 [32minfo[39m: [32mretrieval.index.loaded chunks=0[39m
2026-05-30 12:31:15:3115 [32minfo[39m: [32mkb.watcher.started watching=/Users/maheshkumar/Kangqore/backend/knowledge-base/*.md[39m
2026-05-30 12:31:22:3122 [33mwarn[39m: [33mEmailService: SENDGRID_API_KEY missing. Using MOCK mode (logging emails).[39m
2026-05-30 12:31:22:3122 [32minfo[39m: [32mBullMQ Queues initialized with DLQ and Exponential Backoff.[39m
2026-05-30 12:31:22:3122 [33mwarn[39m: [33mTwilio SMS service disabled. Missing TWILIO_ACCOUNT_SID, TWILIO_AUTH_TOKEN, or TWILIO_FROM[39m
2026-05-30 12:31:22:3122 [32minfo[39m: [32mKB loaded: 303 chunks across 13 files (303 public/populated, 36 forbidden substrings)[39m
2026-05-30 12:31:22:3122 [33mwarn[39m: [33mretrieval.index.skip — VOYAGE_API_KEY not configured; KnowledgeChunk table will not be populated. Concierge will fall back to stuffing the full KB into the prompt.[39m
2026-05-30 12:31:22:3122 [32minfo[39m: [32mConnected to Redis for eQORE Queues[39m
2026-05-30 12:31:22:3122 [32minfo[39m: [32mretrieval.index.loaded chunks=0[39m
2026-05-30 12:31:22:3122 [32minfo[39m: [32mkb.watcher.started watching=/Users/maheshkumar/Kangqore/backend/knowledge-base/*.md[39m
2026-05-30 12:31:28:3128 [33mwarn[39m: [33mEmailService: SENDGRID_API_KEY missing. Using MOCK mode (logging emails).[39m
2026-05-30 12:31:29:3129 [32minfo[39m: [32mBullMQ Queues initialized with DLQ and Exponential Backoff.[39m
2026-05-30 12:31:29:3129 [33mwarn[39m: [33mTwilio SMS service disabled. Missing TWILIO_ACCOUNT_SID, TWILIO_AUTH_TOKEN, or TWILIO_FROM[39m
2026-05-30 12:31:29:3129 [32minfo[39m: [32mKB loaded: 303 chunks across 13 files (303 public/populated, 36 forbidden substrings)[39m
2026-05-30 12:31:29:3129 [33mwarn[39m: [33mretrieval.index.skip — VOYAGE_API_KEY not configured; KnowledgeChunk table will not be populated. Concierge will fall back to stuffing the full KB into the prompt.[39m
2026-05-30 12:31:29:3129 [32minfo[39m: [32mConnected to Redis for eQORE Queues[39m
2026-05-30 12:31:29:3129 [32minfo[39m: [32mretrieval.index.loaded chunks=0[39m
2026-05-30 12:31:29:3129 [32minfo[39m: [32mkb.watcher.started watching=/Users/maheshkumar/Kangqore/backend/knowledge-base/*.md[39m
2026-05-30 12:31:48:3148 [33mwarn[39m: [33mEmailService: SENDGRID_API_KEY missing. Using MOCK mode (logging emails).[39m
2026-05-30 12:31:49:3149 [32minfo[39m: [32mBullMQ Queues initialized with DLQ and Exponential Backoff.[39m
2026-05-30 12:31:49:3149 [33mwarn[39m: [33mTwilio SMS service disabled. Missing TWILIO_ACCOUNT_SID, TWILIO_AUTH_TOKEN, or TWILIO_FROM[39m
2026-05-30 12:31:49:3149 [32minfo[39m: [32mKB loaded: 303 chunks across 13 files (303 public/populated, 36 forbidden substrings)[39m
2026-05-30 12:31:49:3149 [33mwarn[39m: [33mretrieval.index.skip — VOYAGE_API_KEY not configured; KnowledgeChunk table will not be populated. Concierge will fall back to stuffing the full KB into the prompt.[39m
2026-05-30 12:31:49:3149 [32minfo[39m: [32mConnected to Redis for eQORE Queues[39m
2026-05-30 12:31:49:3149 [32minfo[39m: [32mretrieval.index.loaded chunks=0[39m
2026-05-30 12:31:49:3149 [32minfo[39m: [32mkb.watcher.started watching=/Users/maheshkumar/Kangqore/backend/knowledge-base/*.md[39m
2026-05-30 12:31:55:3155 [33mwarn[39m: [33mEmailService: SENDGRID_API_KEY missing. Using MOCK mode (logging emails).[39m
2026-05-30 12:31:56:3156 [32minfo[39m: [32mBullMQ Queues initialized with DLQ and Exponential Backoff.[39m
2026-05-30 12:31:56:3156 [33mwarn[39m: [33mTwilio SMS service disabled. Missing TWILIO_ACCOUNT_SID, TWILIO_AUTH_TOKEN, or TWILIO_FROM[39m
2026-05-30 12:31:56:3156 [32minfo[39m: [32mConnected to Redis for eQORE Queues[39m
2026-05-30 12:31:56:3156 [32minfo[39m: [32mKB loaded: 303 chunks across 13 files (303 public/populated, 36 forbidden substrings)[39m
2026-05-30 12:31:56:3156 [33mwarn[39m: [33mretrieval.index.skip — VOYAGE_API_KEY not configured; KnowledgeChunk table will not be populated. Concierge will fall back to stuffing the full KB into the prompt.[39m
2026-05-30 12:31:56:3156 [32minfo[39m: [32mretrieval.index.loaded chunks=0[39m
2026-05-30 12:31:56:3156 [32minfo[39m: [32mkb.watcher.started watching=/Users/maheshkumar/Kangqore/backend/knowledge-base/*.md[39m
2026-06-06 09:08:10:810 [33mwarn[39m: [33mEmailService: SENDGRID_API_KEY missing. Using MOCK mode (logging emails).[39m
2026-06-06 09:08:13:813 [32minfo[39m: [32mBullMQ Queues initialized with DLQ and Exponential Backoff.[39m
2026-06-06 09:08:13:813 [33mwarn[39m: [33mTwilio SMS service disabled. Missing TWILIO_ACCOUNT_SID, TWILIO_AUTH_TOKEN, or TWILIO_FROM[39m
2026-06-06 09:08:14:814 [32minfo[39m: [32mConnected to Redis for eQORE Queues[39m
2026-06-06 09:08:14:814 [32minfo[39m: [32mKB loaded: 303 chunks across 13 files (303 public/populated, 36 forbidden substrings)[39m
2026-06-06 09:08:14:814 [33mwarn[39m: [33mretrieval.index.skip — VOYAGE_API_KEY not configured; KnowledgeChunk table will not be populated. Concierge will fall back to stuffing the full KB into the prompt.[39m
2026-06-06 09:08:14:814 [32minfo[39m: [32mkb.watcher.started watching=/Users/maheshkumar/Kangqore/backend/knowledge-base/*.md[39m
2026-06-06 09:08:18:818 [33mwarn[39m: [33mEmailService: SENDGRID_API_KEY missing. Using MOCK mode (logging emails).[39m
2026-06-06 09:08:19:819 [32minfo[39m: [32mBullMQ Queues initialized with DLQ and Exponential Backoff.[39m
2026-06-06 09:08:20:820 [33mwarn[39m: [33mTwilio SMS service disabled. Missing TWILIO_ACCOUNT_SID, TWILIO_AUTH_TOKEN, or TWILIO_FROM[39m
2026-06-06 09:08:20:820 [32minfo[39m: [32mConnected to Redis for eQORE Queues[39m
2026-06-06 09:08:20:820 [32minfo[39m: [32mKB loaded: 303 chunks across 13 files (303 public/populated, 36 forbidden substrings)[39m
2026-06-06 09:08:20:820 [33mwarn[39m: [33mretrieval.index.skip — VOYAGE_API_KEY not configured; KnowledgeChunk table will not be populated. Concierge will fall back to stuffing the full KB into the prompt.[39m
2026-06-06 09:08:20:820 [32minfo[39m: [32mkb.watcher.started watching=/Users/maheshkumar/Kangqore/backend/knowledge-base/*.md[39m
2026-06-06 09:09:31:931 [31merror[39m: [31mKIMMP Page Factory DB error: [39m
[31mInvalid `any).kimmpGeneratedPage.findFirst()` invocation in[39m
[31m/Users/maheshkumar/Kangqore/backend/src/kangqore-immp/page-factory/pageStore.service.ts:54:47[39m

[31m  51 [39m
[31m  52 /** Only returns PUBLISHED pages — used by the public renderer endpoint. */[39m
[31m  53 static getPublishedBySlug(slug: string) {[39m
[31m→ 54   return (prisma as any).kimmpGeneratedPage.findFirst([39m
[31mAuthentication failed against database server at `localhost`, the provided database credentials for `kangqore_user` are not valid.[39m

[31mPlease make sure to provide valid database credentials for the database server at `localhost`.[39m
2026-06-06 09:15:00:150 [31merror[39m: [31m[WorkflowExecutor] Error running batch: [39m
[31mInvalid `prisma.workflowJob.findMany()` invocation in[39m
[31m/Users/maheshkumar/Kangqore/backend/src/jobs/WorkflowExecutor.ts:12:52[39m

[31m   9  */[39m
[31m  10 static async run() {[39m
[31m  11   try {[39m
[31m→ 12     const pendingJobs = await prisma.workflowJob.findMany([39m
[31mAuthentication failed against database server at `localhost`, the provided database credentials for `kangqore_user` are not valid.[39m

[31mPlease make sure to provide valid database credentials for the database server at `localhost`.[39m
2026-06-06 09:15:00:150 [31merror[39m: [31mError in Meeting Reminder job [39m
[31mInvalid `prisma.scheduledEvent.findMany()` invocation in[39m
[31m/Users/maheshkumar/Kangqore/backend/src/jobs/CronManager.ts:106:57[39m

[31m  103 const now = new Date();[39m
[31m  104 [39m
[31m  105 // Find events that start within 23h45m – 24h15m (24h window, ±15 min)[39m
[31m→ 106 const upcoming24h = await prisma.scheduledEvent.findMany([39m
[31mAuthentication failed against database server at `localhost`, the provided database credentials for `kangqore_user` are not valid.[39m

[31mPlease make sure to provide valid database credentials for the database server at `localhost`.[39m
2026-06-06 09:23:00:230 [33mwarn[39m: [33mEmailService: SENDGRID_API_KEY missing. Using MOCK mode (logging emails).[39m
2026-06-06 09:23:01:231 [32minfo[39m: [32mBullMQ Queues initialized with DLQ and Exponential Backoff.[39m
2026-06-06 09:23:01:231 [33mwarn[39m: [33mTwilio SMS service disabled. Missing TWILIO_ACCOUNT_SID, TWILIO_AUTH_TOKEN, or TWILIO_FROM[39m
2026-06-06 09:23:01:231 [32minfo[39m: [32mKB loaded: 303 chunks across 13 files (303 public/populated, 36 forbidden substrings)[39m
2026-06-06 09:23:01:231 [33mwarn[39m: [33mretrieval.index.skip — VOYAGE_API_KEY not configured; KnowledgeChunk table will not be populated. Concierge will fall back to stuffing the full KB into the prompt.[39m
2026-06-06 09:23:01:231 [32minfo[39m: [32mConnected to Redis for eQORE Queues[39m
2026-06-06 09:23:01:231 [32minfo[39m: [32mkb.watcher.started watching=/Users/maheshkumar/Kangqore/backend/knowledge-base/*.md[39m
2026-06-06 09:28:14:2814 [31merror[39m: [31mKIMMP Page Factory DB error: [39m
[31mInvalid `any).kimmpGeneratedPage.findFirst()` invocation in[39m
[31m/Users/maheshkumar/Kangqore/backend/src/kangqore-immp/page-factory/pageStore.service.ts:54:47[39m

[31m  51 [39m
[31m  52 /** Only returns PUBLISHED pages — used by the public renderer endpoint. */[39m
[31m  53 static getPublishedBySlug(slug: string) {[39m
[31m→ 54   return (prisma as any).kimmpGeneratedPage.findFirst([39m
[31mAuthentication failed against database server at `localhost`, the provided database credentials for `kangqore_user` are not valid.[39m

[31mPlease make sure to provide valid database credentials for the database server at `localhost`.[39m
2026-06-06 09:28:14:2814 [31merror[39m: [31mKIMMP Page Factory DB error: [39m
[31mInvalid `any).kimmpGeneratedPage.findFirst()` invocation in[39m
[31m/Users/maheshkumar/Kangqore/backend/src/kangqore-immp/page-factory/pageStore.service.ts:54:47[39m

[31m  51 [39m
[31m  52 /** Only returns PUBLISHED pages — used by the public renderer endpoint. */[39m
[31m  53 static getPublishedBySlug(slug: string) {[39m
[31m→ 54   return (prisma as any).kimmpGeneratedPage.findFirst([39m
[31mAuthentication failed against database server at `localhost`, the provided database credentials for `kangqore_user` are not valid.[39m

[31mPlease make sure to provide valid database credentials for the database server at `localhost`.[39m
2026-06-06 09:30:00:300 [31merror[39m: [31mError in Meeting Reminder job [39m
[31mInvalid `prisma.scheduledEvent.findMany()` invocation in[39m
[31m/Users/maheshkumar/Kangqore/backend/src/jobs/CronManager.ts:106:57[39m

[31m  103 const now = new Date();[39m
[31m  104 [39m
[31m  105 // Find events that start within 23h45m – 24h15m (24h window, ±15 min)[39m
[31m→ 106 const upcoming24h = await prisma.scheduledEvent.findMany([39m
[31mAuthentication failed against database server at `localhost`, the provided database credentials for `kangqore_user` are not valid.[39m

[31mPlease make sure to provide valid database credentials for the database server at `localhost`.[39m
2026-06-06 09:30:00:300 [31merror[39m: [31m[WorkflowExecutor] Error running batch: [39m
[31mInvalid `prisma.workflowJob.findMany()` invocation in[39m
[31m/Users/maheshkumar/Kangqore/backend/src/jobs/WorkflowExecutor.ts:12:52[39m

[31m   9  */[39m
[31m  10 static async run() {[39m
[31m  11   try {[39m
[31m→ 12     const pendingJobs = await prisma.workflowJob.findMany([39m
[31mAuthentication failed against database server at `localhost`, the provided database credentials for `kangqore_user` are not valid.[39m

[31mPlease make sure to provide valid database credentials for the database server at `localhost`.[39m
2026-06-06 09:45:00:450 [31merror[39m: [31m[WorkflowExecutor] Error running batch: [39m
[31mInvalid `prisma.workflowJob.findMany()` invocation in[39m
[31m/Users/maheshkumar/Kangqore/backend/src/jobs/WorkflowExecutor.ts:12:52[39m

[31m   9  */[39m
[31m  10 static async run() {[39m
[31m  11   try {[39m
[31m→ 12     const pendingJobs = await prisma.workflowJob.findMany([39m
[31mAuthentication failed against database server at `localhost`, the provided database credentials for `kangqore_user` are not valid.[39m

[31mPlease make sure to provide valid database credentials for the database server at `localhost`.[39m
2026-06-06 09:45:00:450 [31merror[39m: [31mError in Meeting Reminder job [39m
[31mInvalid `prisma.scheduledEvent.findMany()` invocation in[39m
[31m/Users/maheshkumar/Kangqore/backend/src/jobs/CronManager.ts:106:57[39m

[31m  103 const now = new Date();[39m
[31m  104 [39m
[31m  105 // Find events that start within 23h45m – 24h15m (24h window, ±15 min)[39m
[31m→ 106 const upcoming24h = await prisma.scheduledEvent.findMany([39m
[31mAuthentication failed against database server at `localhost`, the provided database credentials for `kangqore_user` are not valid.[39m

[31mPlease make sure to provide valid database credentials for the database server at `localhost`.[39m
2026-06-09 21:05:05:55 [33mwarn[39m: [33mEmailService: SENDGRID_API_KEY missing. Using MOCK mode (logging emails).[39m
2026-06-09 21:05:06:56 [32minfo[39m: [32mBullMQ Queues initialized with DLQ and Exponential Backoff.[39m
2026-06-09 21:05:07:57 [33mwarn[39m: [33mTwilio SMS service disabled. Missing TWILIO_ACCOUNT_SID, TWILIO_AUTH_TOKEN, or TWILIO_FROM[39m
2026-06-09 21:05:07:57 [31merror[39m: [31mRedis Connection Error:[39m
2026-06-09 21:05:07:57 [32minfo[39m: [32mKB loaded: 303 chunks across 13 files (303 public/populated, 36 forbidden substrings)[39m
2026-06-09 21:05:07:57 [33mwarn[39m: [33mretrieval.index.skip — VOYAGE_API_KEY not configured; KnowledgeChunk table will not be populated. Concierge will fall back to stuffing the full KB into the prompt.[39m
2026-06-09 21:05:07:57 [32minfo[39m: [32mkb.watcher.started watching=/Users/maheshkumar/Kangqore/backend/knowledge-base/*.md[39m
2026-06-09 21:05:07:57 [31merror[39m: [31mRedis Connection Error:[39m
2026-06-09 21:05:07:57 [31merror[39m: [31mRedis Connection Error:[39m
2026-06-09 21:05:07:57 [31merror[39m: [31mRedis Connection Error:[39m
2026-06-09 21:05:07:57 [31merror[39m: [31mRedis Connection Error:[39m
2026-06-09 21:05:07:57 [31merror[39m: [31mRedis Connection Error:[39m
2026-06-09 21:05:08:58 [31merror[39m: [31mRedis Connection Error:[39m
2026-06-09 21:05:08:58 [31merror[39m: [31mRedis Connection Error:[39m
2026-06-09 21:05:09:59 [31merror[39m: [31mRedis Connection Error:[39m
2026-06-09 21:05:09:59 [31merror[39m: [31mRedis Connection Error:[39m
2026-06-09 21:05:09:59 [31merror[39m: [31mRedis Connection Error:[39m
2026-06-09 21:05:10:510 [31merror[39m: [31mRedis Connection Error:[39m
2026-06-09 21:05:11:511 [31merror[39m: [31mRedis Connection Error:[39m
2026-06-09 21:05:11:511 [31merror[39m: [31mRedis Connection Error:[39m
2026-06-09 21:05:12:512 [31merror[39m: [31mRedis Connection Error:[39m
2026-06-09 21:05:13:513 [31merror[39m: [31mRedis Connection Error:[39m
2026-06-09 21:05:14:514 [31merror[39m: [31mRedis Connection Error:[39m
2026-06-09 21:05:14:514 [31merror[39m: [31mRedis Connection Error:[39m
2026-06-09 21:05:15:515 [31merror[39m: [31mRedis Connection Error:[39m
2026-06-09 21:05:16:516 [31merror[39m: [31mRedis Connection Error:[39m
2026-06-09 21:05:17:517 [31merror[39m: [31mRedis Connection Error:[39m
2026-06-09 21:05:18:518 [31merror[39m: [31mRedis Connection Error:[39m
2026-06-09 21:05:19:519 [31merror[39m: [31mRedis Connection Error:[39m
2026-06-09 21:05:21:521 [31merror[39m: [31mRedis Connection Error:[39m
2026-06-09 21:05:22:522 [31merror[39m: [31mRedis Connection Error:[39m
2026-06-09 21:05:23:523 [31merror[39m: [31mRedis Connection Error:[39m
2026-06-09 21:05:24:524 [31merror[39m: [31mRedis Connection Error:[39m
2026-06-09 21:05:26:526 [31merror[39m: [31mRedis Connection Error:[39m
2026-06-09 21:05:27:527 [31merror[39m: [31mRedis Connection Error:[39m
2026-06-09 21:05:29:529 [31merror[39m: [31mRedis Connection Error:[39m
2026-06-09 21:05:30:530 [31merror[39m: [31mRedis Connection Error:[39m
2026-06-09 21:05:32:532 [31merror[39m: [31mRedis Connection Error:[39m
2026-06-09 21:05:33:533 [31merror[39m: [31mRedis Connection Error:[39m
2026-06-09 21:05:35:535 [31merror[39m: [31mRedis Connection Error:[39m
2026-06-09 21:05:37:537 [31merror[39m: [31mRedis Connection Error:[39m
2026-06-09 21:05:38:538 [31merror[39m: [31mRedis Connection Error:[39m
2026-06-09 21:05:40:540 [31merror[39m: [31mRedis Connection Error:[39m
2026-06-09 21:05:42:542 [31merror[39m: [31mRedis Connection Error:[39m
2026-06-09 21:05:44:544 [31merror[39m: [31mRedis Connection Error:[39m
2026-06-09 21:05:46:546 [31merror[39m: [31mRedis Connection Error:[39m
2026-06-09 21:05:48:548 [31merror[39m: [31mRedis Connection Error:[39m
2026-06-09 21:05:50:550 [31merror[39m: [31mRedis Connection Error:[39m
2026-06-09 21:05:52:552 [31merror[39m: [31mRedis Connection Error:[39m
2026-06-09 21:05:54:554 [31merror[39m: [31mRedis Connection Error:[39m
2026-06-09 21:05:56:556 [31merror[39m: [31mRedis Connection Error:[39m
2026-06-09 21:05:58:558 [31merror[39m: [31mRedis Connection Error:[39m
2026-06-09 21:06:00:60 [31merror[39m: [31mRedis Connection Error:[39m
2026-06-09 21:06:02:62 [31merror[39m: [31mRedis Connection Error:[39m
2026-06-09 21:06:04:64 [31merror[39m: [31mRedis Connection Error:[39m
2026-06-09 21:06:06:66 [31merror[39m: [31mRedis Connection Error:[39m
2026-06-09 21:06:08:68 [31merror[39m: [31mRedis Connection Error:[39m
2026-06-09 21:06:10:610 [31merror[39m: [31mRedis Connection Error:[39m
2026-06-09 21:06:12:612 [31merror[39m: [31mRedis Connection Error:[39m
2026-06-09 21:06:14:614 [31merror[39m: [31mRedis Connection Error:[39m
2026-06-09 21:06:16:616 [31merror[39m: [31mRedis Connection Error:[39m
2026-06-09 21:06:18:618 [31merror[39m: [31mRedis Connection Error:[39m
2026-06-09 21:06:20:620 [31merror[39m: [31mRedis Connection Error:[39m
2026-06-09 21:06:22:622 [31merror[39m: [31mRedis Connection Error:[39m
2026-06-09 21:06:24:624 [31merror[39m: [31mRedis Connection Error:[39m
2026-06-09 21:06:26:626 [31merror[39m: [31mRedis Connection Error:[39m
2026-06-09 21:06:28:628 [31merror[39m: [31mRedis Connection Error:[39m
2026-06-09 21:06:30:630 [31merror[39m: [31mRedis Connection Error:[39m
2026-06-09 21:06:32:632 [31merror[39m: [31mRedis Connection Error:[39m
2026-06-09 21:06:34:634 [31merror[39m: [31mRedis Connection Error:[39m
2026-06-09 21:06:36:636 [31merror[39m: [31mRedis Connection Error:[39m
2026-06-09 21:06:38:638 [31merror[39m: [31mRedis Connection Error:[39m
2026-06-09 21:06:40:640 [31merror[39m: [31mRedis Connection Error:[39m
2026-06-09 21:06:42:642 [31merror[39m: [31mRedis Connection Error:[39m
2026-06-09 21:06:44:644 [31merror[39m: [31mRedis Connection Error:[39m
2026-06-09 21:06:46:646 [31merror[39m: [31mRedis Connection Error:[39m
2026-06-09 21:06:48:648 [31merror[39m: [31mRedis Connection Error:[39m
2026-06-09 21:06:50:650 [31merror[39m: [31mRedis Connection Error:[39m
2026-06-09 21:06:52:652 [31merror[39m: [31mRedis Connection Error:[39m
2026-06-09 21:06:54:654 [31merror[39m: [31mRedis Connection Error:[39m
2026-06-09 21:06:56:656 [31merror[39m: [31mRedis Connection Error:[39m
2026-06-09 21:06:58:658 [31merror[39m: [31mRedis Connection Error:[39m
2026-06-09 21:07:00:70 [31merror[39m: [31mRedis Connection Error:[39m
2026-06-09 21:07:02:72 [31merror[39m: [31mRedis Connection Error:[39m
2026-06-09 21:07:04:74 [31merror[39m: [31mRedis Connection Error:[39m
2026-06-09 21:07:06:76 [31merror[39m: [31mRedis Connection Error:[39m
2026-06-09 21:07:08:78 [31merror[39m: [31mRedis Connection Error:[39m
2026-06-09 21:07:10:710 [31merror[39m: [31mRedis Connection Error:[39m
2026-06-09 21:07:12:712 [31merror[39m: [31mRedis Connection Error:[39m
2026-06-09 21:07:14:714 [31merror[39m: [31mRedis Connection Error:[39m
2026-06-09 21:07:16:716 [31merror[39m: [31mRedis Connection Error:[39m
2026-06-09 21:07:18:718 [31merror[39m: [31mRedis Connection Error:[39m
2026-06-09 21:07:20:720 [31merror[39m: [31mRedis Connection Error:[39m
2026-06-09 21:07:22:722 [31merror[39m: [31mRedis Connection Error:[39m
2026-06-09 21:07:24:724 [31merror[39m: [31mRedis Connection Error:[39m
2026-06-09 21:07:26:726 [31merror[39m: [31mRedis Connection Error:[39m
2026-06-09 21:07:28:728 [31merror[39m: [31mRedis Connection Error:[39m
2026-06-09 21:07:30:730 [31merror[39m: [31mRedis Connection Error:[39m
2026-06-09 21:07:32:732 [31merror[39m: [31mRedis Connection Error:[39m
2026-06-09 21:07:34:734 [31merror[39m: [31mRedis Connection Error:[39m
2026-06-09 21:07:36:736 [31merror[39m: [31mRedis Connection Error:[39m
2026-06-09 21:07:38:738 [31merror[39m: [31mRedis Connection Error:[39m
2026-06-09 21:07:40:740 [31merror[39m: [31mRedis Connection Error:[39m
2026-06-09 21:07:42:742 [31merror[39m: [31mRedis Connection Error:[39m
2026-06-09 21:07:44:744 [31merror[39m: [31mRedis Connection Error:[39m
2026-06-09 21:07:46:746 [31merror[39m: [31mRedis Connection Error:[39m
2026-06-09 21:07:48:748 [31merror[39m: [31mRedis Connection Error:[39m
2026-06-09 21:07:50:750 [31merror[39m: [31mRedis Connection Error:[39m
2026-06-09 21:07:52:752 [31merror[39m: [31mRedis Connection Error:[39m
2026-06-09 21:07:54:754 [31merror[39m: [31mRedis Connection Error:[39m
2026-06-09 21:07:56:756 [31merror[39m: [31mRedis Connection Error:[39m
2026-06-09 21:07:58:758 [31merror[39m: [31mRedis Connection Error:[39m
2026-06-09 21:08:00:80 [31merror[39m: [31mRedis Connection Error:[39m
2026-06-09 21:08:02:82 [31merror[39m: [31mRedis Connection Error:[39m
2026-06-09 21:08:04:84 [31merror[39m: [31mRedis Connection Error:[39m
2026-06-09 21:08:06:86 [31merror[39m: [31mRedis Connection Error:[39m
2026-06-09 21:08:08:88 [31merror[39m: [31mRedis Connection Error:[39m
2026-06-09 21:08:10:810 [31merror[39m: [31mRedis Connection Error:[39m
2026-06-09 21:08:12:812 [31merror[39m: [31mRedis Connection Error:[39m
2026-06-09 21:08:14:814 [31merror[39m: [31mRedis Connection Error:[39m
2026-06-09 21:08:16:816 [31merror[39m: [31mRedis Connection Error:[39m
2026-06-09 21:08:18:818 [31merror[39m: [31mRedis Connection Error:[39m
2026-06-09 21:08:20:820 [32minfo[39m: [32mConnected to Redis for eQORE Queues[39m
2026-06-09 21:08:42:842 [32minfo[39m: [32mConnected to Redis for eQORE Queues[39m
2026-06-09 21:08:49:849 [31merror[39m: [31mRedis Connection Error: read ECONNRESET[39m
2026-06-09 21:08:49:849 [31merror[39m: [31mRedis Connection Error:[39m
2026-06-09 21:08:49:849 [31merror[39m: [31mRedis Connection Error:[39m
2026-06-09 21:08:49:849 [31merror[39m: [31mRedis Connection Error:[39m
2026-06-09 21:08:49:849 [31merror[39m: [31mRedis Connection Error:[39m
2026-06-09 21:08:50:850 [31merror[39m: [31mRedis Connection Error:[39m
2026-06-09 21:08:50:850 [31merror[39m: [31mRedis Connection Error:[39m
2026-06-09 21:08:50:850 [31merror[39m: [31mRedis Connection Error:[39m
2026-06-09 21:08:51:851 [31merror[39m: [31mRedis Connection Error:[39m
2026-06-09 21:08:51:851 [31merror[39m: [31mRedis Connection Error:[39m
2026-06-09 21:08:52:852 [31merror[39m: [31mRedis Connection Error:[39m
2026-06-09 21:08:53:853 [31merror[39m: [31mRedis Connection Error:[39m
2026-06-09 21:08:53:853 [31merror[39m: [31mRedis Connection Error:[39m
2026-06-09 21:08:54:854 [31merror[39m: [31mRedis Connection Error:[39m
2026-06-09 21:08:55:855 [31merror[39m: [31mRedis Connection Error:[39m
2026-06-09 21:08:55:855 [31merror[39m: [31mRedis Connection Error:[39m
2026-06-09 21:08:56:856 [31merror[39m: [31mRedis Connection Error:[39m
2026-06-09 21:08:57:857 [31merror[39m: [31mRedis Connection Error:[39m
2026-06-09 21:08:58:858 [31merror[39m: [31mRedis Connection Error:[39m
2026-06-09 21:08:59:859 [31merror[39m: [31mRedis Connection Error:[39m
2026-06-09 21:09:00:90 [31merror[39m: [31mRedis Connection Error:[39m
2026-06-09 21:09:01:91 [31merror[39m: [31mRedis Connection Error:[39m
2026-06-09 21:09:02:92 [31merror[39m: [31mRedis Connection Error:[39m
2026-06-09 21:09:04:94 [31merror[39m: [31mRedis Connection Error:[39m
2026-06-09 21:09:05:95 [31merror[39m: [31mRedis Connection Error:[39m
2026-06-09 21:09:06:96 [31merror[39m: [31mRedis Connection Error:[39m
2026-06-09 21:09:08:98 [31merror[39m: [31mRedis Connection Error:[39m
2026-06-09 21:09:09:99 [31merror[39m: [31mRedis Connection Error:[39m
2026-06-09 21:09:10:910 [31merror[39m: [31mRedis Connection Error:[39m
2026-06-09 21:09:12:912 [31merror[39m: [31mRedis Connection Error:[39m
2026-06-09 21:09:13:913 [31merror[39m: [31mRedis Connection Error:[39m
2026-06-09 21:09:15:915 [31merror[39m: [31mRedis Connection Error:[39m
2026-06-09 21:09:17:917 [31merror[39m: [31mRedis Connection Error:[39m
2026-06-09 21:09:18:918 [31merror[39m: [31mRedis Connection Error:[39m
2026-06-09 21:09:20:920 [31merror[39m: [31mRedis Connection Error:[39m
2026-06-09 21:09:22:922 [31merror[39m: [31mRedis Connection Error:[39m
2026-06-09 21:09:24:924 [31merror[39m: [31mRedis Connection Error:[39m
2026-06-09 21:09:26:926 [31merror[39m: [31mRedis Connection Error:[39m
2026-06-09 21:09:28:928 [31merror[39m: [31mRedis Connection Error:[39m
2026-06-09 21:09:30:930 [31merror[39m: [31mRedis Connection Error:[39m
2026-06-09 21:09:32:932 [31merror[39m: [31mRedis Connection Error:[39m
2026-06-09 21:09:34:934 [31merror[39m: [31mRedis Connection Error:[39m
2026-06-09 21:09:36:936 [31merror[39m: [31mRedis Connection Error:[39m
2026-06-09 21:09:38:938 [31merror[39m: [31mRedis Connection Error:[39m
2026-06-09 21:09:40:940 [31merror[39m: [31mRedis Connection Error:[39m
2026-06-09 21:09:42:942 [31merror[39m: [31mRedis Connection Error:[39m
2026-06-09 21:09:44:944 [31merror[39m: [31mRedis Connection Error:[39m
2026-06-09 21:09:46:946 [31merror[39m: [31mRedis Connection Error:[39m
2026-06-09 21:09:48:948 [31merror[39m: [31mRedis Connection Error:[39m
2026-06-09 21:09:50:950 [31merror[39m: [31mRedis Connection Error:[39m
2026-06-09 21:09:52:952 [31merror[39m: [31mRedis Connection Error:[39m
2026-06-09 21:09:54:954 [31merror[39m: [31mRedis Connection Error:[39m
2026-06-09 21:09:56:956 [31merror[39m: [31mRedis Connection Error:[39m
2026-06-09 21:09:58:958 [31merror[39m: [31mRedis Connection Error:[39m
2026-06-09 21:10:00:100 [31merror[39m: [31mRedis Connection Error:[39m
2026-06-09 21:10:02:102 [31merror[39m: [31mRedis Connection Error:[39m
2026-06-09 21:10:04:104 [31merror[39m: [31mRedis Connection Error:[39m
2026-06-09 21:10:06:106 [31merror[39m: [31mRedis Connection Error:[39m
2026-06-09 21:10:08:108 [31merror[39m: [31mRedis Connection Error:[39m
2026-06-09 21:10:10:1010 [31merror[39m: [31mRedis Connection Error:[39m
2026-06-09 21:10:12:1012 [31merror[39m: [31mRedis Connection Error:[39m
2026-06-09 21:10:14:1014 [31merror[39m: [31mRedis Connection Error:[39m
2026-06-09 21:10:16:1016 [31merror[39m: [31mRedis Connection Error:[39m
2026-06-09 21:10:18:1018 [31merror[39m: [31mRedis Connection Error:[39m
2026-06-09 21:10:20:1020 [31merror[39m: [31mRedis Connection Error:[39m
2026-06-09 21:10:22:1022 [31merror[39m: [31mRedis Connection Error:[39m
2026-06-09 21:10:24:1024 [31merror[39m: [31mRedis Connection Error:[39m
2026-06-09 21:10:26:1026 [31merror[39m: [31mRedis Connection Error:[39m
2026-06-09 21:10:28:1028 [31merror[39m: [31mRedis Connection Error:[39m
2026-06-09 21:10:30:1030 [31merror[39m: [31mRedis Connection Error:[39m
2026-06-09 21:10:32:1032 [31merror[39m: [31mRedis Connection Error:[39m
2026-06-09 21:10:34:1034 [31merror[39m: [31mRedis Connection Error:[39m
2026-06-09 21:10:36:1036 [31merror[39m: [31mRedis Connection Error:[39m
2026-06-09 21:10:38:1038 [31merror[39m: [31mRedis Connection Error:[39m
2026-06-09 21:10:40:1040 [31merror[39m: [31mRedis Connection Error:[39m
2026-06-09 21:10:42:1042 [31merror[39m: [31mRedis Connection Error:[39m
2026-06-09 21:10:44:1044 [31merror[39m: [31mRedis Connection Error:[39m
2026-06-09 21:10:46:1046 [31merror[39m: [31mRedis Connection Error:[39m
2026-06-09 21:10:48:1048 [31merror[39m: [31mRedis Connection Error:[39m
2026-06-09 21:10:50:1050 [31merror[39m: [31mRedis Connection Error:[39m
2026-06-09 21:10:52:1052 [31merror[39m: [31mRedis Connection Error:[39m
2026-06-09 21:10:54:1054 [31merror[39m: [31mRedis Connection Error:[39m
2026-06-09 21:10:56:1056 [31merror[39m: [31mRedis Connection Error:[39m
2026-06-09 21:10:58:1058 [31merror[39m: [31mRedis Connection Error:[39m
2026-06-09 21:11:00:110 [31merror[39m: [31mRedis Connection Error:[39m
2026-06-09 21:11:02:112 [31merror[39m: [31mRedis Connection Error:[39m
2026-06-09 21:11:04:114 [31merror[39m: [31mRedis Connection Error:[39m
2026-06-09 21:11:06:116 [31merror[39m: [31mRedis Connection Error:[39m
2026-06-09 21:11:08:118 [31merror[39m: [31mRedis Connection Error:[39m
2026-06-09 21:11:10:1110 [31merror[39m: [31mRedis Connection Error:[39m
2026-06-09 21:11:12:1112 [31merror[39m: [31mRedis Connection Error:[39m
2026-06-09 21:11:14:1114 [31merror[39m: [31mRedis Connection Error:[39m
2026-06-09 21:11:16:1116 [31merror[39m: [31mRedis Connection Error:[39m
2026-06-09 21:11:18:1118 [31merror[39m: [31mRedis Connection Error:[39m
2026-06-09 21:11:20:1120 [31merror[39m: [31mRedis Connection Error:[39m
2026-06-09 21:11:22:1122 [31merror[39m: [31mRedis Connection Error:[39m
2026-06-09 21:11:24:1124 [31merror[39m: [31mRedis Connection Error:[39m
2026-06-09 21:11:26:1126 [31merror[39m: [31mRedis Connection Error:[39m
2026-06-09 21:11:28:1128 [31merror[39m: [31mRedis Connection Error:[39m
2026-06-09 21:11:30:1130 [31merror[39m: [31mRedis Connection Error:[39m
2026-06-09 21:11:32:1132 [31merror[39m: [31mRedis Connection Error:[39m
2026-06-09 21:11:34:1134 [31merror[39m: [31mRedis Connection Error:[39m
2026-06-09 21:11:36:1136 [31merror[39m: [31mRedis Connection Error:[39m
2026-06-09 21:11:38:1138 [31merror[39m: [31mRedis Connection Error:[39m
2026-06-09 21:11:40:1140 [31merror[39m: [31mRedis Connection Error:[39m
2026-06-09 21:11:42:1142 [31merror[39m: [31mRedis Connection Error:[39m
2026-06-09 21:11:44:1144 [31merror[39m: [31mRedis Connection Error:[39m
2026-06-09 21:11:46:1146 [31merror[39m: [31mRedis Connection Error:[39m
2026-06-09 21:11:48:1148 [31merror[39m: [31mRedis Connection Error:[39m
2026-06-09 21:11:50:1150 [31merror[39m: [31mRedis Connection Error:[39m
2026-06-09 21:11:52:1152 [31merror[39m: [31mRedis Connection Error:[39m
2026-06-09 21:11:54:1154 [31merror[39m: [31mRedis Connection Error:[39m
2026-06-09 21:11:56:1156 [31merror[39m: [31mRedis Connection Error:[39m
2026-06-09 21:11:58:1158 [31merror[39m: [31mRedis Connection Error:[39m
2026-06-09 21:12:00:120 [31merror[39m: [31mRedis Connection Error:[39m
2026-06-09 21:12:02:122 [31merror[39m: [31mRedis Connection Error:[39m
2026-06-09 21:12:04:124 [31merror[39m: [31mRedis Connection Error:[39m
2026-06-09 21:12:06:126 [31merror[39m: [31mRedis Connection Error:[39m
2026-06-09 21:12:08:128 [31merror[39m: [31mRedis Connection Error:[39m
2026-06-09 21:12:10:1210 [31merror[39m: [31mRedis Connection Error:[39m
2026-06-09 21:12:12:1212 [31merror[39m: [31mRedis Connection Error:[39m
2026-06-09 21:12:14:1214 [31merror[39m: [31mRedis Connection Error:[39m
2026-06-09 21:12:16:1216 [31merror[39m: [31mRedis Connection Error:[39m
2026-06-09 21:12:18:1218 [31merror[39m: [31mRedis Connection Error:[39m
2026-06-09 21:12:20:1220 [31merror[39m: [31mRedis Connection Error:[39m
2026-06-09 21:12:22:1222 [31merror[39m: [31mRedis Connection Error:[39m
2026-06-09 21:12:24:1224 [31merror[39m: [31mRedis Connection Error:[39m
2026-06-09 21:12:26:1226 [31merror[39m: [31mRedis Connection Error:[39m
2026-06-09 21:12:28:1228 [31merror[39m: [31mRedis Connection Error:[39m
2026-06-09 21:12:30:1230 [31merror[39m: [31mRedis Connection Error:[39m
2026-06-09 21:12:32:1232 [31merror[39m: [31mRedis Connection Error:[39m
2026-06-09 21:12:34:1234 [31merror[39m: [31mRedis Connection Error:[39m
2026-06-09 21:12:36:1236 [31merror[39m: [31mRedis Connection Error:[39m
2026-06-09 21:12:38:1238 [31merror[39m: [31mRedis Connection Error:[39m
2026-06-09 21:12:40:1240 [31merror[39m: [31mRedis Connection Error:[39m
2026-06-09 21:12:42:1242 [31merror[39m: [31mRedis Connection Error:[39m
2026-06-09 21:12:44:1244 [31merror[39m: [31mRedis Connection Error:[39m
2026-06-09 21:12:46:1246 [31merror[39m: [31mRedis Connection Error:[39m
2026-06-09 21:12:48:1248 [31merror[39m: [31mRedis Connection Error:[39m
2026-06-09 21:12:50:1250 [31merror[39m: [31mRedis Connection Error:[39m
2026-06-09 21:12:52:1252 [31merror[39m: [31mRedis Connection Error:[39m
2026-06-09 21:12:54:1254 [31merror[39m: [31mRedis Connection Error:[39m
2026-06-09 21:12:56:1256 [31merror[39m: [31mRedis Connection Error:[39m
2026-06-09 21:12:58:1258 [31merror[39m: [31mRedis Connection Error:[39m
2026-06-09 21:13:00:130 [31merror[39m: [31mRedis Connection Error:[39m
2026-06-09 21:13:02:132 [31merror[39m: [31mRedis Connection Error:[39m
2026-06-09 21:13:04:134 [31merror[39m: [31mRedis Connection Error:[39m
2026-06-09 21:13:06:136 [31merror[39m: [31mRedis Connection Error:[39m
2026-06-09 21:13:08:138 [31merror[39m: [31mRedis Connection Error:[39m
2026-06-09 21:13:10:1310 [31merror[39m: [31mRedis Connection Error:[39m
2026-06-09 21:13:12:1312 [31merror[39m: [31mRedis Connection Error:[39m
2026-06-09 21:13:14:1314 [31merror[39m: [31mRedis Connection Error:[39m
2026-06-09 21:13:16:1316 [31merror[39m: [31mRedis Connection Error:[39m
2026-06-09 21:13:18:1318 [31merror[39m: [31mRedis Connection Error:[39m
2026-06-09 21:13:20:1320 [31merror[39m: [31mRedis Connection Error:[39m
2026-06-09 21:13:22:1322 [31merror[39m: [31mRedis Connection Error:[39m
2026-06-09 21:13:24:1324 [31merror[39m: [31mRedis Connection Error:[39m
2026-06-09 21:13:26:1326 [31merror[39m: [31mRedis Connection Error:[39m
2026-06-09 21:13:28:1328 [31merror[39m: [31mRedis Connection Error:[39m
2026-06-09 21:13:30:1330 [31merror[39m: [31mRedis Connection Error:[39m
2026-06-09 21:13:32:1332 [31merror[39m: [31mRedis Connection Error:[39m
2026-06-09 21:13:34:1334 [31merror[39m: [31mRedis Connection Error:[39m
2026-06-09 21:13:36:1336 [31merror[39m: [31mRedis Connection Error:[39m
2026-06-09 21:13:38:1338 [31merror[39m: [31mRedis Connection Error:[39m
2026-06-09 21:13:40:1340 [31merror[39m: [31mRedis Connection Error:[39m
2026-06-09 21:13:42:1342 [31merror[39m: [31mRedis Connection Error:[39m
2026-06-09 21:13:44:1344 [31merror[39m: [31mRedis Connection Error:[39m
2026-06-09 21:13:46:1346 [31merror[39m: [31mRedis Connection Error:[39m
2026-06-09 21:13:48:1348 [31merror[39m: [31mRedis Connection Error:[39m
2026-06-09 21:13:50:1350 [31merror[39m: [31mRedis Connection Error:[39m
2026-06-09 21:13:52:1352 [31merror[39m: [31mRedis Connection Error:[39m
2026-06-09 21:13:54:1354 [31merror[39m: [31mRedis Connection Error:[39m
2026-06-09 21:13:56:1356 [31merror[39m: [31mRedis Connection Error:[39m
2026-06-09 21:13:58:1358 [31merror[39m: [31mRedis Connection Error:[39m
2026-06-09 21:14:00:140 [31merror[39m: [31mRedis Connection Error:[39m
2026-06-09 21:14:02:142 [31merror[39m: [31mRedis Connection Error:[39m
2026-06-09 21:14:04:144 [31merror[39m: [31mRedis Connection Error:[39m
2026-06-09 21:14:06:146 [31merror[39m: [31mRedis Connection Error:[39m
2026-06-09 21:14:08:148 [31merror[39m: [31mRedis Connection Error:[39m
2026-06-09 21:14:10:1410 [31merror[39m: [31mRedis Connection Error:[39m
2026-06-09 21:14:12:1412 [31merror[39m: [31mRedis Connection Error:[39m
2026-06-09 21:14:14:1414 [31merror[39m: [31mRedis Connection Error:[39m
2026-06-09 21:14:16:1416 [31merror[39m: [31mRedis Connection Error:[39m
2026-06-09 21:14:18:1418 [31merror[39m: [31mRedis Connection Error:[39m
2026-06-09 21:14:20:1420 [31merror[39m: [31mRedis Connection Error:[39m
2026-06-09 21:14:22:1422 [31merror[39m: [31mRedis Connection Error:[39m
2026-06-09 21:14:24:1424 [31merror[39m: [31mRedis Connection Error:[39m
2026-06-09 21:14:26:1426 [31merror[39m: [31mRedis Connection Error:[39m
2026-06-09 21:14:28:1428 [31merror[39m: [31mRedis Connection Error:[39m
2026-06-09 21:14:30:1430 [31merror[39m: [31mRedis Connection Error:[39m
2026-06-09 21:14:32:1432 [31merror[39m: [31mRedis Connection Error:[39m
2026-06-09 21:14:34:1434 [31merror[39m: [31mRedis Connection Error:[39m
2026-06-09 21:14:36:1436 [31merror[39m: [31mRedis Connection Error:[39m
2026-06-09 21:14:38:1438 [31merror[39m: [31mRedis Connection Error:[39m
2026-06-09 21:14:40:1440 [31merror[39m: [31mRedis Connection Error:[39m
2026-06-09 21:14:42:1442 [31merror[39m: [31mRedis Connection Error:[39m
2026-06-09 21:14:44:1444 [31merror[39m: [31mRedis Connection Error:[39m
2026-06-09 21:14:46:1446 [31merror[39m: [31mRedis Connection Error:[39m
2026-06-09 21:14:48:1448 [31merror[39m: [31mRedis Connection Error:[39m
2026-06-09 21:14:50:1450 [31merror[39m: [31mRedis Connection Error:[39m
2026-06-09 21:14:52:1452 [31merror[39m: [31mRedis Connection Error:[39m
2026-06-09 21:14:54:1454 [31merror[39m: [31mRedis Connection Error:[39m
2026-06-09 21:14:56:1456 [31merror[39m: [31mRedis Connection Error:[39m
2026-06-09 21:14:58:1458 [31merror[39m: [31mRedis Connection Error:[39m
2026-06-09 21:15:00:150 [31merror[39m: [31m[WorkflowExecutor] Error running batch: [39m
[31mInvalid `prisma.workflowJob.findMany()` invocation in[39m
[31m/Users/maheshkumar/Kangqore/backend/src/jobs/WorkflowExecutor.ts:12:52[39m

[31m   9  */[39m
[31m  10 static async run() {[39m
[31m  11   try {[39m
[31m→ 12     const pendingJobs = await prisma.workflowJob.findMany([39m
[31mCan't reach database server at `localhost:5432`[39m

[31mPlease make sure your database server is running at `localhost:5432`.[39m
2026-06-09 21:15:00:150 [31merror[39m: [31mError in Meeting Reminder job [39m
[31mInvalid `prisma.scheduledEvent.findMany()` invocation in[39m
[31m/Users/maheshkumar/Kangqore/backend/src/jobs/CronManager.ts:106:57[39m

[31m  103 const now = new Date();[39m
[31m  104 [39m
[31m  105 // Find events that start within 23h45m – 24h15m (24h window, ±15 min)[39m
[31m→ 106 const upcoming24h = await prisma.scheduledEvent.findMany([39m
[31mCan't reach database server at `localhost:5432`[39m

[31mPlease make sure your database server is running at `localhost:5432`.[39m
2026-06-09 21:15:00:150 [31merror[39m: [31mRedis Connection Error:[39m
2026-06-09 21:15:02:152 [31merror[39m: [31mRedis Connection Error:[39m
2026-06-09 21:15:04:154 [31merror[39m: [31mRedis Connection Error:[39m
2026-06-09 21:15:06:156 [31merror[39m: [31mRedis Connection Error:[39m
2026-06-09 21:15:08:158 [31merror[39m: [31mRedis Connection Error:[39m
2026-06-09 21:15:10:1510 [31merror[39m: [31mRedis Connection Error:[39m
2026-06-09 21:15:12:1512 [31merror[39m: [31mRedis Connection Error:[39m
2026-06-09 21:15:14:1514 [31merror[39m: [31mRedis Connection Error:[39m
2026-06-09 21:15:16:1516 [31merror[39m: [31mRedis Connection Error:[39m
2026-06-09 21:15:18:1518 [31merror[39m: [31mRedis Connection Error:[39m
2026-06-09 21:15:20:1520 [31merror[39m: [31mRedis Connection Error:[39m
2026-06-09 21:15:22:1522 [31merror[39m: [31mRedis Connection Error:[39m
2026-06-09 21:15:24:1524 [31merror[39m: [31mRedis Connection Error:[39m
2026-06-09 21:15:26:1526 [31merror[39m: [31mRedis Connection Error:[39m
2026-06-09 21:15:28:1528 [31merror[39m: [31mRedis Connection Error:[39m
2026-06-09 21:15:30:1530 [31merror[39m: [31mRedis Connection Error:[39m
2026-06-09 21:15:32:1532 [31merror[39m: [31mRedis Connection Error:[39m
2026-06-09 21:15:34:1534 [31merror[39m: [31mRedis Connection Error:[39m
2026-06-09 21:15:36:1536 [31merror[39m: [31mRedis Connection Error:[39m
2026-06-09 21:15:38:1538 [31merror[39m: [31mRedis Connection Error:[39m
2026-06-09 21:15:40:1540 [31merror[39m: [31mRedis Connection Error:[39m
2026-06-09 21:15:42:1542 [31merror[39m: [31mRedis Connection Error:[39m
2026-06-09 21:15:44:1544 [31merror[39m: [31mRedis Connection Error:[39m
2026-06-09 21:15:46:1546 [31merror[39m: [31mRedis Connection Error:[39m
2026-06-09 21:15:48:1548 [31merror[39m: [31mRedis Connection Error:[39m
2026-06-09 21:15:50:1550 [31merror[39m: [31mRedis Connection Error:[39m
2026-06-09 21:15:52:1552 [31merror[39m: [31mRedis Connection Error:[39m
2026-06-09 21:15:54:1554 [31merror[39m: [31mRedis Connection Error:[39m
2026-06-09 21:15:56:1556 [31merror[39m: [31mRedis Connection Error:[39m
2026-06-09 21:15:58:1558 [31merror[39m: [31mRedis Connection Error:[39m
2026-06-09 21:16:00:160 [31merror[39m: [31mRedis Connection Error:[39m
2026-06-09 21:16:02:162 [31merror[39m: [31mRedis Connection Error:[39m
2026-06-09 21:16:04:164 [31merror[39m: [31mRedis Connection Error:[39m
2026-06-09 21:16:06:166 [31merror[39m: [31mRedis Connection Error:[39m
2026-06-09 21:16:08:168 [31merror[39m: [31mRedis Connection Error:[39m
2026-06-09 21:16:10:1610 [31merror[39m: [31mRedis Connection Error:[39m
2026-06-09 21:16:12:1612 [31merror[39m: [31mRedis Connection Error:[39m
2026-06-09 21:16:14:1614 [31merror[39m: [31mRedis Connection Error:[39m
2026-06-09 21:16:16:1616 [31merror[39m: [31mRedis Connection Error:[39m
2026-06-09 21:16:18:1618 [31merror[39m: [31mRedis Connection Error:[39m
2026-06-09 21:16:20:1620 [31merror[39m: [31mRedis Connection Error:[39m
2026-06-09 21:16:22:1622 [31merror[39m: [31mRedis Connection Error:[39m
2026-06-09 21:16:24:1624 [31merror[39m: [31mRedis Connection Error:[39m
2026-06-09 21:16:26:1626 [31merror[39m: [31mRedis Connection Error:[39m
2026-06-09 21:16:28:1628 [31merror[39m: [31mRedis Connection Error:[39m
2026-06-09 21:16:30:1630 [31merror[39m: [31mRedis Connection Error:[39m
2026-06-09 21:16:32:1632 [31merror[39m: [31mRedis Connection Error:[39m
2026-06-09 21:16:34:1634 [31merror[39m: [31mRedis Connection Error:[39m
2026-06-09 21:16:36:1636 [31merror[39m: [31mRedis Connection Error:[39m
2026-06-09 21:16:38:1638 [31merror[39m: [31mRedis Connection Error:[39m
2026-06-09 21:16:40:1640 [31merror[39m: [31mRedis Connection Error:[39m
2026-06-09 21:16:42:1642 [31merror[39m: [31mRedis Connection Error:[39m
2026-06-09 21:16:44:1644 [31merror[39m: [31mRedis Connection Error:[39m
2026-06-09 21:16:46:1646 [31merror[39m: [31mRedis Connection Error:[39m
2026-06-09 21:16:48:1648 [31merror[39m: [31mRedis Connection Error:[39m
2026-06-09 21:16:50:1650 [31merror[39m: [31mRedis Connection Error:[39m
2026-06-09 21:16:52:1652 [31merror[39m: [31mRedis Connection Error:[39m
2026-06-09 21:16:54:1654 [31merror[39m: [31mRedis Connection Error:[39m
2026-06-09 21:16:56:1656 [31merror[39m: [31mRedis Connection Error:[39m
2026-06-09 21:16:58:1658 [31merror[39m: [31mRedis Connection Error:[39m
2026-06-09 21:17:00:170 [31merror[39m: [31mRedis Connection Error:[39m
2026-06-09 21:17:02:172 [31merror[39m: [31mRedis Connection Error:[39m
2026-06-09 21:17:04:174 [31merror[39m: [31mRedis Connection Error:[39m
2026-06-09 21:17:06:176 [31merror[39m: [31mRedis Connection Error:[39m
2026-06-09 21:17:08:178 [31merror[39m: [31mRedis Connection Error:[39m
2026-06-09 21:17:10:1710 [31merror[39m: [31mRedis Connection Error:[39m
2026-06-09 21:17:12:1712 [31merror[39m: [31mRedis Connection Error:[39m
2026-06-09 21:17:14:1714 [31merror[39m: [31mRedis Connection Error:[39m
2026-06-09 21:17:16:1716 [31merror[39m: [31mRedis Connection Error:[39m
2026-06-09 21:17:18:1718 [31merror[39m: [31mRedis Connection Error:[39m
2026-06-09 21:17:20:1720 [31merror[39m: [31mRedis Connection Error:[39m
2026-06-09 21:17:22:1722 [31merror[39m: [31mRedis Connection Error:[39m
2026-06-09 21:17:24:1724 [31merror[39m: [31mRedis Connection Error:[39m
2026-06-09 21:17:26:1726 [31merror[39m: [31mRedis Connection Error:[39m
2026-06-09 21:17:28:1728 [31merror[39m: [31mRedis Connection Error:[39m
2026-06-09 21:17:30:1730 [31merror[39m: [31mRedis Connection Error:[39m
2026-06-09 21:17:32:1732 [31merror[39m: [31mRedis Connection Error:[39m
2026-06-09 21:17:34:1734 [31merror[39m: [31mRedis Connection Error:[39m
2026-06-09 21:17:36:1736 [31merror[39m: [31mRedis Connection Error:[39m
2026-06-09 21:17:38:1738 [31merror[39m: [31mRedis Connection Error:[39m
2026-06-09 21:17:40:1740 [31merror[39m: [31mRedis Connection Error:[39m
2026-06-09 21:17:42:1742 [31merror[39m: [31mRedis Connection Error:[39m
2026-06-09 21:17:44:1744 [31merror[39m: [31mRedis Connection Error:[39m
2026-06-09 21:17:46:1746 [31merror[39m: [31mRedis Connection Error:[39m
2026-06-09 21:17:48:1748 [31merror[39m: [31mRedis Connection Error:[39m
2026-06-09 21:17:50:1750 [31merror[39m: [31mRedis Connection Error:[39m
2026-06-09 21:17:52:1752 [31merror[39m: [31mRedis Connection Error:[39m
2026-06-09 21:17:54:1754 [31merror[39m: [31mRedis Connection Error:[39m
2026-06-09 21:17:56:1756 [31merror[39m: [31mRedis Connection Error:[39m
2026-06-09 21:17:58:1758 [31merror[39m: [31mRedis Connection Error:[39m
2026-06-09 21:18:00:180 [31merror[39m: [31mRedis Connection Error:[39m
2026-06-09 21:18:02:182 [31merror[39m: [31mRedis Connection Error:[39m
2026-06-09 21:18:04:184 [31merror[39m: [31mRedis Connection Error:[39m
2026-06-09 21:18:06:186 [31merror[39m: [31mRedis Connection Error:[39m
2026-06-09 21:18:08:188 [31merror[39m: [31mRedis Connection Error:[39m
2026-06-09 21:18:10:1810 [31merror[39m: [31mRedis Connection Error:[39m
2026-06-09 21:18:12:1812 [31merror[39m: [31mRedis Connection Error:[39m
2026-06-09 21:18:14:1814 [31merror[39m: [31mRedis Connection Error:[39m
2026-06-09 21:18:16:1816 [31merror[39m: [31mRedis Connection Error:[39m
2026-06-09 21:18:18:1818 [31merror[39m: [31mRedis Connection Error:[39m
2026-06-09 21:18:20:1820 [31merror[39m: [31mRedis Connection Error:[39m
2026-06-09 21:18:22:1822 [31merror[39m: [31mRedis Connection Error:[39m
2026-06-09 21:18:24:1824 [31merror[39m: [31mRedis Connection Error:[39m
2026-06-09 21:18:26:1826 [31merror[39m: [31mRedis Connection Error:[39m
2026-06-09 21:18:28:1828 [31merror[39m: [31mRedis Connection Error:[39m
2026-06-09 21:18:30:1830 [31merror[39m: [31mRedis Connection Error:[39m
2026-06-09 21:18:32:1832 [31merror[39m: [31mRedis Connection Error:[39m
2026-06-09 21:18:34:1834 [31merror[39m: [31mRedis Connection Error:[39m
2026-06-09 21:18:36:1836 [31merror[39m: [31mRedis Connection Error:[39m
2026-06-09 21:18:38:1838 [31merror[39m: [31mRedis Connection Error:[39m
2026-06-09 21:18:40:1840 [31merror[39m: [31mRedis Connection Error:[39m
2026-06-09 21:18:42:1842 [31merror[39m: [31mRedis Connection Error:[39m
2026-06-09 21:18:44:1844 [31merror[39m: [31mRedis Connection Error:[39m
2026-06-09 21:18:46:1846 [31merror[39m: [31mRedis Connection Error:[39m
2026-06-09 21:18:48:1848 [31merror[39m: [31mRedis Connection Error:[39m
2026-06-09 21:18:50:1850 [31merror[39m: [31mRedis Connection Error:[39m
2026-06-09 21:18:52:1852 [31merror[39m: [31mRedis Connection Error:[39m
2026-06-09 21:18:54:1854 [31merror[39m: [31mRedis Connection Error:[39m
2026-06-09 21:18:56:1856 [31merror[39m: [31mRedis Connection Error:[39m
2026-06-09 21:18:58:1858 [31merror[39m: [31mRedis Connection Error:[39m
2026-06-09 21:19:00:190 [31merror[39m: [31mRedis Connection Error:[39m
2026-06-09 21:19:02:192 [31merror[39m: [31mRedis Connection Error:[39m
2026-06-09 21:19:04:194 [31merror[39m: [31mRedis Connection Error:[39m
2026-06-09 21:19:06:196 [31merror[39m: [31mRedis Connection Error:[39m
2026-06-09 21:19:08:198 [31merror[39m: [31mRedis Connection Error:[39m
2026-06-09 21:19:10:1910 [31merror[39m: [31mRedis Connection Error:[39m
2026-06-09 21:19:12:1912 [31merror[39m: [31mRedis Connection Error:[39m
2026-06-09 21:19:14:1914 [31merror[39m: [31mRedis Connection Error:[39m
2026-06-09 21:19:16:1916 [31merror[39m: [31mRedis Connection Error:[39m
2026-06-09 21:19:18:1918 [31merror[39m: [31mRedis Connection Error:[39m
2026-06-09 21:19:20:1920 [31merror[39m: [31mRedis Connection Error:[39m
2026-06-09 21:19:22:1922 [31merror[39m: [31mRedis Connection Error:[39m
2026-06-09 21:19:24:1924 [31merror[39m: [31mRedis Connection Error:[39m
2026-06-09 21:19:26:1926 [31merror[39m: [31mRedis Connection Error:[39m
2026-06-09 21:19:28:1928 [31merror[39m: [31mRedis Connection Error:[39m
2026-06-09 21:19:30:1930 [31merror[39m: [31mRedis Connection Error:[39m
2026-06-09 21:19:32:1932 [31merror[39m: [31mRedis Connection Error:[39m
2026-06-09 21:19:34:1934 [31merror[39m: [31mRedis Connection Error:[39m
2026-06-09 21:19:37:1937 [31merror[39m: [31mRedis Connection Error:[39m
2026-06-09 21:19:39:1939 [31merror[39m: [31mRedis Connection Error:[39m
2026-06-09 21:19:41:1941 [31merror[39m: [31mRedis Connection Error:[39m
2026-06-09 21:19:43:1943 [31merror[39m: [31mRedis Connection Error:[39m
2026-06-09 21:19:45:1945 [31merror[39m: [31mRedis Connection Error:[39m
2026-06-09 21:19:47:1947 [31merror[39m: [31mRedis Connection Error:[39m
2026-06-09 21:19:49:1949 [31merror[39m: [31mRedis Connection Error:[39m
2026-06-09 21:19:51:1951 [31merror[39m: [31mRedis Connection Error:[39m
2026-06-09 21:19:53:1953 [31merror[39m: [31mRedis Connection Error:[39m
2026-06-09 21:19:55:1955 [31merror[39m: [31mRedis Connection Error:[39m
2026-06-09 21:19:57:1957 [31merror[39m: [31mRedis Connection Error:[39m
2026-06-09 21:19:59:1959 [31merror[39m: [31mRedis Connection Error:[39m
2026-06-09 21:20:01:201 [31merror[39m: [31mRedis Connection Error:[39m
2026-06-09 21:20:03:203 [31merror[39m: [31mRedis Connection Error:[39m
2026-06-09 21:20:05:205 [31merror[39m: [31mRedis Connection Error:[39m
2026-06-09 21:20:07:207 [31merror[39m: [31mRedis Connection Error:[39m
2026-06-09 21:20:09:209 [31merror[39m: [31mRedis Connection Error:[39m
2026-06-09 21:20:11:2011 [31merror[39m: [31mRedis Connection Error:[39m
2026-06-09 21:20:13:2013 [31merror[39m: [31mRedis Connection Error:[39m
2026-06-09 21:20:15:2015 [31merror[39m: [31mRedis Connection Error:[39m
2026-06-09 21:20:17:2017 [31merror[39m: [31mRedis Connection Error:[39m
2026-06-09 21:20:19:2019 [31merror[39m: [31mRedis Connection Error:[39m
2026-06-09 21:20:21:2021 [31merror[39m: [31mRedis Connection Error:[39m
2026-06-09 21:20:23:2023 [31merror[39m: [31mRedis Connection Error:[39m
2026-06-09 21:20:25:2025 [31merror[39m: [31mRedis Connection Error:[39m
2026-06-09 21:20:27:2027 [31merror[39m: [31mRedis Connection Error:[39m
2026-06-09 21:20:29:2029 [31merror[39m: [31mRedis Connection Error:[39m
2026-06-09 21:20:31:2031 [31merror[39m: [31mRedis Connection Error:[39m
2026-06-09 21:20:33:2033 [31merror[39m: [31mRedis Connection Error:[39m
2026-06-09 21:20:35:2035 [31merror[39m: [31mRedis Connection Error:[39m
2026-06-09 21:20:37:2037 [31merror[39m: [31mRedis Connection Error:[39m
2026-06-09 21:20:39:2039 [31merror[39m: [31mRedis Connection Error:[39m
2026-06-09 21:20:41:2041 [31merror[39m: [31mRedis Connection Error:[39m
2026-06-09 21:20:43:2043 [31merror[39m: [31mRedis Connection Error:[39m
2026-06-09 21:20:45:2045 [31merror[39m: [31mRedis Connection Error:[39m
2026-06-09 21:20:47:2047 [31merror[39m: [31mRedis Connection Error:[39m
2026-06-09 21:20:49:2049 [31merror[39m: [31mRedis Connection Error:[39m
2026-06-09 21:20:51:2051 [31merror[39m: [31mRedis Connection Error:[39m
2026-06-09 21:20:53:2053 [31merror[39m: [31mRedis Connection Error:[39m
2026-06-09 21:20:55:2055 [31merror[39m: [31mRedis Connection Error:[39m
2026-06-09 21:20:57:2057 [31merror[39m: [31mRedis Connection Error:[39m
2026-06-09 21:20:59:2059 [31merror[39m: [31mRedis Connection Error:[39m
2026-06-09 21:21:01:211 [31merror[39m: [31mRedis Connection Error:[39m
2026-06-09 21:21:03:213 [31merror[39m: [31mRedis Connection Error:[39m
2026-06-09 21:21:05:215 [31merror[39m: [31mRedis Connection Error:[39m
2026-06-09 21:21:07:217 [31merror[39m: [31mRedis Connection Error:[39m
2026-06-09 21:21:09:219 [31merror[39m: [31mRedis Connection Error:[39m
2026-06-09 21:21:11:2111 [31merror[39m: [31mRedis Connection Error:[39m
2026-06-09 21:21:13:2113 [31merror[39m: [31mRedis Connection Error:[39m
2026-06-09 21:21:15:2115 [31merror[39m: [31mRedis Connection Error:[39m
2026-06-09 21:21:17:2117 [31merror[39m: [31mRedis Connection Error:[39m
2026-06-09 21:21:19:2119 [31merror[39m: [31mRedis Connection Error:[39m
2026-06-09 21:21:21:2121 [31merror[39m: [31mRedis Connection Error:[39m
2026-06-09 21:21:23:2123 [31merror[39m: [31mRedis Connection Error:[39m
2026-06-09 21:21:25:2125 [31merror[39m: [31mRedis Connection Error:[39m
2026-06-09 21:21:27:2127 [31merror[39m: [31mRedis Connection Error:[39m
2026-06-09 21:21:29:2129 [31merror[39m: [31mRedis Connection Error:[39m
2026-06-09 21:21:31:2131 [31merror[39m: [31mRedis Connection Error:[39m
2026-06-09 21:21:33:2133 [31merror[39m: [31mRedis Connection Error:[39m
2026-06-09 21:21:35:2135 [31merror[39m: [31mRedis Connection Error:[39m
2026-06-09 21:21:37:2137 [31merror[39m: [31mRedis Connection Error:[39m
2026-06-09 21:21:39:2139 [31merror[39m: [31mRedis Connection Error:[39m
2026-06-09 21:21:41:2141 [31merror[39m: [31mRedis Connection Error:[39m
2026-06-09 21:21:43:2143 [31merror[39m: [31mRedis Connection Error:[39m
2026-06-09 21:21:45:2145 [31merror[39m: [31mRedis Connection Error:[39m
2026-06-09 21:21:47:2147 [31merror[39m: [31mRedis Connection Error:[39m
2026-06-09 21:21:49:2149 [31merror[39m: [31mRedis Connection Error:[39m
2026-06-09 21:21:51:2151 [31merror[39m: [31mRedis Connection Error:[39m
2026-06-09 21:21:53:2153 [31merror[39m: [31mRedis Connection Error:[39m
2026-06-09 21:21:55:2155 [31merror[39m: [31mRedis Connection Error:[39m
2026-06-09 21:21:57:2157 [31merror[39m: [31mRedis Connection Error:[39m
2026-06-09 21:21:59:2159 [31merror[39m: [31mRedis Connection Error:[39m
2026-06-09 21:22:01:221 [31merror[39m: [31mRedis Connection Error:[39m
2026-06-09 21:22:03:223 [31merror[39m: [31mRedis Connection Error:[39m
2026-06-09 21:22:05:225 [31merror[39m: [31mRedis Connection Error:[39m
2026-06-09 21:22:07:227 [31merror[39m: [31mRedis Connection Error:[39m
2026-06-09 21:22:09:229 [31merror[39m: [31mRedis Connection Error:[39m
2026-06-09 21:22:11:2211 [31merror[39m: [31mRedis Connection Error:[39m
2026-06-09 21:22:13:2213 [31merror[39m: [31mRedis Connection Error:[39m
2026-06-09 21:22:15:2215 [31merror[39m: [31mRedis Connection Error:[39m
2026-06-09 21:22:17:2217 [31merror[39m: [31mRedis Connection Error:[39m
2026-06-09 21:22:19:2219 [31merror[39m: [31mRedis Connection Error:[39m
2026-06-09 21:22:21:2221 [31merror[39m: [31mRedis Connection Error:[39m
2026-06-09 21:22:23:2223 [31merror[39m: [31mRedis Connection Error:[39m
2026-06-09 21:22:25:2225 [31merror[39m: [31mRedis Connection Error:[39m
2026-06-09 21:22:27:2227 [31merror[39m: [31mRedis Connection Error:[39m
2026-06-09 21:22:29:2229 [31merror[39m: [31mRedis Connection Error:[39m
2026-06-09 21:22:31:2231 [31merror[39m: [31mRedis Connection Error:[39m
2026-06-09 21:22:33:2233 [31merror[39m: [31mRedis Connection Error:[39m
2026-06-09 21:22:35:2235 [31merror[39m: [31mRedis Connection Error:[39m
2026-06-09 21:22:37:2237 [31merror[39m: [31mRedis Connection Error:[39m
2026-06-09 21:22:39:2239 [31merror[39m: [31mRedis Connection Error:[39m
2026-06-09 21:22:41:2241 [31merror[39m: [31mRedis Connection Error:[39m
2026-06-09 21:22:43:2243 [31merror[39m: [31mRedis Connection Error:[39m
2026-06-09 21:22:45:2245 [31merror[39m: [31mRedis Connection Error:[39m
2026-06-09 21:22:47:2247 [31merror[39m: [31mRedis Connection Error:[39m
2026-06-09 21:22:49:2249 [31merror[39m: [31mRedis Connection Error:[39m
2026-06-09 21:22:51:2251 [31merror[39m: [31mRedis Connection Error:[39m
2026-06-09 21:22:53:2253 [31merror[39m: [31mRedis Connection Error:[39m
2026-06-09 21:22:55:2255 [31merror[39m: [31mRedis Connection Error:[39m
2026-06-09 21:22:57:2257 [31merror[39m: [31mRedis Connection Error:[39m
2026-06-09 21:22:59:2259 [31merror[39m: [31mRedis Connection Error:[39m
2026-06-09 21:23:01:231 [31merror[39m: [31mRedis Connection Error:[39m
2026-06-09 21:23:03:233 [31merror[39m: [31mRedis Connection Error:[39m
2026-06-09 21:23:05:235 [31merror[39m: [31mRedis Connection Error:[39m
2026-06-09 21:23:07:237 [31merror[39m: [31mRedis Connection Error:[39m
2026-06-09 21:23:09:239 [31merror[39m: [31mRedis Connection Error:[39m
2026-06-09 21:23:11:2311 [31merror[39m: [31mRedis Connection Error:[39m
2026-06-09 21:23:13:2313 [31merror[39m: [31mRedis Connection Error:[39m
2026-06-09 21:23:15:2315 [31merror[39m: [31mRedis Connection Error:[39m
2026-06-09 21:23:17:2317 [31merror[39m: [31mRedis Connection Error:[39m
2026-06-09 21:23:19:2319 [31merror[39m: [31mRedis Connection Error:[39m
2026-06-09 21:23:21:2321 [31merror[39m: [31mRedis Connection Error:[39m
2026-06-09 21:23:23:2323 [31merror[39m: [31mRedis Connection Error:[39m
2026-06-09 21:23:25:2325 [31merror[39m: [31mRedis Connection Error:[39m
2026-06-09 21:23:27:2327 [31merror[39m: [31mRedis Connection Error:[39m
2026-06-09 21:23:29:2329 [31merror[39m: [31mRedis Connection Error:[39m
2026-06-09 21:23:31:2331 [31merror[39m: [31mRedis Connection Error:[39m
2026-06-09 21:23:33:2333 [31merror[39m: [31mRedis Connection Error:[39m
2026-06-09 21:23:35:2335 [31merror[39m: [31mRedis Connection Error:[39m
2026-06-09 21:23:37:2337 [31merror[39m: [31mRedis Connection Error:[39m
2026-06-09 21:23:39:2339 [31merror[39m: [31mRedis Connection Error:[39m
2026-06-09 21:23:41:2341 [31merror[39m: [31mRedis Connection Error:[39m
2026-06-09 21:23:43:2343 [31merror[39m: [31mRedis Connection Error:[39m
2026-06-09 21:23:45:2345 [31merror[39m: [31mRedis Connection Error:[39m
2026-06-09 21:23:47:2347 [31merror[39m: [31mRedis Connection Error:[39m
2026-06-09 21:23:49:2349 [31merror[39m: [31mRedis Connection Error:[39m
2026-06-09 21:23:51:2351 [31merror[39m: [31mRedis Connection Error:[39m
2026-06-09 21:23:53:2353 [31merror[39m: [31mRedis Connection Error:[39m
2026-06-09 21:23:55:2355 [31merror[39m: [31mRedis Connection Error:[39m
2026-06-09 21:23:57:2357 [31merror[39m: [31mRedis Connection Error:[39m
2026-06-09 21:23:59:2359 [31merror[39m: [31mRedis Connection Error:[39m
2026-06-09 21:24:01:241 [31merror[39m: [31mRedis Connection Error:[39m
2026-06-09 21:24:03:243 [31merror[39m: [31mRedis Connection Error:[39m
2026-06-09 21:24:05:245 [31merror[39m: [31mRedis Connection Error:[39m
2026-06-09 21:24:07:247 [31merror[39m: [31mRedis Connection Error:[39m
2026-06-09 21:24:09:249 [31merror[39m: [31mRedis Connection Error:[39m
2026-06-09 21:24:11:2411 [31merror[39m: [31mRedis Connection Error:[39m
2026-06-09 21:24:13:2413 [31merror[39m: [31mRedis Connection Error:[39m
2026-06-09 21:24:15:2415 [31merror[39m: [31mRedis Connection Error:[39m
2026-06-09 21:24:17:2417 [31merror[39m: [31mRedis Connection Error:[39m
2026-06-09 21:24:19:2419 [31merror[39m: [31mRedis Connection Error:[39m
2026-06-09 21:24:21:2421 [31merror[39m: [31mRedis Connection Error:[39m
2026-06-09 21:24:23:2423 [31merror[39m: [31mRedis Connection Error:[39m
2026-06-09 21:24:25:2425 [31merror[39m: [31mRedis Connection Error:[39m
2026-06-09 21:24:27:2427 [31merror[39m: [31mRedis Connection Error:[39m
2026-06-09 21:24:29:2429 [31merror[39m: [31mRedis Connection Error:[39m
2026-06-09 21:24:31:2431 [31merror[39m: [31mRedis Connection Error:[39m
2026-06-09 21:24:33:2433 [31merror[39m: [31mRedis Connection Error:[39m
2026-06-09 21:24:35:2435 [31merror[39m: [31mRedis Connection Error:[39m
2026-06-09 21:24:37:2437 [31merror[39m: [31mRedis Connection Error:[39m
2026-06-09 21:24:39:2439 [31merror[39m: [31mRedis Connection Error:[39m
2026-06-09 21:24:41:2441 [31merror[39m: [31mRedis Connection Error:[39m
2026-06-09 21:24:43:2443 [31merror[39m: [31mRedis Connection Error:[39m
2026-06-09 21:24:45:2445 [31merror[39m: [31mRedis Connection Error:[39m
2026-06-09 21:24:47:2447 [31merror[39m: [31mRedis Connection Error:[39m
2026-06-09 21:24:49:2449 [31merror[39m: [31mRedis Connection Error:[39m
2026-06-09 21:24:51:2451 [31merror[39m: [31mRedis Connection Error:[39m
2026-06-09 21:24:53:2453 [31merror[39m: [31mRedis Connection Error:[39m
2026-06-09 21:24:55:2455 [31merror[39m: [31mRedis Connection Error:[39m
2026-06-09 21:24:57:2457 [31merror[39m: [31mRedis Connection Error:[39m
2026-06-09 21:24:59:2459 [31merror[39m: [31mRedis Connection Error:[39m
2026-06-09 21:25:01:251 [31merror[39m: [31mRedis Connection Error:[39m
2026-06-09 21:25:03:253 [31merror[39m: [31mRedis Connection Error:[39m
2026-06-09 21:25:05:255 [31merror[39m: [31mRedis Connection Error:[39m
2026-06-09 21:25:07:257 [31merror[39m: [31mRedis Connection Error:[39m
2026-06-09 21:25:09:259 [31merror[39m: [31mRedis Connection Error:[39m
2026-06-09 21:25:11:2511 [31merror[39m: [31mRedis Connection Error:[39m
2026-06-09 21:25:13:2513 [31merror[39m: [31mRedis Connection Error:[39m
2026-06-09 21:25:15:2515 [31merror[39m: [31mRedis Connection Error:[39m
2026-06-09 21:25:17:2517 [31merror[39m: [31mRedis Connection Error:[39m
2026-06-09 21:25:19:2519 [31merror[39m: [31mRedis Connection Error:[39m
2026-06-09 21:25:21:2521 [31merror[39m: [31mRedis Connection Error:[39m
2026-06-09 21:25:23:2523 [31merror[39m: [31mRedis Connection Error:[39m
2026-06-09 21:25:25:2525 [31merror[39m: [31mRedis Connection Error:[39m
2026-06-09 21:25:27:2527 [31merror[39m: [31mRedis Connection Error:[39m
2026-06-09 21:25:29:2529 [31merror[39m: [31mRedis Connection Error:[39m
2026-06-09 21:25:31:2531 [31merror[39m: [31mRedis Connection Error:[39m
2026-06-09 21:25:33:2533 [31merror[39m: [31mRedis Connection Error:[39m
2026-06-09 21:25:35:2535 [31merror[39m: [31mRedis Connection Error:[39m
2026-06-09 21:25:37:2537 [31merror[39m: [31mRedis Connection Error:[39m
2026-06-09 21:25:39:2539 [31merror[39m: [31mRedis Connection Error:[39m
2026-06-09 21:25:41:2541 [31merror[39m: [31mRedis Connection Error:[39m
2026-06-09 21:25:43:2543 [31merror[39m: [31mRedis Connection Error:[39m
2026-06-09 21:25:45:2545 [31merror[39m: [31mRedis Connection Error:[39m
2026-06-09 21:25:47:2547 [31merror[39m: [31mRedis Connection Error:[39m
2026-06-09 21:25:49:2549 [31merror[39m: [31mRedis Connection Error:[39m
2026-06-09 21:25:51:2551 [31merror[39m: [31mRedis Connection Error:[39m
2026-06-09 21:25:53:2553 [31merror[39m: [31mRedis Connection Error:[39m
2026-06-09 21:25:55:2555 [31merror[39m: [31mRedis Connection Error:[39m
2026-06-09 21:25:57:2557 [31merror[39m: [31mRedis Connection Error:[39m
2026-06-09 21:25:59:2559 [31merror[39m: [31mRedis Connection Error:[39m
2026-06-09 21:26:01:261 [31merror[39m: [31mRedis Connection Error:[39m
2026-06-09 21:26:03:263 [31merror[39m: [31mRedis Connection Error:[39m
2026-06-09 21:26:05:265 [31merror[39m: [31mRedis Connection Error:[39m
2026-06-09 21:26:07:267 [31merror[39m: [31mRedis Connection Error:[39m
2026-06-09 21:26:09:269 [31merror[39m: [31mRedis Connection Error:[39m
2026-06-09 21:26:11:2611 [31merror[39m: [31mRedis Connection Error:[39m
2026-06-09 21:26:13:2613 [31merror[39m: [31mRedis Connection Error:[39m
2026-06-09 21:26:15:2615 [31merror[39m: [31mRedis Connection Error:[39m
2026-06-09 21:26:17:2617 [31merror[39m: [31mRedis Connection Error:[39m
2026-06-09 21:26:19:2619 [31merror[39m: [31mRedis Connection Error:[39m
2026-06-09 21:26:21:2621 [31merror[39m: [31mRedis Connection Error:[39m
2026-06-09 21:26:23:2623 [31merror[39m: [31mRedis Connection Error:[39m
2026-06-09 21:26:25:2625 [31merror[39m: [31mRedis Connection Error:[39m
2026-06-09 21:26:27:2627 [31merror[39m: [31mRedis Connection Error:[39m
2026-06-09 21:26:29:2629 [31merror[39m: [31mRedis Connection Error:[39m
2026-06-09 21:26:31:2631 [31merror[39m: [31mRedis Connection Error:[39m
2026-06-09 21:26:33:2633 [31merror[39m: [31mRedis Connection Error:[39m
2026-06-09 21:26:35:2635 [31merror[39m: [31mRedis Connection Error:[39m
2026-06-09 21:26:37:2637 [31merror[39m: [31mRedis Connection Error:[39m
2026-06-09 21:26:39:2639 [31merror[39m: [31mRedis Connection Error:[39m
2026-06-09 21:26:41:2641 [31merror[39m: [31mRedis Connection Error:[39m
2026-06-09 21:26:43:2643 [31merror[39m: [31mRedis Connection Error:[39m
2026-06-09 21:26:45:2645 [31merror[39m: [31mRedis Connection Error:[39m
2026-06-09 21:26:47:2647 [31merror[39m: [31mRedis Connection Error:[39m
2026-06-09 21:26:49:2649 [31merror[39m: [31mRedis Connection Error:[39m
2026-06-09 21:26:51:2651 [31merror[39m: [31mRedis Connection Error:[39m
2026-06-09 21:26:53:2653 [31merror[39m: [31mRedis Connection Error:[39m
2026-06-09 21:26:55:2655 [31merror[39m: [31mRedis Connection Error:[39m
2026-06-09 21:26:57:2657 [31merror[39m: [31mRedis Connection Error:[39m
2026-06-09 21:26:59:2659 [31merror[39m: [31mRedis Connection Error:[39m
2026-06-09 21:27:01:271 [31merror[39m: [31mRedis Connection Error:[39m
2026-06-09 21:27:03:273 [31merror[39m: [31mRedis Connection Error:[39m
2026-06-09 21:27:05:275 [31merror[39m: [31mRedis Connection Error:[39m
2026-06-09 21:27:07:277 [31merror[39m: [31mRedis Connection Error:[39m
2026-06-09 21:27:09:279 [31merror[39m: [31mRedis Connection Error:[39m
2026-06-09 21:27:11:2711 [31merror[39m: [31mRedis Connection Error:[39m
2026-06-09 21:27:13:2713 [31merror[39m: [31mRedis Connection Error:[39m
2026-06-09 21:27:15:2715 [31merror[39m: [31mRedis Connection Error:[39m
2026-06-09 21:27:17:2717 [31merror[39m: [31mRedis Connection Error:[39m
2026-06-09 21:27:19:2719 [31merror[39m: [31mRedis Connection Error:[39m
2026-06-09 21:27:21:2721 [31merror[39m: [31mRedis Connection Error:[39m
2026-06-09 21:27:23:2723 [31merror[39m: [31mRedis Connection Error:[39m
2026-06-09 21:27:25:2725 [31merror[39m: [31mRedis Connection Error:[39m
2026-06-09 21:27:27:2727 [31merror[39m: [31mRedis Connection Error:[39m
2026-06-09 21:27:29:2729 [31merror[39m: [31mRedis Connection Error:[39m
2026-06-09 21:27:31:2731 [31merror[39m: [31mRedis Connection Error:[39m
2026-06-09 21:27:33:2733 [31merror[39m: [31mRedis Connection Error:[39m
2026-06-09 21:27:35:2735 [31merror[39m: [31mRedis Connection Error:[39m
2026-06-09 21:27:37:2737 [31merror[39m: [31mRedis Connection Error:[39m
2026-06-09 21:27:39:2739 [31merror[39m: [31mRedis Connection Error:[39m
2026-06-09 21:27:41:2741 [31merror[39m: [31mRedis Connection Error:[39m
2026-06-09 21:27:43:2743 [31merror[39m: [31mRedis Connection Error:[39m
2026-06-09 21:27:45:2745 [31merror[39m: [31mRedis Connection Error:[39m
2026-06-09 21:27:47:2747 [31merror[39m: [31mRedis Connection Error:[39m
2026-06-09 21:27:49:2749 [31merror[39m: [31mRedis Connection Error:[39m
2026-06-09 21:27:51:2751 [31merror[39m: [31mRedis Connection Error:[39m
2026-06-09 21:27:53:2753 [31merror[39m: [31mRedis Connection Error:[39m
2026-06-09 21:27:55:2755 [31merror[39m: [31mRedis Connection Error:[39m
2026-06-09 21:27:57:2757 [31merror[39m: [31mRedis Connection Error:[39m
2026-06-09 21:27:59:2759 [31merror[39m: [31mRedis Connection Error:[39m
2026-06-09 21:28:01:281 [31merror[39m: [31mRedis Connection Error:[39m
2026-06-09 21:28:03:283 [31merror[39m: [31mRedis Connection Error:[39m
2026-06-09 21:28:05:285 [31merror[39m: [31mRedis Connection Error:[39m
2026-06-09 21:28:07:287 [31merror[39m: [31mRedis Connection Error:[39m
2026-06-09 21:28:09:289 [31merror[39m: [31mRedis Connection Error:[39m
2026-06-09 21:28:11:2811 [31merror[39m: [31mRedis Connection Error:[39m
2026-06-09 21:28:13:2813 [31merror[39m: [31mRedis Connection Error:[39m
2026-06-09 21:28:15:2815 [31merror[39m: [31mRedis Connection Error:[39m
2026-06-09 21:28:17:2817 [31merror[39m: [31mRedis Connection Error:[39m
2026-06-09 21:28:19:2819 [31merror[39m: [31mRedis Connection Error:[39m
2026-06-09 21:28:21:2821 [31merror[39m: [31mRedis Connection Error:[39m
2026-06-09 21:28:23:2823 [31merror[39m: [31mRedis Connection Error:[39m
2026-06-09 21:28:25:2825 [31merror[39m: [31mRedis Connection Error:[39m
2026-06-09 21:28:27:2827 [31merror[39m: [31mRedis Connection Error:[39m
2026-06-09 21:28:29:2829 [31merror[39m: [31mRedis Connection Error:[39m
2026-06-09 21:28:31:2831 [31merror[39m: [31mRedis Connection Error:[39m
2026-06-09 21:28:33:2833 [31merror[39m: [31mRedis Connection Error:[39m
2026-06-09 21:28:35:2835 [31merror[39m: [31mRedis Connection Error:[39m
2026-06-09 21:28:37:2837 [31merror[39m: [31mRedis Connection Error:[39m
2026-06-09 21:28:39:2839 [31merror[39m: [31mRedis Connection Error:[39m
2026-06-09 21:28:41:2841 [31merror[39m: [31mRedis Connection Error:[39m
2026-06-09 21:28:43:2843 [31merror[39m: [31mRedis Connection Error:[39m
2026-06-09 21:28:45:2845 [31merror[39m: [31mRedis Connection Error:[39m
2026-06-09 21:28:47:2847 [31merror[39m: [31mRedis Connection Error:[39m
2026-06-09 21:28:49:2849 [31merror[39m: [31mRedis Connection Error:[39m
2026-06-09 21:28:51:2851 [31merror[39m: [31mRedis Connection Error:[39m
2026-06-09 21:28:53:2853 [31merror[39m: [31mRedis Connection Error:[39m
2026-06-09 21:28:55:2855 [31merror[39m: [31mRedis Connection Error:[39m
2026-06-09 21:28:57:2857 [31merror[39m: [31mRedis Connection Error:[39m
2026-06-09 21:28:59:2859 [31merror[39m: [31mRedis Connection Error:[39m
2026-06-09 21:29:01:291 [31merror[39m: [31mRedis Connection Error:[39m
2026-06-09 21:29:03:293 [31merror[39m: [31mRedis Connection Error:[39m
2026-06-09 21:29:05:295 [31merror[39m: [31mRedis Connection Error:[39m
2026-06-09 21:29:07:297 [31merror[39m: [31mRedis Connection Error:[39m
2026-06-09 21:29:09:299 [31merror[39m: [31mRedis Connection Error:[39m
2026-06-09 21:29:11:2911 [31merror[39m: [31mRedis Connection Error:[39m
2026-06-09 21:29:13:2913 [31merror[39m: [31mRedis Connection Error:[39m
2026-06-09 21:29:15:2915 [31merror[39m: [31mRedis Connection Error:[39m
2026-06-09 21:29:17:2917 [31merror[39m: [31mRedis Connection Error:[39m
2026-06-09 21:29:19:2919 [31merror[39m: [31mRedis Connection Error:[39m
2026-06-09 21:29:21:2921 [31merror[39m: [31mRedis Connection Error:[39m
2026-06-09 21:29:23:2923 [31merror[39m: [31mRedis Connection Error:[39m
2026-06-09 21:29:25:2925 [31merror[39m: [31mRedis Connection Error:[39m
2026-06-09 21:29:27:2927 [31merror[39m: [31mRedis Connection Error:[39m
2026-06-09 21:29:29:2929 [31merror[39m: [31mRedis Connection Error:[39m
2026-06-09 21:29:31:2931 [31merror[39m: [31mRedis Connection Error:[39m
2026-06-09 21:29:33:2933 [31merror[39m: [31mRedis Connection Error:[39m
2026-06-09 21:29:35:2935 [31merror[39m: [31mRedis Connection Error:[39m
2026-06-09 21:29:37:2937 [31merror[39m: [31mRedis Connection Error:[39m
2026-06-09 21:29:39:2939 [31merror[39m: [31mRedis Connection Error:[39m
2026-06-09 21:29:41:2941 [31merror[39m: [31mRedis Connection Error:[39m
2026-06-09 21:29:43:2943 [31merror[39m: [31mRedis Connection Error:[39m
2026-06-09 21:29:45:2945 [31merror[39m: [31mRedis Connection Error:[39m
2026-06-09 21:29:47:2947 [31merror[39m: [31mRedis Connection Error:[39m
2026-06-09 21:29:49:2949 [31merror[39m: [31mRedis Connection Error:[39m
2026-06-09 21:29:51:2951 [31merror[39m: [31mRedis Connection Error:[39m
2026-06-09 21:29:53:2953 [31merror[39m: [31mRedis Connection Error:[39m
2026-06-09 21:29:55:2955 [31merror[39m: [31mRedis Connection Error:[39m
2026-06-09 21:29:57:2957 [31merror[39m: [31mRedis Connection Error:[39m
2026-06-09 21:29:59:2959 [31merror[39m: [31mRedis Connection Error:[39m
2026-06-09 21:30:00:300 [31merror[39m: [31m[WorkflowExecutor] Error running batch: [39m
[31mInvalid `prisma.workflowJob.findMany()` invocation in[39m
[31m/Users/maheshkumar/Kangqore/backend/src/jobs/WorkflowExecutor.ts:12:52[39m

[31m   9  */[39m
[31m  10 static async run() {[39m
[31m  11   try {[39m
[31m→ 12     const pendingJobs = await prisma.workflowJob.findMany([39m
[31mCan't reach database server at `localhost:5432`[39m

[31mPlease make sure your database server is running at `localhost:5432`.[39m
2026-06-09 21:30:00:300 [31merror[39m: [31mError in Meeting Reminder job [39m
[31mInvalid `prisma.scheduledEvent.findMany()` invocation in[39m
[31m/Users/maheshkumar/Kangqore/backend/src/jobs/CronManager.ts:106:57[39m

[31m  103 const now = new Date();[39m
[31m  104 [39m
[31m  105 // Find events that start within 23h45m – 24h15m (24h window, ±15 min)[39m
[31m→ 106 const upcoming24h = await prisma.scheduledEvent.findMany([39m
[31mCan't reach database server at `localhost:5432`[39m

[31mPlease make sure your database server is running at `localhost:5432`.[39m
2026-06-09 21:30:01:301 [31merror[39m: [31mRedis Connection Error:[39m
2026-06-09 21:30:03:303 [31merror[39m: [31mRedis Connection Error:[39m
2026-06-09 21:30:05:305 [31merror[39m: [31mRedis Connection Error:[39m
2026-06-09 21:30:07:307 [31merror[39m: [31mRedis Connection Error:[39m
2026-06-09 21:30:09:309 [31merror[39m: [31mRedis Connection Error:[39m
2026-06-09 21:30:11:3011 [31merror[39m: [31mRedis Connection Error:[39m
2026-06-09 21:30:13:3013 [31merror[39m: [31mRedis Connection Error:[39m
2026-06-09 21:30:15:3015 [31merror[39m: [31mRedis Connection Error:[39m
2026-06-09 21:30:17:3017 [31merror[39m: [31mRedis Connection Error:[39m
2026-06-09 21:30:19:3019 [31merror[39m: [31mRedis Connection Error:[39m
2026-06-09 21:30:21:3021 [31merror[39m: [31mRedis Connection Error:[39m
2026-06-09 21:30:23:3023 [31merror[39m: [31mRedis Connection Error:[39m
2026-06-09 21:30:25:3025 [31merror[39m: [31mRedis Connection Error:[39m
2026-06-09 21:30:27:3027 [31merror[39m: [31mRedis Connection Error:[39m
2026-06-09 21:30:29:3029 [31merror[39m: [31mRedis Connection Error:[39m
2026-06-09 21:30:31:3031 [31merror[39m: [31mRedis Connection Error:[39m
2026-06-09 21:30:33:3033 [31merror[39m: [31mRedis Connection Error:[39m
2026-06-09 21:30:35:3035 [31merror[39m: [31mRedis Connection Error:[39m
2026-06-09 21:30:37:3037 [31merror[39m: [31mRedis Connection Error:[39m
2026-06-09 21:30:39:3039 [31merror[39m: [31mRedis Connection Error:[39m
2026-06-09 21:30:41:3041 [31merror[39m: [31mRedis Connection Error:[39m
2026-06-09 21:30:43:3043 [32minfo[39m: [32mConnected to Redis for eQORE Queues[39m
2026-06-09 21:39:42:3942 [31merror[39m: [31mRedis Connection Error:[39m
2026-06-09 21:39:42:3942 [31merror[39m: [31mRedis Connection Error:[39m
2026-06-09 21:39:42:3942 [31merror[39m: [31mRedis Connection Error:[39m
2026-06-09 21:39:42:3942 [31merror[39m: [31mRedis Connection Error:[39m
2026-06-09 21:39:42:3942 [31merror[39m: [31mRedis Connection Error:[39m
2026-06-09 21:39:43:3943 [31merror[39m: [31mRedis Connection Error:[39m
2026-06-09 21:39:43:3943 [31merror[39m: [31mRedis Connection Error:[39m
2026-06-09 21:39:43:3943 [31merror[39m: [31mRedis Connection Error:[39m
2026-06-09 21:39:44:3944 [31merror[39m: [31mRedis Connection Error:[39m
2026-06-09 21:39:44:3944 [31merror[39m: [31mRedis Connection Error:[39m
2026-06-09 21:39:45:3945 [31merror[39m: [31mRedis Connection Error:[39m
2026-06-09 21:39:46:3946 [31merror[39m: [31mRedis Connection Error:[39m
2026-06-09 21:39:46:3946 [31merror[39m: [31mRedis Connection Error:[39m
2026-06-09 21:39:47:3947 [31merror[39m: [31mRedis Connection Error:[39m
2026-06-09 21:39:48:3948 [31merror[39m: [31mRedis Connection Error:[39m
2026-06-09 21:39:49:3949 [31merror[39m: [31mRedis Connection Error:[39m
2026-06-09 21:39:49:3949 [31merror[39m: [31mRedis Connection Error:[39m
2026-06-09 21:39:50:3950 [31merror[39m: [31mRedis Connection Error:[39m
2026-06-09 21:39:51:3951 [31merror[39m: [31mRedis Connection Error:[39m
2026-06-09 21:39:52:3952 [31merror[39m: [31mRedis Connection Error:[39m
2026-06-09 21:39:53:3953 [31merror[39m: [31mRedis Connection Error:[39m
2026-06-09 21:39:54:3954 [31merror[39m: [31mRedis Connection Error:[39m
2026-06-09 21:39:56:3956 [31merror[39m: [31mRedis Connection Error:[39m
2026-06-09 21:39:57:3957 [31merror[39m: [31mRedis Connection Error:[39m
2026-06-09 21:39:58:3958 [31merror[39m: [31mRedis Connection Error:[39m
2026-06-09 21:39:59:3959 [31merror[39m: [31mRedis Connection Error:[39m
2026-06-09 21:40:01:401 [31merror[39m: [31mRedis Connection Error:[39m
2026-06-09 21:40:02:402 [31merror[39m: [31mRedis Connection Error:[39m
2026-06-09 21:40:03:403 [31merror[39m: [31mRedis Connection Error:[39m
2026-06-09 21:40:05:405 [31merror[39m: [31mRedis Connection Error:[39m
2026-06-09 21:40:07:407 [31merror[39m: [31mRedis Connection Error:[39m
2026-06-09 21:40:08:408 [31merror[39m: [31mRedis Connection Error:[39m
2026-06-09 21:40:10:4010 [31merror[39m: [31mRedis Connection Error:[39m
2026-06-09 21:40:12:4012 [31merror[39m: [31mRedis Connection Error:[39m
2026-06-09 21:40:13:4013 [31merror[39m: [31mRedis Connection Error:[39m
2026-06-09 21:40:15:4015 [31merror[39m: [31mRedis Connection Error:[39m
2026-06-09 21:40:17:4017 [31merror[39m: [31mRedis Connection Error:[39m
2026-06-09 21:40:19:4019 [31merror[39m: [31mRedis Connection Error:[39m
2026-06-09 21:40:21:4021 [31merror[39m: [31mRedis Connection Error:[39m
2026-06-09 21:40:23:4023 [31merror[39m: [31mRedis Connection Error:[39m
2026-06-09 21:40:25:4025 [31merror[39m: [31mRedis Connection Error:[39m
2026-06-09 21:40:27:4027 [31merror[39m: [31mRedis Connection Error:[39m
2026-06-09 21:40:29:4029 [31merror[39m: [31mRedis Connection Error:[39m
2026-06-09 21:40:31:4031 [31merror[39m: [31mRedis Connection Error:[39m
2026-06-09 21:40:33:4033 [31merror[39m: [31mRedis Connection Error:[39m
2026-06-09 21:40:35:4035 [31merror[39m: [31mRedis Connection Error:[39m
2026-06-09 21:40:37:4037 [31merror[39m: [31mRedis Connection Error:[39m
2026-06-09 21:40:39:4039 [31merror[39m: [31mRedis Connection Error:[39m
2026-06-09 21:40:41:4041 [31merror[39m: [31mRedis Connection Error:[39m
2026-06-09 21:40:43:4043 [31merror[39m: [31mRedis Connection Error:[39m
2026-06-09 21:40:45:4045 [31merror[39m: [31mRedis Connection Error:[39m
2026-06-09 21:40:47:4047 [31merror[39m: [31mRedis Connection Error:[39m
2026-06-09 21:40:49:4049 [31merror[39m: [31mRedis Connection Error:[39m
2026-06-09 21:40:51:4051 [31merror[39m: [31mRedis Connection Error:[39m
2026-06-09 21:40:53:4053 [31merror[39m: [31mRedis Connection Error:[39m
2026-06-09 21:40:55:4055 [31merror[39m: [31mRedis Connection Error:[39m
2026-06-09 21:40:57:4057 [31merror[39m: [31mRedis Connection Error:[39m
2026-06-09 21:40:59:4059 [31merror[39m: [31mRedis Connection Error:[39m
2026-06-09 21:41:01:411 [31merror[39m: [31mRedis Connection Error:[39m
2026-06-09 21:41:03:413 [31merror[39m: [31mRedis Connection Error:[39m
2026-06-09 21:41:05:415 [31merror[39m: [31mRedis Connection Error:[39m
2026-06-09 21:41:07:417 [31merror[39m: [31mRedis Connection Error:[39m
2026-06-09 21:41:09:419 [31merror[39m: [31mRedis Connection Error:[39m
2026-06-09 21:41:11:4111 [31merror[39m: [31mRedis Connection Error:[39m
2026-06-09 21:41:13:4113 [31merror[39m: [31mRedis Connection Error:[39m
2026-06-09 21:41:15:4115 [31merror[39m: [31mRedis Connection Error:[39m
2026-06-09 21:41:17:4117 [31merror[39m: [31mRedis Connection Error:[39m
2026-06-09 21:41:19:4119 [31merror[39m: [31mRedis Connection Error:[39m
2026-06-09 21:41:21:4121 [31merror[39m: [31mRedis Connection Error:[39m
2026-06-09 21:41:23:4123 [31merror[39m: [31mRedis Connection Error:[39m
2026-06-09 21:41:25:4125 [31merror[39m: [31mRedis Connection Error:[39m
2026-06-09 21:41:27:4127 [31merror[39m: [31mRedis Connection Error:[39m
2026-06-09 21:41:29:4129 [31merror[39m: [31mRedis Connection Error:[39m
2026-06-09 21:41:31:4131 [31merror[39m: [31mRedis Connection Error:[39m
2026-06-09 21:41:33:4133 [31merror[39m: [31mRedis Connection Error:[39m
2026-06-09 21:41:35:4135 [31merror[39m: [31mRedis Connection Error:[39m
2026-06-09 21:41:37:4137 [31merror[39m: [31mRedis Connection Error:[39m
2026-06-09 21:41:39:4139 [31merror[39m: [31mRedis Connection Error:[39m
2026-06-09 21:41:41:4141 [31merror[39m: [31mRedis Connection Error:[39m
2026-06-09 21:41:43:4143 [31merror[39m: [31mRedis Connection Error:[39m
2026-06-09 21:41:45:4145 [31merror[39m: [31mRedis Connection Error:[39m
2026-06-09 21:41:47:4147 [31merror[39m: [31mRedis Connection Error:[39m
2026-06-09 21:41:49:4149 [31merror[39m: [31mRedis Connection Error:[39m
2026-06-09 21:41:51:4151 [31merror[39m: [31mRedis Connection Error:[39m
2026-06-09 21:41:53:4153 [31merror[39m: [31mRedis Connection Error:[39m
2026-06-09 21:41:55:4155 [31merror[39m: [31mRedis Connection Error:[39m
2026-06-09 21:41:57:4157 [31merror[39m: [31mRedis Connection Error:[39m
2026-06-09 21:41:59:4159 [31merror[39m: [31mRedis Connection Error:[39m
2026-06-09 21:42:01:421 [31merror[39m: [31mRedis Connection Error:[39m
2026-06-09 21:42:03:423 [31merror[39m: [31mRedis Connection Error:[39m
2026-06-09 21:42:05:425 [31merror[39m: [31mRedis Connection Error:[39m
2026-06-09 21:42:07:427 [31merror[39m: [31mRedis Connection Error:[39m
2026-06-09 21:42:09:429 [31merror[39m: [31mRedis Connection Error:[39m
2026-06-09 21:42:11:4211 [31merror[39m: [31mRedis Connection Error:[39m
2026-06-09 21:42:13:4213 [31merror[39m: [31mRedis Connection Error:[39m
2026-06-09 21:42:15:4215 [31merror[39m: [31mRedis Connection Error:[39m
2026-06-09 21:42:17:4217 [31merror[39m: [31mRedis Connection Error:[39m
2026-06-09 21:42:19:4219 [31merror[39m: [31mRedis Connection Error:[39m
2026-06-09 21:42:21:4221 [31merror[39m: [31mRedis Connection Error:[39m
2026-06-09 21:42:23:4223 [31merror[39m: [31mRedis Connection Error:[39m
2026-06-09 21:42:25:4225 [31merror[39m: [31mRedis Connection Error:[39m
2026-06-09 21:42:27:4227 [31merror[39m: [31mRedis Connection Error:[39m
2026-06-09 21:42:29:4229 [31merror[39m: [31mRedis Connection Error:[39m
2026-06-09 21:42:31:4231 [31merror[39m: [31mRedis Connection Error:[39m
2026-06-09 21:42:33:4233 [31merror[39m: [31mRedis Connection Error:[39m
2026-06-09 21:42:35:4235 [31merror[39m: [31mRedis Connection Error:[39m
2026-06-09 21:42:37:4237 [31merror[39m: [31mRedis Connection Error:[39m
2026-06-09 21:42:39:4239 [31merror[39m: [31mRedis Connection Error:[39m
2026-06-09 21:42:41:4241 [31merror[39m: [31mRedis Connection Error:[39m
2026-06-09 21:42:43:4243 [31merror[39m: [31mRedis Connection Error:[39m
2026-06-09 21:42:45:4245 [31merror[39m: [31mRedis Connection Error:[39m
2026-06-09 21:42:47:4247 [31merror[39m: [31mRedis Connection Error:[39m
2026-06-09 21:42:49:4249 [31merror[39m: [31mRedis Connection Error:[39m
2026-06-09 21:42:51:4251 [31merror[39m: [31mRedis Connection Error:[39m
2026-06-09 21:42:53:4253 [31merror[39m: [31mRedis Connection Error:[39m
2026-06-09 21:42:55:4255 [31merror[39m: [31mRedis Connection Error:[39m
2026-06-09 21:42:57:4257 [31merror[39m: [31mRedis Connection Error:[39m
2026-06-09 21:42:59:4259 [31merror[39m: [31mRedis Connection Error:[39m
2026-06-09 21:43:01:431 [31merror[39m: [31mRedis Connection Error:[39m
2026-06-09 21:43:03:433 [31merror[39m: [31mRedis Connection Error:[39m
2026-06-09 21:43:05:435 [31merror[39m: [31mRedis Connection Error:[39m
2026-06-09 21:43:07:437 [31merror[39m: [31mRedis Connection Error:[39m
2026-06-09 21:43:09:439 [31merror[39m: [31mRedis Connection Error:[39m
2026-06-09 21:43:11:4311 [31merror[39m: [31mRedis Connection Error:[39m
2026-06-09 21:43:13:4313 [31merror[39m: [31mRedis Connection Error:[39m
2026-06-09 21:43:15:4315 [31merror[39m: [31mRedis Connection Error:[39m
2026-06-09 21:43:17:4317 [31merror[39m: [31mRedis Connection Error:[39m
2026-06-09 21:43:19:4319 [31merror[39m: [31mRedis Connection Error:[39m
2026-06-09 21:43:21:4321 [31merror[39m: [31mRedis Connection Error:[39m
2026-06-09 21:43:23:4323 [31merror[39m: [31mRedis Connection Error:[39m
2026-06-09 21:43:25:4325 [31merror[39m: [31mRedis Connection Error:[39m
2026-06-09 21:43:27:4327 [31merror[39m: [31mRedis Connection Error:[39m
2026-06-09 21:43:29:4329 [31merror[39m: [31mRedis Connection Error:[39m
2026-06-09 21:43:31:4331 [31merror[39m: [31mRedis Connection Error:[39m
2026-06-09 21:43:33:4333 [31merror[39m: [31mRedis Connection Error:[39m
2026-06-09 21:43:35:4335 [31merror[39m: [31mRedis Connection Error:[39m
2026-06-09 21:43:37:4337 [31merror[39m: [31mRedis Connection Error:[39m
2026-06-09 21:43:39:4339 [31merror[39m: [31mRedis Connection Error:[39m
2026-06-09 21:43:41:4341 [31merror[39m: [31mRedis Connection Error:[39m
2026-06-09 21:43:43:4343 [31merror[39m: [31mRedis Connection Error:[39m
2026-06-09 21:43:45:4345 [31merror[39m: [31mRedis Connection Error:[39m
2026-06-09 21:43:47:4347 [31merror[39m: [31mRedis Connection Error:[39m
2026-06-09 21:43:49:4349 [31merror[39m: [31mRedis Connection Error:[39m
2026-06-09 21:43:51:4351 [31merror[39m: [31mRedis Connection Error:[39m
2026-06-09 21:43:53:4353 [31merror[39m: [31mRedis Connection Error:[39m
2026-06-09 21:43:55:4355 [31merror[39m: [31mRedis Connection Error:[39m
2026-06-09 21:43:57:4357 [31merror[39m: [31mRedis Connection Error:[39m
2026-06-09 21:43:59:4359 [31merror[39m: [31mRedis Connection Error:[39m
2026-06-09 21:44:01:441 [31merror[39m: [31mRedis Connection Error:[39m
2026-06-09 21:44:03:443 [31merror[39m: [31mRedis Connection Error:[39m
2026-06-09 21:44:05:445 [31merror[39m: [31mRedis Connection Error:[39m
2026-06-09 21:44:07:447 [31merror[39m: [31mRedis Connection Error:[39m
2026-06-09 21:44:09:449 [31merror[39m: [31mRedis Connection Error:[39m
2026-06-09 21:44:11:4411 [31merror[39m: [31mRedis Connection Error:[39m
2026-06-09 21:44:13:4413 [31merror[39m: [31mRedis Connection Error:[39m
2026-06-09 21:44:15:4415 [31merror[39m: [31mRedis Connection Error:[39m
2026-06-09 21:44:17:4417 [31merror[39m: [31mRedis Connection Error:[39m
2026-06-09 21:44:19:4419 [31merror[39m: [31mRedis Connection Error:[39m
2026-06-09 21:44:21:4421 [31merror[39m: [31mRedis Connection Error:[39m
2026-06-09 21:44:23:4423 [31merror[39m: [31mRedis Connection Error:[39m
2026-06-09 21:44:25:4425 [31merror[39m: [31mRedis Connection Error:[39m
2026-06-09 21:44:27:4427 [31merror[39m: [31mRedis Connection Error:[39m
2026-06-09 21:44:29:4429 [31merror[39m: [31mRedis Connection Error:[39m
2026-06-09 21:44:31:4431 [31merror[39m: [31mRedis Connection Error:[39m
2026-06-09 21:44:33:4433 [31merror[39m: [31mRedis Connection Error:[39m
2026-06-09 21:44:35:4435 [31merror[39m: [31mRedis Connection Error:[39m
2026-06-09 21:44:37:4437 [31merror[39m: [31mRedis Connection Error:[39m
2026-06-09 21:44:39:4439 [31merror[39m: [31mRedis Connection Error:[39m
2026-06-09 21:44:41:4441 [31merror[39m: [31mRedis Connection Error:[39m
2026-06-09 21:44:43:4443 [31merror[39m: [31mRedis Connection Error:[39m
2026-06-09 21:44:45:4445 [31merror[39m: [31mRedis Connection Error:[39m
2026-06-09 21:44:47:4447 [31merror[39m: [31mRedis Connection Error:[39m
2026-06-09 21:44:49:4449 [31merror[39m: [31mRedis Connection Error:[39m
2026-06-09 21:44:51:4451 [31merror[39m: [31mRedis Connection Error:[39m
2026-06-09 21:44:53:4453 [31merror[39m: [31mRedis Connection Error:[39m
2026-06-09 21:44:55:4455 [31merror[39m: [31mRedis Connection Error:[39m
2026-06-09 21:44:57:4457 [31merror[39m: [31mRedis Connection Error:[39m
2026-06-09 21:44:59:4459 [31merror[39m: [31mRedis Connection Error:[39m
2026-06-09 21:45:00:450 [31merror[39m: [31m[WorkflowExecutor] Error running batch: [39m
[31mInvalid `prisma.workflowJob.findMany()` invocation in[39m
[31m/Users/maheshkumar/Kangqore/backend/src/jobs/WorkflowExecutor.ts:12:52[39m

[31m   9  */[39m
[31m  10 static async run() {[39m
[31m  11   try {[39m
[31m→ 12     const pendingJobs = await prisma.workflowJob.findMany([39m
[31mCan't reach database server at `localhost:5432`[39m

[31mPlease make sure your database server is running at `localhost:5432`.[39m
2026-06-09 21:45:00:450 [31merror[39m: [31mError in Meeting Reminder job [39m
[31mInvalid `prisma.scheduledEvent.findMany()` invocation in[39m
[31m/Users/maheshkumar/Kangqore/backend/src/jobs/CronManager.ts:106:57[39m

[31m  103 const now = new Date();[39m
[31m  104 [39m
[31m  105 // Find events that start within 23h45m – 24h15m (24h window, ±15 min)[39m
[31m→ 106 const upcoming24h = await prisma.scheduledEvent.findMany([39m
[31mCan't reach database server at `localhost:5432`[39m

[31mPlease make sure your database server is running at `localhost:5432`.[39m
2026-06-09 21:45:01:451 [31merror[39m: [31mRedis Connection Error:[39m
2026-06-09 21:45:03:453 [31merror[39m: [31mRedis Connection Error:[39m
2026-06-09 21:45:05:455 [31merror[39m: [31mRedis Connection Error:[39m
2026-06-09 21:45:07:457 [31merror[39m: [31mRedis Connection Error:[39m
2026-06-09 21:45:09:459 [31merror[39m: [31mRedis Connection Error:[39m
2026-06-09 21:45:11:4511 [31merror[39m: [31mRedis Connection Error:[39m
2026-06-09 21:45:13:4513 [31merror[39m: [31mRedis Connection Error:[39m
2026-06-09 21:45:15:4515 [31merror[39m: [31mRedis Connection Error:[39m
2026-06-09 21:45:17:4517 [31merror[39m: [31mRedis Connection Error:[39m
2026-06-09 21:45:19:4519 [31merror[39m: [31mRedis Connection Error:[39m
2026-06-09 21:45:21:4521 [31merror[39m: [31mRedis Connection Error:[39m
2026-06-09 21:45:23:4523 [31merror[39m: [31mRedis Connection Error:[39m
2026-06-09 21:45:25:4525 [31merror[39m: [31mRedis Connection Error:[39m
2026-06-09 21:45:27:4527 [31merror[39m: [31mRedis Connection Error:[39m
2026-06-09 21:45:29:4529 [31merror[39m: [31mRedis Connection Error:[39m
2026-06-09 21:45:31:4531 [31merror[39m: [31mRedis Connection Error:[39m
2026-06-09 21:45:33:4533 [31merror[39m: [31mRedis Connection Error:[39m
2026-06-09 21:45:35:4535 [31merror[39m: [31mRedis Connection Error:[39m
2026-06-09 21:45:37:4537 [31merror[39m: [31mRedis Connection Error:[39m
2026-06-09 21:45:39:4539 [31merror[39m: [31mRedis Connection Error:[39m
2026-06-09 21:45:41:4541 [31merror[39m: [31mRedis Connection Error:[39m
2026-06-09 21:45:43:4543 [31merror[39m: [31mRedis Connection Error:[39m
2026-06-09 21:45:45:4545 [31merror[39m: [31mRedis Connection Error:[39m
2026-06-09 21:45:47:4547 [31merror[39m: [31mRedis Connection Error:[39m
2026-06-09 21:45:49:4549 [31merror[39m: [31mRedis Connection Error:[39m
2026-06-09 21:45:51:4551 [31merror[39m: [31mRedis Connection Error:[39m
2026-06-09 21:45:53:4553 [31merror[39m: [31mRedis Connection Error:[39m
2026-06-09 21:45:55:4555 [31merror[39m: [31mRedis Connection Error:[39m
2026-06-09 21:45:57:4557 [31merror[39m: [31mRedis Connection Error:[39m
2026-06-09 21:45:59:4559 [31merror[39m: [31mRedis Connection Error:[39m
2026-06-09 21:46:01:461 [31merror[39m: [31mRedis Connection Error:[39m
2026-06-09 21:46:03:463 [31merror[39m: [31mRedis Connection Error:[39m
2026-06-09 21:46:05:465 [31merror[39m: [31mRedis Connection Error:[39m
2026-06-09 21:46:07:467 [31merror[39m: [31mRedis Connection Error:[39m
2026-06-09 21:46:09:469 [31merror[39m: [31mRedis Connection Error:[39m
2026-06-09 21:46:11:4611 [31merror[39m: [31mRedis Connection Error:[39m
2026-06-09 21:46:13:4613 [31merror[39m: [31mRedis Connection Error:[39m
2026-06-09 21:46:15:4615 [31merror[39m: [31mRedis Connection Error:[39m
2026-06-09 21:46:17:4617 [31merror[39m: [31mRedis Connection Error:[39m
2026-06-09 21:46:19:4619 [31merror[39m: [31mRedis Connection Error:[39m
2026-06-09 21:46:21:4621 [31merror[39m: [31mRedis Connection Error:[39m
2026-06-09 21:46:23:4623 [31merror[39m: [31mRedis Connection Error:[39m
2026-06-09 21:46:25:4625 [31merror[39m: [31mRedis Connection Error:[39m
2026-06-09 21:46:27:4627 [31merror[39m: [31mRedis Connection Error:[39m
2026-06-09 21:46:29:4629 [31merror[39m: [31mRedis Connection Error:[39m
2026-06-09 21:46:31:4631 [31merror[39m: [31mRedis Connection Error:[39m
2026-06-09 21:46:33:4633 [31merror[39m: [31mRedis Connection Error:[39m
2026-06-09 21:46:35:4635 [31merror[39m: [31mRedis Connection Error:[39m
2026-06-09 21:46:37:4637 [31merror[39m: [31mRedis Connection Error:[39m
2026-06-09 21:46:39:4639 [31merror[39m: [31mRedis Connection Error:[39m
2026-06-09 21:46:41:4641 [31merror[39m: [31mRedis Connection Error:[39m
2026-06-09 21:46:43:4643 [31merror[39m: [31mRedis Connection Error:[39m
2026-06-09 21:46:45:4645 [31merror[39m: [31mRedis Connection Error:[39m
2026-06-09 21:46:47:4647 [31merror[39m: [31mRedis Connection Error:[39m
2026-06-09 21:46:49:4649 [31merror[39m: [31mRedis Connection Error:[39m
2026-06-09 21:46:51:4651 [31merror[39m: [31mRedis Connection Error:[39m
2026-06-09 21:46:53:4653 [31merror[39m: [31mRedis Connection Error:[39m
2026-06-09 21:46:55:4655 [31merror[39m: [31mRedis Connection Error:[39m
2026-06-09 21:46:57:4657 [31merror[39m: [31mRedis Connection Error:[39m
2026-06-09 21:46:59:4659 [31merror[39m: [31mRedis Connection Error:[39m
2026-06-09 21:47:01:471 [31merror[39m: [31mRedis Connection Error:[39m
2026-06-09 21:47:03:473 [31merror[39m: [31mRedis Connection Error:[39m
2026-06-09 21:47:05:475 [31merror[39m: [31mRedis Connection Error:[39m
2026-06-09 21:47:07:477 [31merror[39m: [31mRedis Connection Error:[39m
2026-06-09 21:47:09:479 [31merror[39m: [31mRedis Connection Error:[39m
2026-06-09 21:47:11:4711 [31merror[39m: [31mRedis Connection Error:[39m
2026-06-09 21:47:13:4713 [31merror[39m: [31mRedis Connection Error:[39m
2026-06-09 21:47:15:4715 [31merror[39m: [31mRedis Connection Error:[39m
2026-06-09 21:47:17:4717 [31merror[39m: [31mRedis Connection Error:[39m
2026-06-09 21:47:19:4719 [31merror[39m: [31mRedis Connection Error:[39m
2026-06-09 21:47:21:4721 [31merror[39m: [31mRedis Connection Error:[39m
2026-06-09 21:47:23:4723 [31merror[39m: [31mRedis Connection Error:[39m
2026-06-09 21:47:25:4725 [31merror[39m: [31mRedis Connection Error:[39m
2026-06-09 21:47:27:4727 [31merror[39m: [31mRedis Connection Error:[39m
2026-06-09 21:47:29:4729 [31merror[39m: [31mRedis Connection Error:[39m
2026-06-09 21:47:31:4731 [31merror[39m: [31mRedis Connection Error:[39m
2026-06-09 21:47:33:4733 [31merror[39m: [31mRedis Connection Error:[39m
2026-06-09 21:47:35:4735 [31merror[39m: [31mRedis Connection Error:[39m
2026-06-09 21:47:37:4737 [31merror[39m: [31mRedis Connection Error:[39m
2026-06-09 21:47:39:4739 [31merror[39m: [31mRedis Connection Error:[39m
2026-06-09 21:47:41:4741 [31merror[39m: [31mRedis Connection Error:[39m
2026-06-09 21:47:43:4743 [31merror[39m: [31mRedis Connection Error:[39m
2026-06-09 21:47:45:4745 [31merror[39m: [31mRedis Connection Error:[39m
2026-06-09 21:47:47:4747 [31merror[39m: [31mRedis Connection Error:[39m
2026-06-09 21:47:49:4749 [31merror[39m: [31mRedis Connection Error:[39m
2026-06-09 21:47:51:4751 [31merror[39m: [31mRedis Connection Error:[39m
2026-06-09 21:47:53:4753 [31merror[39m: [31mRedis Connection Error:[39m
2026-06-09 21:47:55:4755 [31merror[39m: [31mRedis Connection Error:[39m
2026-06-09 21:47:57:4757 [31merror[39m: [31mRedis Connection Error:[39m
2026-06-09 21:47:59:4759 [31merror[39m: [31mRedis Connection Error:[39m
2026-06-09 21:48:01:481 [31merror[39m: [31mRedis Connection Error:[39m
2026-06-09 21:48:03:483 [31merror[39m: [31mRedis Connection Error:[39m
2026-06-09 21:48:05:485 [31merror[39m: [31mRedis Connection Error:[39m
2026-06-09 21:48:07:487 [31merror[39m: [31mRedis Connection Error:[39m
2026-06-09 21:48:09:489 [31merror[39m: [31mRedis Connection Error:[39m
2026-06-09 21:48:11:4811 [31merror[39m: [31mRedis Connection Error:[39m
2026-06-09 21:48:13:4813 [31merror[39m: [31mRedis Connection Error:[39m
2026-06-09 21:48:15:4815 [31merror[39m: [31mRedis Connection Error:[39m
2026-06-09 21:48:17:4817 [31merror[39m: [31mRedis Connection Error:[39m
2026-06-09 21:48:19:4819 [31merror[39m: [31mRedis Connection Error:[39m
2026-06-09 21:48:21:4821 [31merror[39m: [31mRedis Connection Error:[39m
2026-06-09 21:48:23:4823 [31merror[39m: [31mRedis Connection Error:[39m
2026-06-09 21:48:25:4825 [31merror[39m: [31mRedis Connection Error:[39m
2026-06-09 21:48:27:4827 [31merror[39m: [31mRedis Connection Error:[39m
2026-06-09 21:48:29:4829 [31merror[39m: [31mRedis Connection Error:[39m
2026-06-09 21:48:31:4831 [31merror[39m: [31mRedis Connection Error:[39m
2026-06-09 21:48:33:4833 [31merror[39m: [31mRedis Connection Error:[39m
2026-06-09 21:48:35:4835 [31merror[39m: [31mRedis Connection Error:[39m
2026-06-09 21:48:37:4837 [31merror[39m: [31mRedis Connection Error:[39m
2026-06-09 21:48:39:4839 [31merror[39m: [31mRedis Connection Error:[39m
2026-06-09 21:48:41:4841 [31merror[39m: [31mRedis Connection Error:[39m
2026-06-09 21:48:43:4843 [31merror[39m: [31mRedis Connection Error:[39m
2026-06-09 21:48:45:4845 [31merror[39m: [31mRedis Connection Error:[39m
2026-06-09 21:48:47:4847 [31merror[39m: [31mRedis Connection Error:[39m
2026-06-09 21:48:49:4849 [31merror[39m: [31mRedis Connection Error:[39m
2026-06-09 21:48:51:4851 [31merror[39m: [31mRedis Connection Error:[39m
2026-06-09 21:48:53:4853 [31merror[39m: [31mRedis Connection Error:[39m
2026-06-09 21:48:55:4855 [31merror[39m: [31mRedis Connection Error:[39m
2026-06-09 21:48:57:4857 [31merror[39m: [31mRedis Connection Error:[39m
2026-06-09 21:48:59:4859 [31merror[39m: [31mRedis Connection Error:[39m
2026-06-09 21:49:01:491 [31merror[39m: [31mRedis Connection Error:[39m
2026-06-09 21:49:03:493 [31merror[39m: [31mRedis Connection Error:[39m
2026-06-09 21:49:05:495 [31merror[39m: [31mRedis Connection Error:[39m
2026-06-09 21:49:07:497 [31merror[39m: [31mRedis Connection Error:[39m
2026-06-09 21:49:09:499 [31merror[39m: [31mRedis Connection Error:[39m
2026-06-09 21:49:11:4911 [31merror[39m: [31mRedis Connection Error:[39m
2026-06-09 21:49:13:4913 [31merror[39m: [31mRedis Connection Error:[39m
2026-06-09 21:49:15:4915 [31merror[39m: [31mRedis Connection Error:[39m
2026-06-09 21:49:17:4917 [31merror[39m: [31mRedis Connection Error:[39m
2026-06-09 21:49:19:4919 [31merror[39m: [31mRedis Connection Error:[39m
2026-06-09 21:49:21:4921 [31merror[39m: [31mRedis Connection Error:[39m
2026-06-09 21:49:23:4923 [31merror[39m: [31mRedis Connection Error:[39m
2026-06-09 21:49:25:4925 [31merror[39m: [31mRedis Connection Error:[39m
2026-06-09 21:49:27:4927 [31merror[39m: [31mRedis Connection Error:[39m
2026-06-09 21:49:29:4929 [31merror[39m: [31mRedis Connection Error:[39m
2026-06-09 21:49:31:4931 [31merror[39m: [31mRedis Connection Error:[39m
2026-06-09 21:49:33:4933 [31merror[39m: [31mRedis Connection Error:[39m
2026-06-09 21:49:35:4935 [31merror[39m: [31mRedis Connection Error:[39m
2026-06-09 21:49:37:4937 [31merror[39m: [31mRedis Connection Error:[39m
2026-06-09 21:49:39:4939 [31merror[39m: [31mRedis Connection Error:[39m
2026-06-09 21:49:41:4941 [31merror[39m: [31mRedis Connection Error:[39m
2026-06-09 21:49:43:4943 [31merror[39m: [31mRedis Connection Error:[39m
2026-06-09 21:49:45:4945 [31merror[39m: [31mRedis Connection Error:[39m
2026-06-09 21:49:47:4947 [31merror[39m: [31mRedis Connection Error:[39m
2026-06-09 21:49:49:4949 [31merror[39m: [31mRedis Connection Error:[39m
2026-06-09 21:49:51:4951 [31merror[39m: [31mRedis Connection Error:[39m
2026-06-09 21:49:53:4953 [31merror[39m: [31mRedis Connection Error:[39m
2026-06-09 21:49:55:4955 [31merror[39m: [31mRedis Connection Error:[39m
2026-06-09 21:49:57:4957 [31merror[39m: [31mRedis Connection Error:[39m
2026-06-09 21:49:59:4959 [31merror[39m: [31mRedis Connection Error:[39m
2026-06-09 21:50:01:501 [31merror[39m: [31mRedis Connection Error:[39m
2026-06-09 21:50:03:503 [31merror[39m: [31mRedis Connection Error:[39m
2026-06-09 21:50:05:505 [31merror[39m: [31mRedis Connection Error:[39m
2026-06-09 21:50:07:507 [31merror[39m: [31mRedis Connection Error:[39m
2026-06-09 21:50:09:509 [31merror[39m: [31mRedis Connection Error:[39m
2026-06-09 21:50:11:5011 [31merror[39m: [31mRedis Connection Error:[39m
2026-06-09 21:50:13:5013 [31merror[39m: [31mRedis Connection Error:[39m
2026-06-09 21:50:15:5015 [31merror[39m: [31mRedis Connection Error:[39m
2026-06-09 21:50:17:5017 [31merror[39m: [31mRedis Connection Error:[39m
2026-06-09 21:50:19:5019 [31merror[39m: [31mRedis Connection Error:[39m
2026-06-09 21:50:21:5021 [31merror[39m: [31mRedis Connection Error:[39m
2026-06-09 21:50:23:5023 [31merror[39m: [31mRedis Connection Error:[39m
2026-06-09 21:50:25:5025 [31merror[39m: [31mRedis Connection Error:[39m
2026-06-09 21:50:27:5027 [31merror[39m: [31mRedis Connection Error:[39m
2026-06-09 21:50:29:5029 [31merror[39m: [31mRedis Connection Error:[39m
2026-06-09 21:50:31:5031 [31merror[39m: [31mRedis Connection Error:[39m
2026-06-09 21:50:33:5033 [31merror[39m: [31mRedis Connection Error:[39m
2026-06-09 21:50:35:5035 [31merror[39m: [31mRedis Connection Error:[39m
2026-06-09 21:50:37:5037 [31merror[39m: [31mRedis Connection Error:[39m
2026-06-09 21:50:39:5039 [31merror[39m: [31mRedis Connection Error:[39m
2026-06-09 21:50:41:5041 [31merror[39m: [31mRedis Connection Error:[39m
2026-06-09 21:50:43:5043 [31merror[39m: [31mRedis Connection Error:[39m
2026-06-09 21:50:45:5045 [31merror[39m: [31mRedis Connection Error:[39m
2026-06-09 21:50:47:5047 [31merror[39m: [31mRedis Connection Error:[39m
2026-06-09 21:50:49:5049 [31merror[39m: [31mRedis Connection Error:[39m
2026-06-09 21:50:51:5051 [31merror[39m: [31mRedis Connection Error:[39m
2026-06-09 21:50:53:5053 [31merror[39m: [31mRedis Connection Error:[39m
2026-06-09 21:50:55:5055 [31merror[39m: [31mRedis Connection Error:[39m
2026-06-09 21:50:57:5057 [31merror[39m: [31mRedis Connection Error:[39m
2026-06-09 21:50:59:5059 [31merror[39m: [31mRedis Connection Error:[39m
2026-06-09 21:51:01:511 [31merror[39m: [31mRedis Connection Error:[39m
2026-06-09 21:51:03:513 [31merror[39m: [31mRedis Connection Error:[39m
2026-06-09 21:51:05:515 [31merror[39m: [31mRedis Connection Error:[39m
2026-06-09 21:51:07:517 [31merror[39m: [31mRedis Connection Error:[39m
2026-06-09 21:51:09:519 [31merror[39m: [31mRedis Connection Error:[39m
2026-06-09 21:51:11:5111 [31merror[39m: [31mRedis Connection Error:[39m
2026-06-09 21:51:13:5113 [31merror[39m: [31mRedis Connection Error:[39m
2026-06-09 21:51:15:5115 [31merror[39m: [31mRedis Connection Error:[39m
2026-06-09 21:51:17:5117 [31merror[39m: [31mRedis Connection Error:[39m
2026-06-09 21:51:19:5119 [31merror[39m: [31mRedis Connection Error:[39m
2026-06-09 21:51:21:5121 [31merror[39m: [31mRedis Connection Error:[39m
2026-06-09 21:51:23:5123 [31merror[39m: [31mRedis Connection Error:[39m
2026-06-09 21:51:25:5125 [31merror[39m: [31mRedis Connection Error:[39m
2026-06-09 21:51:27:5127 [31merror[39m: [31mRedis Connection Error:[39m
2026-06-09 21:51:29:5129 [31merror[39m: [31mRedis Connection Error:[39m
2026-06-09 21:51:31:5131 [31merror[39m: [31mRedis Connection Error:[39m
2026-06-09 21:51:33:5133 [31merror[39m: [31mRedis Connection Error:[39m
2026-06-09 21:51:35:5135 [31merror[39m: [31mRedis Connection Error:[39m
2026-06-09 21:51:37:5137 [31merror[39m: [31mRedis Connection Error:[39m
2026-06-09 21:51:39:5139 [31merror[39m: [31mRedis Connection Error:[39m
2026-06-09 21:51:41:5141 [31merror[39m: [31mRedis Connection Error:[39m
2026-06-09 21:51:43:5143 [31merror[39m: [31mRedis Connection Error:[39m
2026-06-09 21:51:45:5145 [31merror[39m: [31mRedis Connection Error:[39m
2026-06-09 21:51:47:5147 [31merror[39m: [31mRedis Connection Error:[39m
2026-06-09 21:51:49:5149 [31merror[39m: [31mRedis Connection Error:[39m
2026-06-09 21:51:52:5152 [31merror[39m: [31mRedis Connection Error:[39m
2026-06-09 21:51:54:5154 [31merror[39m: [31mRedis Connection Error:[39m
2026-06-09 21:51:56:5156 [31merror[39m: [31mRedis Connection Error:[39m
2026-06-09 21:51:58:5158 [31merror[39m: [31mRedis Connection Error:[39m
2026-06-09 21:52:00:520 [31merror[39m: [31mRedis Connection Error:[39m
2026-06-09 21:52:02:522 [31merror[39m: [31mRedis Connection Error:[39m
2026-06-09 21:52:04:524 [31merror[39m: [31mRedis Connection Error:[39m
2026-06-09 21:52:06:526 [31merror[39m: [31mRedis Connection Error:[39m
2026-06-09 21:52:08:528 [31merror[39m: [31mRedis Connection Error:[39m
2026-06-09 21:52:10:5210 [31merror[39m: [31mRedis Connection Error:[39m
2026-06-09 21:52:12:5212 [31merror[39m: [31mRedis Connection Error:[39m
2026-06-09 21:52:14:5214 [31merror[39m: [31mRedis Connection Error:[39m
2026-06-09 21:52:16:5216 [31merror[39m: [31mRedis Connection Error:[39m
2026-06-09 21:52:18:5218 [31merror[39m: [31mRedis Connection Error:[39m
2026-06-09 21:52:20:5220 [31merror[39m: [31mRedis Connection Error:[39m
2026-06-09 21:52:22:5222 [31merror[39m: [31mRedis Connection Error:[39m
2026-06-09 21:52:24:5224 [31merror[39m: [31mRedis Connection Error:[39m
2026-06-09 21:52:26:5226 [31merror[39m: [31mRedis Connection Error:[39m
2026-06-09 21:52:28:5228 [31merror[39m: [31mRedis Connection Error:[39m
2026-06-09 21:52:30:5230 [31merror[39m: [31mRedis Connection Error:[39m
2026-06-09 21:52:32:5232 [31merror[39m: [31mRedis Connection Error:[39m
2026-06-09 21:52:34:5234 [31merror[39m: [31mRedis Connection Error:[39m
2026-06-09 21:52:36:5236 [31merror[39m: [31mRedis Connection Error:[39m
2026-06-09 21:52:38:5238 [31merror[39m: [31mRedis Connection Error:[39m
2026-06-09 21:52:40:5240 [31merror[39m: [31mRedis Connection Error:[39m
2026-06-09 21:52:42:5242 [31merror[39m: [31mRedis Connection Error:[39m
2026-06-09 21:52:44:5244 [31merror[39m: [31mRedis Connection Error:[39m
2026-06-09 21:52:46:5246 [31merror[39m: [31mRedis Connection Error:[39m
2026-06-09 21:52:48:5248 [31merror[39m: [31mRedis Connection Error:[39m
2026-06-09 21:52:50:5250 [31merror[39m: [31mRedis Connection Error:[39m
2026-06-09 21:52:52:5252 [31merror[39m: [31mRedis Connection Error:[39m
2026-06-09 21:52:54:5254 [31merror[39m: [31mRedis Connection Error:[39m
2026-06-09 21:52:56:5256 [31merror[39m: [31mRedis Connection Error:[39m
2026-06-09 21:52:58:5258 [31merror[39m: [31mRedis Connection Error:[39m
2026-06-09 21:53:00:530 [31merror[39m: [31mRedis Connection Error:[39m
2026-06-09 21:53:02:532 [31merror[39m: [31mRedis Connection Error:[39m
2026-06-09 21:53:04:534 [31merror[39m: [31mRedis Connection Error:[39m
2026-06-09 21:53:06:536 [31merror[39m: [31mRedis Connection Error:[39m
2026-06-09 21:53:08:538 [31merror[39m: [31mRedis Connection Error:[39m
2026-06-09 21:53:10:5310 [31merror[39m: [31mRedis Connection Error:[39m
2026-06-09 21:53:12:5312 [31merror[39m: [31mRedis Connection Error:[39m
2026-06-09 21:53:14:5314 [31merror[39m: [31mRedis Connection Error:[39m
2026-06-09 21:53:16:5316 [31merror[39m: [31mRedis Connection Error:[39m
2026-06-09 21:53:18:5318 [31merror[39m: [31mRedis Connection Error:[39m
2026-06-09 21:53:20:5320 [31merror[39m: [31mRedis Connection Error:[39m
2026-06-09 21:53:22:5322 [31merror[39m: [31mRedis Connection Error:[39m
2026-06-09 21:53:24:5324 [31merror[39m: [31mRedis Connection Error:[39m
2026-06-09 21:53:26:5326 [31merror[39m: [31mRedis Connection Error:[39m
2026-06-09 21:53:28:5328 [31merror[39m: [31mRedis Connection Error:[39m
2026-06-09 21:53:30:5330 [31merror[39m: [31mRedis Connection Error:[39m
2026-06-09 21:53:32:5332 [31merror[39m: [31mRedis Connection Error:[39m
2026-06-09 21:53:34:5334 [31merror[39m: [31mRedis Connection Error:[39m
2026-06-09 21:53:36:5336 [31merror[39m: [31mRedis Connection Error:[39m
2026-06-09 21:53:38:5338 [31merror[39m: [31mRedis Connection Error:[39m
2026-06-09 21:53:40:5340 [31merror[39m: [31mRedis Connection Error:[39m
2026-06-09 21:53:42:5342 [31merror[39m: [31mRedis Connection Error:[39m
2026-06-09 21:53:44:5344 [31merror[39m: [31mRedis Connection Error:[39m
2026-06-09 21:53:46:5346 [31merror[39m: [31mRedis Connection Error:[39m
2026-06-09 21:53:48:5348 [31merror[39m: [31mRedis Connection Error:[39m
2026-06-09 21:53:50:5350 [31merror[39m: [31mRedis Connection Error:[39m
2026-06-09 21:53:52:5352 [31merror[39m: [31mRedis Connection Error:[39m
2026-06-09 21:53:54:5354 [31merror[39m: [31mRedis Connection Error:[39m
2026-06-09 21:53:56:5356 [31merror[39m: [31mRedis Connection Error:[39m
2026-06-09 21:53:58:5358 [31merror[39m: [31mRedis Connection Error:[39m
2026-06-09 21:54:00:540 [31merror[39m: [31mRedis Connection Error:[39m
2026-06-09 21:54:02:542 [31merror[39m: [31mRedis Connection Error:[39m
2026-06-09 21:54:04:544 [31merror[39m: [31mRedis Connection Error:[39m
2026-06-09 21:54:06:546 [31merror[39m: [31mRedis Connection Error:[39m
2026-06-09 21:54:08:548 [31merror[39m: [31mRedis Connection Error:[39m
2026-06-09 21:54:10:5410 [31merror[39m: [31mRedis Connection Error:[39m
2026-06-09 21:54:12:5412 [31merror[39m: [31mRedis Connection Error:[39m
2026-06-09 21:54:14:5414 [31merror[39m: [31mRedis Connection Error:[39m
2026-06-09 21:54:16:5416 [31merror[39m: [31mRedis Connection Error:[39m
2026-06-09 21:54:18:5418 [31merror[39m: [31mRedis Connection Error:[39m
2026-06-09 21:54:20:5420 [31merror[39m: [31mRedis Connection Error:[39m
2026-06-09 21:54:22:5422 [31merror[39m: [31mRedis Connection Error:[39m
2026-06-09 21:54:24:5424 [31merror[39m: [31mRedis Connection Error:[39m
2026-06-09 21:54:26:5426 [31merror[39m: [31mRedis Connection Error:[39m
2026-06-09 21:54:28:5428 [31merror[39m: [31mRedis Connection Error:[39m
2026-06-09 21:54:30:5430 [31merror[39m: [31mRedis Connection Error:[39m
2026-06-09 21:54:32:5432 [31merror[39m: [31mRedis Connection Error:[39m
2026-06-09 21:54:34:5434 [31merror[39m: [31mRedis Connection Error:[39m
2026-06-09 21:54:36:5436 [31merror[39m: [31mRedis Connection Error:[39m
2026-06-09 21:54:38:5438 [31merror[39m: [31mRedis Connection Error:[39m
2026-06-09 21:54:40:5440 [31merror[39m: [31mRedis Connection Error:[39m
2026-06-09 21:54:42:5442 [31merror[39m: [31mRedis Connection Error:[39m
2026-06-09 21:54:44:5444 [31merror[39m: [31mRedis Connection Error:[39m
2026-06-09 21:54:46:5446 [31merror[39m: [31mRedis Connection Error:[39m
2026-06-09 21:54:48:5448 [31merror[39m: [31mRedis Connection Error:[39m
2026-06-09 21:54:50:5450 [31merror[39m: [31mRedis Connection Error:[39m
2026-06-09 21:54:52:5452 [31merror[39m: [31mRedis Connection Error:[39m
2026-06-09 21:54:54:5454 [31merror[39m: [31mRedis Connection Error:[39m
2026-06-09 21:54:56:5456 [31merror[39m: [31mRedis Connection Error:[39m
2026-06-09 21:54:58:5458 [31merror[39m: [31mRedis Connection Error:[39m
2026-06-09 21:55:00:550 [31merror[39m: [31mRedis Connection Error:[39m
2026-06-09 21:55:02:552 [31merror[39m: [31mRedis Connection Error:[39m
2026-06-09 21:55:04:554 [31merror[39m: [31mRedis Connection Error:[39m
2026-06-09 21:55:06:556 [31merror[39m: [31mRedis Connection Error:[39m
2026-06-09 21:55:08:558 [31merror[39m: [31mRedis Connection Error:[39m
2026-06-09 21:55:10:5510 [31merror[39m: [31mRedis Connection Error:[39m
2026-06-09 21:55:12:5512 [31merror[39m: [31mRedis Connection Error:[39m
2026-06-09 21:55:14:5514 [31merror[39m: [31mRedis Connection Error:[39m
2026-06-09 21:55:16:5516 [31merror[39m: [31mRedis Connection Error:[39m
2026-06-09 21:55:18:5518 [31merror[39m: [31mRedis Connection Error:[39m
2026-06-09 21:55:20:5520 [31merror[39m: [31mRedis Connection Error:[39m
2026-06-09 21:55:22:5522 [31merror[39m: [31mRedis Connection Error:[39m
2026-06-09 21:55:24:5524 [31merror[39m: [31mRedis Connection Error:[39m
2026-06-09 21:55:26:5526 [31merror[39m: [31mRedis Connection Error:[39m
2026-06-09 21:55:28:5528 [31merror[39m: [31mRedis Connection Error:[39m
2026-06-09 21:55:30:5530 [31merror[39m: [31mRedis Connection Error:[39m
2026-06-09 21:55:32:5532 [31merror[39m: [31mRedis Connection Error:[39m
2026-06-09 21:55:34:5534 [31merror[39m: [31mRedis Connection Error:[39m
2026-06-09 21:55:36:5536 [31merror[39m: [31mRedis Connection Error:[39m
2026-06-09 21:55:38:5538 [31merror[39m: [31mRedis Connection Error:[39m
2026-06-09 21:55:40:5540 [31merror[39m: [31mRedis Connection Error:[39m
2026-06-09 21:55:42:5542 [31merror[39m: [31mRedis Connection Error:[39m
2026-06-09 21:55:44:5544 [31merror[39m: [31mRedis Connection Error:[39m
2026-06-09 21:55:46:5546 [31merror[39m: [31mRedis Connection Error:[39m
2026-06-09 21:55:48:5548 [31merror[39m: [31mRedis Connection Error:[39m
2026-06-09 21:55:50:5550 [31merror[39m: [31mRedis Connection Error:[39m
2026-06-09 21:55:52:5552 [31merror[39m: [31mRedis Connection Error:[39m
2026-06-09 21:55:54:5554 [31merror[39m: [31mRedis Connection Error:[39m
2026-06-09 21:55:56:5556 [31merror[39m: [31mRedis Connection Error:[39m
2026-06-09 21:55:58:5558 [31merror[39m: [31mRedis Connection Error:[39m
2026-06-09 21:56:00:560 [31merror[39m: [31mRedis Connection Error:[39m
2026-06-09 21:56:02:562 [31merror[39m: [31mRedis Connection Error:[39m
2026-06-09 21:56:04:564 [31merror[39m: [31mRedis Connection Error:[39m
2026-06-09 21:56:06:566 [31merror[39m: [31mRedis Connection Error:[39m
2026-06-09 21:56:08:568 [31merror[39m: [31mRedis Connection Error:[39m
2026-06-09 21:56:10:5610 [31merror[39m: [31mRedis Connection Error:[39m
2026-06-09 21:56:12:5612 [31merror[39m: [31mRedis Connection Error:[39m
2026-06-09 21:56:14:5614 [31merror[39m: [31mRedis Connection Error:[39m
2026-06-09 21:56:16:5616 [31merror[39m: [31mRedis Connection Error:[39m
2026-06-09 21:56:18:5618 [31merror[39m: [31mRedis Connection Error:[39m
2026-06-09 21:56:20:5620 [31merror[39m: [31mRedis Connection Error:[39m
2026-06-09 21:56:22:5622 [31merror[39m: [31mRedis Connection Error:[39m
2026-06-09 21:56:24:5624 [31merror[39m: [31mRedis Connection Error:[39m
2026-06-09 21:56:26:5626 [31merror[39m: [31mRedis Connection Error:[39m
2026-06-09 21:56:28:5628 [31merror[39m: [31mRedis Connection Error:[39m
2026-06-09 21:56:30:5630 [31merror[39m: [31mRedis Connection Error:[39m
2026-06-09 21:56:32:5632 [31merror[39m: [31mRedis Connection Error:[39m
2026-06-09 21:56:34:5634 [31merror[39m: [31mRedis Connection Error:[39m
2026-06-09 21:56:36:5636 [31merror[39m: [31mRedis Connection Error:[39m
2026-06-09 21:56:38:5638 [31merror[39m: [31mRedis Connection Error:[39m
2026-06-09 21:56:40:5640 [31merror[39m: [31mRedis Connection Error:[39m
2026-06-09 21:56:42:5642 [31merror[39m: [31mRedis Connection Error:[39m
2026-06-09 21:56:44:5644 [31merror[39m: [31mRedis Connection Error:[39m
2026-06-09 21:56:46:5646 [31merror[39m: [31mRedis Connection Error:[39m
2026-06-09 21:56:48:5648 [31merror[39m: [31mRedis Connection Error:[39m
2026-06-09 21:56:50:5650 [31merror[39m: [31mRedis Connection Error:[39m
2026-06-09 21:56:52:5652 [31merror[39m: [31mRedis Connection Error:[39m
2026-06-09 21:56:54:5654 [31merror[39m: [31mRedis Connection Error:[39m
2026-06-09 21:56:56:5656 [31merror[39m: [31mRedis Connection Error:[39m
2026-06-09 21:56:58:5658 [31merror[39m: [31mRedis Connection Error:[39m
2026-06-09 21:57:00:570 [31merror[39m: [31mRedis Connection Error:[39m
2026-06-09 21:57:02:572 [31merror[39m: [31mRedis Connection Error:[39m
2026-06-09 21:57:04:574 [31merror[39m: [31mRedis Connection Error:[39m
2026-06-09 21:57:06:576 [31merror[39m: [31mRedis Connection Error:[39m
2026-06-09 21:57:08:578 [31merror[39m: [31mRedis Connection Error:[39m
2026-06-09 21:57:10:5710 [31merror[39m: [31mRedis Connection Error:[39m
2026-06-09 21:57:12:5712 [31merror[39m: [31mRedis Connection Error:[39m
2026-06-09 21:57:14:5714 [31merror[39m: [31mRedis Connection Error:[39m
2026-06-09 21:57:16:5716 [31merror[39m: [31mRedis Connection Error:[39m
2026-06-09 21:57:18:5718 [31merror[39m: [31mRedis Connection Error:[39m
2026-06-09 21:57:20:5720 [31merror[39m: [31mRedis Connection Error:[39m
2026-06-09 21:57:22:5722 [31merror[39m: [31mRedis Connection Error:[39m
2026-06-09 21:57:24:5724 [31merror[39m: [31mRedis Connection Error:[39m
2026-06-09 21:57:26:5726 [31merror[39m: [31mRedis Connection Error:[39m
2026-06-09 21:57:28:5728 [31merror[39m: [31mRedis Connection Error:[39m
2026-06-09 21:57:30:5730 [31merror[39m: [31mRedis Connection Error:[39m
2026-06-09 21:57:32:5732 [31merror[39m: [31mRedis Connection Error:[39m
2026-06-09 21:57:34:5734 [31merror[39m: [31mRedis Connection Error:[39m
2026-06-09 21:57:36:5736 [31merror[39m: [31mRedis Connection Error:[39m
2026-06-09 21:57:38:5738 [31merror[39m: [31mRedis Connection Error:[39m
2026-06-09 21:57:40:5740 [31merror[39m: [31mRedis Connection Error:[39m
2026-06-09 21:57:42:5742 [31merror[39m: [31mRedis Connection Error:[39m
2026-06-09 21:57:44:5744 [31merror[39m: [31mRedis Connection Error:[39m
2026-06-09 21:57:46:5746 [31merror[39m: [31mRedis Connection Error:[39m
2026-06-09 21:57:48:5748 [31merror[39m: [31mRedis Connection Error:[39m
2026-06-09 21:57:50:5750 [31merror[39m: [31mRedis Connection Error:[39m
2026-06-09 21:57:52:5752 [31merror[39m: [31mRedis Connection Error:[39m
2026-06-09 21:57:54:5754 [31merror[39m: [31mRedis Connection Error:[39m
2026-06-09 21:57:56:5756 [31merror[39m: [31mRedis Connection Error:[39m
2026-06-09 21:57:58:5758 [31merror[39m: [31mRedis Connection Error:[39m
2026-06-09 21:58:00:580 [31merror[39m: [31mRedis Connection Error:[39m
2026-06-09 21:58:02:582 [31merror[39m: [31mRedis Connection Error:[39m
2026-06-09 21:58:04:584 [31merror[39m: [31mRedis Connection Error:[39m
2026-06-09 21:58:06:586 [31merror[39m: [31mRedis Connection Error:[39m
2026-06-09 21:58:08:588 [31merror[39m: [31mRedis Connection Error:[39m
2026-06-09 21:58:10:5810 [31merror[39m: [31mRedis Connection Error:[39m
2026-06-09 21:58:12:5812 [31merror[39m: [31mRedis Connection Error:[39m
2026-06-09 21:58:14:5814 [31merror[39m: [31mRedis Connection Error:[39m
2026-06-09 21:58:16:5816 [31merror[39m: [31mRedis Connection Error:[39m
2026-06-09 21:58:18:5818 [31merror[39m: [31mRedis Connection Error:[39m
2026-06-09 21:58:20:5820 [31merror[39m: [31mRedis Connection Error:[39m
2026-06-09 21:58:22:5822 [31merror[39m: [31mRedis Connection Error:[39m
2026-06-09 21:58:24:5824 [31merror[39m: [31mRedis Connection Error:[39m
2026-06-09 21:58:26:5826 [31merror[39m: [31mRedis Connection Error:[39m
2026-06-09 21:58:28:5828 [31merror[39m: [31mRedis Connection Error:[39m
2026-06-09 21:58:30:5830 [31merror[39m: [31mRedis Connection Error:[39m
2026-06-09 21:58:32:5832 [31merror[39m: [31mRedis Connection Error:[39m
2026-06-09 21:58:34:5834 [31merror[39m: [31mRedis Connection Error:[39m
2026-06-09 21:58:36:5836 [31merror[39m: [31mRedis Connection Error:[39m
2026-06-09 21:58:38:5838 [31merror[39m: [31mRedis Connection Error:[39m
2026-06-09 21:58:40:5840 [31merror[39m: [31mRedis Connection Error:[39m
2026-06-09 21:58:42:5842 [31merror[39m: [31mRedis Connection Error:[39m
2026-06-09 21:58:44:5844 [31merror[39m: [31mRedis Connection Error:[39m
2026-06-09 21:58:46:5846 [31merror[39m: [31mRedis Connection Error:[39m
2026-06-09 21:58:48:5848 [31merror[39m: [31mRedis Connection Error:[39m
2026-06-09 21:58:50:5850 [31merror[39m: [31mRedis Connection Error:[39m
2026-06-09 21:58:52:5852 [31merror[39m: [31mRedis Connection Error:[39m
2026-06-09 21:58:54:5854 [31merror[39m: [31mRedis Connection Error:[39m
2026-06-09 21:58:56:5856 [31merror[39m: [31mRedis Connection Error:[39m
2026-06-09 21:58:58:5858 [31merror[39m: [31mRedis Connection Error:[39m
2026-06-09 21:59:00:590 [31merror[39m: [31mRedis Connection Error:[39m
2026-06-09 21:59:02:592 [31merror[39m: [31mRedis Connection Error:[39m
2026-06-09 21:59:04:594 [31merror[39m: [31mRedis Connection Error:[39m
2026-06-09 21:59:06:596 [31merror[39m: [31mRedis Connection Error:[39m
2026-06-09 21:59:08:598 [31merror[39m: [31mRedis Connection Error:[39m
2026-06-09 21:59:10:5910 [31merror[39m: [31mRedis Connection Error:[39m
2026-06-09 21:59:12:5912 [31merror[39m: [31mRedis Connection Error:[39m
2026-06-09 21:59:14:5914 [31merror[39m: [31mRedis Connection Error:[39m
2026-06-09 21:59:16:5916 [31merror[39m: [31mRedis Connection Error:[39m
2026-06-09 21:59:18:5918 [31merror[39m: [31mRedis Connection Error:[39m
2026-06-09 21:59:20:5920 [31merror[39m: [31mRedis Connection Error:[39m
2026-06-09 21:59:22:5922 [31merror[39m: [31mRedis Connection Error:[39m
2026-06-09 21:59:24:5924 [31merror[39m: [31mRedis Connection Error:[39m
2026-06-09 21:59:26:5926 [31merror[39m: [31mRedis Connection Error:[39m
2026-06-09 21:59:28:5928 [31merror[39m: [31mRedis Connection Error:[39m
2026-06-09 21:59:30:5930 [31merror[39m: [31mRedis Connection Error:[39m
2026-06-09 21:59:32:5932 [31merror[39m: [31mRedis Connection Error:[39m
2026-06-09 21:59:34:5934 [31merror[39m: [31mRedis Connection Error:[39m
2026-06-09 21:59:36:5936 [31merror[39m: [31mRedis Connection Error:[39m
2026-06-09 21:59:38:5938 [31merror[39m: [31mRedis Connection Error:[39m
2026-06-09 21:59:40:5940 [31merror[39m: [31mRedis Connection Error:[39m
2026-06-09 21:59:42:5942 [31merror[39m: [31mRedis Connection Error:[39m
2026-06-09 21:59:44:5944 [31merror[39m: [31mRedis Connection Error:[39m
2026-06-09 21:59:46:5946 [31merror[39m: [31mRedis Connection Error:[39m
2026-06-09 21:59:48:5948 [31merror[39m: [31mRedis Connection Error:[39m
2026-06-09 21:59:50:5950 [31merror[39m: [31mRedis Connection Error:[39m
2026-06-09 21:59:52:5952 [31merror[39m: [31mRedis Connection Error:[39m
2026-06-09 21:59:54:5954 [31merror[39m: [31mRedis Connection Error:[39m
2026-06-09 21:59:56:5956 [31merror[39m: [31mRedis Connection Error:[39m
2026-06-09 21:59:58:5958 [31merror[39m: [31mRedis Connection Error:[39m
2026-06-09 22:00:00:00 [31merror[39m: [31m[WorkflowExecutor] Error running batch: [39m
[31mInvalid `prisma.workflowJob.findMany()` invocation in[39m
[31m/Users/maheshkumar/Kangqore/backend/src/jobs/WorkflowExecutor.ts:12:52[39m

[31m   9  */[39m
[31m  10 static async run() {[39m
[31m  11   try {[39m
[31m→ 12     const pendingJobs = await prisma.workflowJob.findMany([39m
[31mCan't reach database server at `localhost:5432`[39m

[31mPlease make sure your database server is running at `localhost:5432`.[39m
2026-06-09 22:00:00:00 [31merror[39m: [31mError in Meeting Reminder job [39m
[31mInvalid `prisma.scheduledEvent.findMany()` invocation in[39m
[31m/Users/maheshkumar/Kangqore/backend/src/jobs/CronManager.ts:106:57[39m

[31m  103 const now = new Date();[39m
[31m  104 [39m
[31m  105 // Find events that start within 23h45m – 24h15m (24h window, ±15 min)[39m
[31m→ 106 const upcoming24h = await prisma.scheduledEvent.findMany([39m
[31mCan't reach database server at `localhost:5432`[39m

[31mPlease make sure your database server is running at `localhost:5432`.[39m
2026-06-09 22:00:00:00 [31merror[39m: [31mRedis Connection Error:[39m
2026-06-09 22:00:02:02 [31merror[39m: [31mRedis Connection Error:[39m
2026-06-09 22:00:04:04 [31merror[39m: [31mRedis Connection Error:[39m
2026-06-09 22:00:06:06 [31merror[39m: [31mRedis Connection Error:[39m
2026-06-09 22:00:08:08 [31merror[39m: [31mRedis Connection Error:[39m
2026-06-09 22:00:10:010 [31merror[39m: [31mRedis Connection Error:[39m
2026-06-09 22:00:12:012 [31merror[39m: [31mRedis Connection Error:[39m
2026-06-09 22:00:14:014 [31merror[39m: [31mRedis Connection Error:[39m
2026-06-09 22:00:16:016 [31merror[39m: [31mRedis Connection Error:[39m
2026-06-09 22:00:18:018 [31merror[39m: [31mRedis Connection Error:[39m
2026-06-09 22:00:20:020 [31merror[39m: [31mRedis Connection Error:[39m
2026-06-09 22:00:22:022 [31merror[39m: [31mRedis Connection Error:[39m
2026-06-09 22:00:24:024 [31merror[39m: [31mRedis Connection Error:[39m
2026-06-09 22:00:26:026 [31merror[39m: [31mRedis Connection Error:[39m
2026-06-09 22:00:28:028 [31merror[39m: [31mRedis Connection Error:[39m
2026-06-09 22:00:30:030 [31merror[39m: [31mRedis Connection Error:[39m
2026-06-09 22:00:32:032 [31merror[39m: [31mRedis Connection Error:[39m
2026-06-09 22:00:34:034 [31merror[39m: [31mRedis Connection Error:[39m
2026-06-09 22:00:36:036 [31merror[39m: [31mRedis Connection Error:[39m
2026-06-09 22:00:38:038 [31merror[39m: [31mRedis Connection Error:[39m
2026-06-09 22:00:40:040 [31merror[39m: [31mRedis Connection Error:[39m
2026-06-09 22:00:42:042 [31merror[39m: [31mRedis Connection Error:[39m
2026-06-09 22:00:44:044 [31merror[39m: [31mRedis Connection Error:[39m
2026-06-09 22:00:46:046 [31merror[39m: [31mRedis Connection Error:[39m
2026-06-09 22:00:48:048 [31merror[39m: [31mRedis Connection Error:[39m
2026-06-09 22:00:50:050 [31merror[39m: [31mRedis Connection Error:[39m
2026-06-09 22:00:52:052 [31merror[39m: [31mRedis Connection Error:[39m
2026-06-09 22:00:54:054 [31merror[39m: [31mRedis Connection Error:[39m
2026-06-09 22:00:56:056 [31merror[39m: [31mRedis Connection Error:[39m
2026-06-09 22:00:58:058 [31merror[39m: [31mRedis Connection Error:[39m
2026-06-09 22:01:00:10 [31merror[39m: [31mRedis Connection Error:[39m
2026-06-09 22:01:02:12 [31merror[39m: [31mRedis Connection Error:[39m
2026-06-09 22:01:04:14 [31merror[39m: [31mRedis Connection Error:[39m
2026-06-09 22:01:06:16 [31merror[39m: [31mRedis Connection Error:[39m
2026-06-09 22:01:08:18 [31merror[39m: [31mRedis Connection Error:[39m
2026-06-09 22:01:10:110 [31merror[39m: [31mRedis Connection Error:[39m
2026-06-09 22:01:12:112 [31merror[39m: [31mRedis Connection Error:[39m
2026-06-09 22:01:14:114 [31merror[39m: [31mRedis Connection Error:[39m
2026-06-09 22:01:16:116 [31merror[39m: [31mRedis Connection Error:[39m
2026-06-09 22:01:18:118 [31merror[39m: [31mRedis Connection Error:[39m
2026-06-09 22:01:20:120 [31merror[39m: [31mRedis Connection Error:[39m
2026-06-09 22:01:22:122 [31merror[39m: [31mRedis Connection Error:[39m
2026-06-09 22:01:24:124 [31merror[39m: [31mRedis Connection Error:[39m
2026-06-09 22:01:26:126 [31merror[39m: [31mRedis Connection Error:[39m
2026-06-09 22:01:28:128 [31merror[39m: [31mRedis Connection Error:[39m
2026-06-09 22:01:30:130 [31merror[39m: [31mRedis Connection Error:[39m
2026-06-09 22:01:32:132 [31merror[39m: [31mRedis Connection Error:[39m
2026-06-09 22:01:34:134 [31merror[39m: [31mRedis Connection Error:[39m
2026-06-09 22:01:36:136 [31merror[39m: [31mRedis Connection Error:[39m
2026-06-09 22:01:38:138 [31merror[39m: [31mRedis Connection Error:[39m
2026-06-09 22:01:40:140 [31merror[39m: [31mRedis Connection Error:[39m
2026-06-09 22:01:42:142 [31merror[39m: [31mRedis Connection Error:[39m
2026-06-09 22:01:44:144 [31merror[39m: [31mRedis Connection Error:[39m
2026-06-09 22:01:46:146 [31merror[39m: [31mRedis Connection Error:[39m
2026-06-09 22:01:48:148 [31merror[39m: [31mRedis Connection Error:[39m
2026-06-09 22:01:50:150 [31merror[39m: [31mRedis Connection Error:[39m
2026-06-09 22:01:52:152 [31merror[39m: [31mRedis Connection Error:[39m
2026-06-09 22:01:54:154 [31merror[39m: [31mRedis Connection Error:[39m
2026-06-09 22:01:56:156 [31merror[39m: [31mRedis Connection Error:[39m
2026-06-09 22:01:58:158 [31merror[39m: [31mRedis Connection Error:[39m
2026-06-09 22:02:00:20 [31merror[39m: [31mRedis Connection Error:[39m
2026-06-09 22:02:02:22 [31merror[39m: [31mRedis Connection Error:[39m
2026-06-09 22:02:04:24 [31merror[39m: [31mRedis Connection Error:[39m
2026-06-09 22:02:06:26 [31merror[39m: [31mRedis Connection Error:[39m
2026-06-09 22:02:08:28 [31merror[39m: [31mRedis Connection Error:[39m
2026-06-09 22:02:10:210 [31merror[39m: [31mRedis Connection Error:[39m
2026-06-09 22:02:12:212 [31merror[39m: [31mRedis Connection Error:[39m
2026-06-09 22:02:14:214 [31merror[39m: [31mRedis Connection Error:[39m
2026-06-09 22:02:16:216 [31merror[39m: [31mRedis Connection Error:[39m
2026-06-09 22:02:18:218 [31merror[39m: [31mRedis Connection Error:[39m
2026-06-09 22:02:20:220 [31merror[39m: [31mRedis Connection Error:[39m
2026-06-09 22:02:22:222 [31merror[39m: [31mRedis Connection Error:[39m
2026-06-09 22:02:24:224 [31merror[39m: [31mRedis Connection Error:[39m
2026-06-09 22:02:26:226 [31merror[39m: [31mRedis Connection Error:[39m
2026-06-09 22:02:28:228 [31merror[39m: [31mRedis Connection Error:[39m
2026-06-09 22:02:30:230 [31merror[39m: [31mRedis Connection Error:[39m
2026-06-09 22:02:32:232 [31merror[39m: [31mRedis Connection Error:[39m
2026-06-09 22:02:34:234 [31merror[39m: [31mRedis Connection Error:[39m
2026-06-09 22:02:36:236 [31merror[39m: [31mRedis Connection Error:[39m
2026-06-09 22:02:38:238 [31merror[39m: [31mRedis Connection Error:[39m
2026-06-09 22:02:40:240 [31merror[39m: [31mRedis Connection Error:[39m
2026-06-09 22:02:42:242 [31merror[39m: [31mRedis Connection Error:[39m
2026-06-09 22:02:44:244 [31merror[39m: [31mRedis Connection Error:[39m
2026-06-09 22:02:46:246 [31merror[39m: [31mRedis Connection Error:[39m
2026-06-09 22:02:48:248 [31merror[39m: [31mRedis Connection Error:[39m
2026-06-09 22:02:50:250 [31merror[39m: [31mRedis Connection Error:[39m
2026-06-09 22:02:52:252 [31merror[39m: [31mRedis Connection Error:[39m
2026-06-09 22:02:54:254 [31merror[39m: [31mRedis Connection Error:[39m
2026-06-09 22:02:56:256 [31merror[39m: [31mRedis Connection Error:[39m
2026-06-09 22:02:58:258 [31merror[39m: [31mRedis Connection Error:[39m
2026-06-09 22:03:00:30 [31merror[39m: [31mRedis Connection Error:[39m
2026-06-09 22:03:02:32 [31merror[39m: [31mRedis Connection Error:[39m
2026-06-09 22:03:04:34 [31merror[39m: [31mRedis Connection Error:[39m
2026-06-09 22:03:06:36 [31merror[39m: [31mRedis Connection Error:[39m
2026-06-09 22:03:08:38 [31merror[39m: [31mRedis Connection Error:[39m
2026-06-09 22:03:10:310 [31merror[39m: [31mRedis Connection Error:[39m
2026-06-09 22:03:12:312 [31merror[39m: [31mRedis Connection Error:[39m
2026-06-09 22:03:14:314 [31merror[39m: [31mRedis Connection Error:[39m
2026-06-09 22:03:16:316 [31merror[39m: [31mRedis Connection Error:[39m
2026-06-09 22:03:18:318 [31merror[39m: [31mRedis Connection Error:[39m
2026-06-09 22:03:20:320 [31merror[39m: [31mRedis Connection Error:[39m
2026-06-09 22:03:22:322 [31merror[39m: [31mRedis Connection Error:[39m
2026-06-09 22:03:24:324 [31merror[39m: [31mRedis Connection Error:[39m
2026-06-09 22:03:26:326 [31merror[39m: [31mRedis Connection Error:[39m
2026-06-09 22:03:28:328 [31merror[39m: [31mRedis Connection Error:[39m
2026-06-09 22:03:30:330 [31merror[39m: [31mRedis Connection Error:[39m
2026-06-09 22:03:32:332 [31merror[39m: [31mRedis Connection Error:[39m
2026-06-09 22:03:34:334 [31merror[39m: [31mRedis Connection Error:[39m
2026-06-09 22:03:36:336 [31merror[39m: [31mRedis Connection Error:[39m
2026-06-09 22:03:38:338 [31merror[39m: [31mRedis Connection Error:[39m
2026-06-09 22:03:40:340 [31merror[39m: [31mRedis Connection Error:[39m
2026-06-09 22:03:42:342 [31merror[39m: [31mRedis Connection Error:[39m
2026-06-09 22:03:44:344 [31merror[39m: [31mRedis Connection Error:[39m
2026-06-09 22:03:46:346 [31merror[39m: [31mRedis Connection Error:[39m
2026-06-09 22:03:48:348 [31merror[39m: [31mRedis Connection Error:[39m
2026-06-09 22:03:50:350 [31merror[39m: [31mRedis Connection Error:[39m
2026-06-09 22:03:52:352 [31merror[39m: [31mRedis Connection Error:[39m
2026-06-09 22:03:54:354 [31merror[39m: [31mRedis Connection Error:[39m
2026-06-09 22:03:56:356 [31merror[39m: [31mRedis Connection Error:[39m
2026-06-09 22:03:58:358 [31merror[39m: [31mRedis Connection Error:[39m
2026-06-09 22:04:00:40 [31merror[39m: [31mRedis Connection Error:[39m
2026-06-09 22:04:02:42 [31merror[39m: [31mRedis Connection Error:[39m
2026-06-09 22:04:04:44 [31merror[39m: [31mRedis Connection Error:[39m
2026-06-09 22:04:06:46 [31merror[39m: [31mRedis Connection Error:[39m
2026-06-09 22:04:08:48 [31merror[39m: [31mRedis Connection Error:[39m
2026-06-09 22:04:10:410 [31merror[39m: [31mRedis Connection Error:[39m
2026-06-09 22:04:12:412 [31merror[39m: [31mRedis Connection Error:[39m
2026-06-09 22:04:14:414 [31merror[39m: [31mRedis Connection Error:[39m
2026-06-09 22:04:16:416 [31merror[39m: [31mRedis Connection Error:[39m
2026-06-09 22:04:18:418 [31merror[39m: [31mRedis Connection Error:[39m
2026-06-09 22:04:20:420 [31merror[39m: [31mRedis Connection Error:[39m
2026-06-09 22:04:22:422 [31merror[39m: [31mRedis Connection Error:[39m
2026-06-09 22:04:24:424 [31merror[39m: [31mRedis Connection Error:[39m
2026-06-09 22:04:26:426 [31merror[39m: [31mRedis Connection Error:[39m
2026-06-09 22:04:28:428 [31merror[39m: [31mRedis Connection Error:[39m
2026-06-09 22:04:30:430 [31merror[39m: [31mRedis Connection Error:[39m
2026-06-09 22:04:32:432 [31merror[39m: [31mRedis Connection Error:[39m
2026-06-09 22:04:34:434 [31merror[39m: [31mRedis Connection Error:[39m
2026-06-09 22:04:36:436 [31merror[39m: [31mRedis Connection Error:[39m
2026-06-09 22:04:38:438 [31merror[39m: [31mRedis Connection Error:[39m
2026-06-09 22:04:40:440 [31merror[39m: [31mRedis Connection Error:[39m
2026-06-09 22:04:42:442 [31merror[39m: [31mRedis Connection Error:[39m
2026-06-09 22:04:44:444 [31merror[39m: [31mRedis Connection Error:[39m
2026-06-09 22:04:46:446 [31merror[39m: [31mRedis Connection Error:[39m
2026-06-09 22:04:48:448 [31merror[39m: [31mRedis Connection Error:[39m
2026-06-09 22:04:50:450 [31merror[39m: [31mRedis Connection Error:[39m
2026-06-09 22:04:52:452 [31merror[39m: [31mRedis Connection Error:[39m
2026-06-09 22:04:54:454 [31merror[39m: [31mRedis Connection Error:[39m
2026-06-09 22:04:56:456 [31merror[39m: [31mRedis Connection Error:[39m
2026-06-09 22:04:58:458 [31merror[39m: [31mRedis Connection Error:[39m
2026-06-09 22:05:00:50 [31merror[39m: [31mRedis Connection Error:[39m
2026-06-09 22:05:02:52 [31merror[39m: [31mRedis Connection Error:[39m
2026-06-09 22:05:04:54 [31merror[39m: [31mRedis Connection Error:[39m
2026-06-09 22:05:06:56 [31merror[39m: [31mRedis Connection Error:[39m
2026-06-09 22:05:08:58 [31merror[39m: [31mRedis Connection Error:[39m
2026-06-09 22:05:10:510 [31merror[39m: [31mRedis Connection Error:[39m
2026-06-09 22:05:12:512 [31merror[39m: [31mRedis Connection Error:[39m
2026-06-09 22:05:14:514 [31merror[39m: [31mRedis Connection Error:[39m
2026-06-09 22:05:16:516 [31merror[39m: [31mRedis Connection Error:[39m
2026-06-09 22:05:18:518 [31merror[39m: [31mRedis Connection Error:[39m
2026-06-09 22:05:20:520 [31merror[39m: [31mRedis Connection Error:[39m
2026-06-09 22:05:22:522 [31merror[39m: [31mRedis Connection Error:[39m
2026-06-09 22:05:24:524 [31merror[39m: [31mRedis Connection Error:[39m
2026-06-09 22:05:26:526 [31merror[39m: [31mRedis Connection Error:[39m
2026-06-09 22:05:28:528 [31merror[39m: [31mRedis Connection Error:[39m
2026-06-09 22:05:30:530 [31merror[39m: [31mRedis Connection Error:[39m
2026-06-09 22:05:32:532 [31merror[39m: [31mRedis Connection Error:[39m
2026-06-09 22:05:34:534 [31merror[39m: [31mRedis Connection Error:[39m
2026-06-09 22:05:36:536 [31merror[39m: [31mRedis Connection Error:[39m
2026-06-09 22:05:38:538 [31merror[39m: [31mRedis Connection Error:[39m
2026-06-09 22:05:40:540 [31merror[39m: [31mRedis Connection Error:[39m
2026-06-09 22:05:42:542 [31merror[39m: [31mRedis Connection Error:[39m
2026-06-09 22:05:44:544 [31merror[39m: [31mRedis Connection Error:[39m
2026-06-09 22:05:46:546 [31merror[39m: [31mRedis Connection Error:[39m
2026-06-09 22:05:48:548 [31merror[39m: [31mRedis Connection Error:[39m
2026-06-09 22:05:50:550 [31merror[39m: [31mRedis Connection Error:[39m
2026-06-09 22:05:52:552 [31merror[39m: [31mRedis Connection Error:[39m
2026-06-09 22:05:54:554 [31merror[39m: [31mRedis Connection Error:[39m
2026-06-09 22:05:56:556 [31merror[39m: [31mRedis Connection Error:[39m
2026-06-09 22:05:58:558 [31merror[39m: [31mRedis Connection Error:[39m
2026-06-09 22:06:00:60 [31merror[39m: [31mRedis Connection Error:[39m
2026-06-09 22:06:02:62 [31merror[39m: [31mRedis Connection Error:[39m
2026-06-09 22:06:04:64 [31merror[39m: [31mRedis Connection Error:[39m
2026-06-09 22:06:06:66 [31merror[39m: [31mRedis Connection Error:[39m
2026-06-09 22:06:08:68 [31merror[39m: [31mRedis Connection Error:[39m
2026-06-09 22:06:10:610 [31merror[39m: [31mRedis Connection Error:[39m
2026-06-09 22:06:12:612 [31merror[39m: [31mRedis Connection Error:[39m
2026-06-09 22:06:14:614 [31merror[39m: [31mRedis Connection Error:[39m
2026-06-09 22:06:16:616 [31merror[39m: [31mRedis Connection Error:[39m
2026-06-09 22:06:18:618 [31merror[39m: [31mRedis Connection Error:[39m
2026-06-09 22:06:20:620 [31merror[39m: [31mRedis Connection Error:[39m
2026-06-09 22:06:22:622 [31merror[39m: [31mRedis Connection Error:[39m
2026-06-09 22:06:24:624 [31merror[39m: [31mRedis Connection Error:[39m
2026-06-09 22:06:26:626 [31merror[39m: [31mRedis Connection Error:[39m
2026-06-09 22:06:28:628 [31merror[39m: [31mRedis Connection Error:[39m
2026-06-09 22:06:30:630 [31merror[39m: [31mRedis Connection Error:[39m
2026-06-09 22:06:32:632 [31merror[39m: [31mRedis Connection Error:[39m
2026-06-09 22:06:34:634 [31merror[39m: [31mRedis Connection Error:[39m
2026-06-09 22:06:36:636 [31merror[39m: [31mRedis Connection Error:[39m
2026-06-09 22:06:38:638 [31merror[39m: [31mRedis Connection Error:[39m
2026-06-09 22:06:40:640 [31merror[39m: [31mRedis Connection Error:[39m
2026-06-09 22:06:42:642 [31merror[39m: [31mRedis Connection Error:[39m
2026-06-09 22:06:44:644 [31merror[39m: [31mRedis Connection Error:[39m
2026-06-09 22:06:46:646 [31merror[39m: [31mRedis Connection Error:[39m
2026-06-09 22:06:48:648 [31merror[39m: [31mRedis Connection Error:[39m
2026-06-09 22:06:50:650 [31merror[39m: [31mRedis Connection Error:[39m
2026-06-09 22:06:52:652 [31merror[39m: [31mRedis Connection Error:[39m
2026-06-09 22:06:54:654 [31merror[39m: [31mRedis Connection Error:[39m
2026-06-09 22:06:56:656 [31merror[39m: [31mRedis Connection Error:[39m
2026-06-09 22:06:58:658 [31merror[39m: [31mRedis Connection Error:[39m
2026-06-09 22:07:00:70 [31merror[39m: [31mRedis Connection Error:[39m
2026-06-09 22:07:02:72 [31merror[39m: [31mRedis Connection Error:[39m
2026-06-09 22:07:04:74 [31merror[39m: [31mRedis Connection Error:[39m
2026-06-09 22:07:06:76 [31merror[39m: [31mRedis Connection Error:[39m
2026-06-09 22:07:08:78 [31merror[39m: [31mRedis Connection Error:[39m
2026-06-09 22:07:10:710 [31merror[39m: [31mRedis Connection Error:[39m
2026-06-09 22:07:12:712 [31merror[39m: [31mRedis Connection Error:[39m
2026-06-09 22:07:14:714 [31merror[39m: [31mRedis Connection Error:[39m
2026-06-09 22:07:16:716 [31merror[39m: [31mRedis Connection Error:[39m
2026-06-09 22:07:18:718 [31merror[39m: [31mRedis Connection Error:[39m
2026-06-09 22:07:20:720 [31merror[39m: [31mRedis Connection Error:[39m
2026-06-09 22:07:22:722 [31merror[39m: [31mRedis Connection Error:[39m
2026-06-09 22:07:24:724 [31merror[39m: [31mRedis Connection Error:[39m
2026-06-09 22:07:26:726 [31merror[39m: [31mRedis Connection Error:[39m
2026-06-09 22:07:28:728 [31merror[39m: [31mRedis Connection Error:[39m
2026-06-09 22:07:30:730 [31merror[39m: [31mRedis Connection Error:[39m
2026-06-09 22:07:32:732 [31merror[39m: [31mRedis Connection Error:[39m
2026-06-09 22:07:34:734 [31merror[39m: [31mRedis Connection Error:[39m
2026-06-09 22:07:36:736 [31merror[39m: [31mRedis Connection Error:[39m
2026-06-09 22:07:38:738 [31merror[39m: [31mRedis Connection Error:[39m
2026-06-09 22:07:40:740 [31merror[39m: [31mRedis Connection Error:[39m
2026-06-09 22:07:42:742 [31merror[39m: [31mRedis Connection Error:[39m
2026-06-09 22:07:44:744 [31merror[39m: [31mRedis Connection Error:[39m
2026-06-09 22:07:46:746 [31merror[39m: [31mRedis Connection Error:[39m
2026-06-09 22:07:48:748 [31merror[39m: [31mRedis Connection Error:[39m
2026-06-09 22:07:51:751 [31merror[39m: [31mRedis Connection Error:[39m
2026-06-09 22:07:53:753 [31merror[39m: [31mRedis Connection Error:[39m
2026-06-09 22:07:55:755 [31merror[39m: [31mRedis Connection Error:[39m
2026-06-09 22:07:57:757 [31merror[39m: [31mRedis Connection Error:[39m
2026-06-09 22:07:59:759 [31merror[39m: [31mRedis Connection Error:[39m
2026-06-09 22:08:01:81 [31merror[39m: [31mRedis Connection Error:[39m
2026-06-09 22:08:03:83 [31merror[39m: [31mRedis Connection Error:[39m
2026-06-09 22:08:05:85 [31merror[39m: [31mRedis Connection Error:[39m
2026-06-09 22:08:07:87 [31merror[39m: [31mRedis Connection Error:[39m
2026-06-09 22:08:09:89 [31merror[39m: [31mRedis Connection Error:[39m
2026-06-09 22:08:11:811 [31merror[39m: [31mRedis Connection Error:[39m
2026-06-09 22:08:13:813 [31merror[39m: [31mRedis Connection Error:[39m
2026-06-09 22:08:15:815 [31merror[39m: [31mRedis Connection Error:[39m
2026-06-09 22:08:17:817 [31merror[39m: [31mRedis Connection Error:[39m
2026-06-09 22:08:19:819 [31merror[39m: [31mRedis Connection Error:[39m
2026-06-09 22:08:21:821 [31merror[39m: [31mRedis Connection Error:[39m
2026-06-09 22:08:23:823 [31merror[39m: [31mRedis Connection Error:[39m
2026-06-09 22:08:25:825 [31merror[39m: [31mRedis Connection Error:[39m
2026-06-09 22:08:27:827 [31merror[39m: [31mRedis Connection Error:[39m
2026-06-09 22:08:29:829 [31merror[39m: [31mRedis Connection Error:[39m
2026-06-09 22:08:31:831 [31merror[39m: [31mRedis Connection Error:[39m
2026-06-09 22:08:33:833 [31merror[39m: [31mRedis Connection Error:[39m
2026-06-09 22:08:35:835 [31merror[39m: [31mRedis Connection Error:[39m
2026-06-09 22:08:37:837 [31merror[39m: [31mRedis Connection Error:[39m
2026-06-09 22:08:39:839 [31merror[39m: [31mRedis Connection Error:[39m
2026-06-09 22:08:41:841 [31merror[39m: [31mRedis Connection Error:[39m
2026-06-09 22:08:43:843 [31merror[39m: [31mRedis Connection Error:[39m
2026-06-09 22:08:45:845 [31merror[39m: [31mRedis Connection Error:[39m
2026-06-09 22:08:47:847 [31merror[39m: [31mRedis Connection Error:[39m
2026-06-09 22:08:49:849 [31merror[39m: [31mRedis Connection Error:[39m
2026-06-09 22:08:51:851 [31merror[39m: [31mRedis Connection Error:[39m
2026-06-09 22:08:53:853 [31merror[39m: [31mRedis Connection Error:[39m
2026-06-09 22:08:55:855 [31merror[39m: [31mRedis Connection Error:[39m
2026-06-09 22:08:57:857 [31merror[39m: [31mRedis Connection Error:[39m
2026-06-09 22:08:59:859 [31merror[39m: [31mRedis Connection Error:[39m
2026-06-09 22:09:01:91 [31merror[39m: [31mRedis Connection Error:[39m
2026-06-09 22:09:03:93 [31merror[39m: [31mRedis Connection Error:[39m
2026-06-09 22:09:05:95 [31merror[39m: [31mRedis Connection Error:[39m
2026-06-09 22:09:07:97 [31merror[39m: [31mRedis Connection Error:[39m
2026-06-09 22:09:09:99 [31merror[39m: [31mRedis Connection Error:[39m
2026-06-09 22:09:11:911 [31merror[39m: [31mRedis Connection Error:[39m
2026-06-09 22:09:13:913 [31merror[39m: [31mRedis Connection Error:[39m
2026-06-09 22:09:15:915 [32minfo[39m: [32mConnected to Redis for eQORE Queues[39m
